symbol,signal_ms,signal_iso,entry_ms,entry_iso,exit_ms,exit_iso,tclass,side,entry,stop,target,exit_price,exit_reason,R,ambiguous
TRBUSDT,1642435199999,2022-01-17T15:59:59.999000Z,1642435200000,2022-01-17T16:00:00Z,1642462199999,2022-01-17T23:29:59.999000Z,NORMAL,SHORT,28.889,29.281000000000002,27.987399999999994,28.84,SESSION,0.12499999999999774,False
AAVEUSDT,1642438799999,2022-01-17T16:59:59.999000Z,1642438800000,2022-01-17T17:00:00Z,1642447799999,2022-01-17T19:29:59.999000Z,NORMAL,SHORT,223.409,226.501,216.29739999999995,226.501,SL,-1.0,False
BCHUSDT,1642438799999,2022-01-17T16:59:59.999000Z,1642438800000,2022-01-17T17:00:00Z,1642445999999,2022-01-17T18:59:59.999000Z,NORMAL,SHORT,376.0,378.04,371.30799999999994,378.04,SL,-1.0,False
XRPUSDT,1642438799999,2022-01-17T16:59:59.999000Z,1642438800000,2022-01-17T17:00:00Z,1642442399999,2022-01-17T17:59:59.999000Z,NORMAL,SHORT,0.7523000000000001,0.7564000000000001,0.7428700000000001,0.7564000000000001,SL,-1.0,False
LTCUSDT,1642494599999,2022-01-18T08:29:59.999000Z,1642494600000,2022-01-18T08:30:00Z,1642541399999,2022-01-18T21:29:59.999000Z,NORMAL,SHORT,143.82000000000002,146.14,138.4840000000001,142.19,EMA,0.7025862068965727,False
KNCUSDT,1642672799999,2022-01-20T09:59:59.999000Z,1642672800000,2022-01-20T10:00:00Z,1642676399999,2022-01-20T10:59:59.999000Z,NORMAL,LONG,1.5800100000000001,1.56999,1.6030560000000005,1.56999,SL,-1.0,False
UNIUSDT,1642688999999,2022-01-20T14:29:59.999000Z,1642689000000,2022-01-20T14:30:00Z,1642706999999,2022-01-20T19:29:59.999000Z,NORMAL,LONG,15.927100000000001,15.7909,16.240360000000003,15.7909,SL,-1.0,False
LINKUSDT,1642690799999,2022-01-20T14:59:59.999000Z,1642690800000,2022-01-20T15:00:00Z,1642696199999,2022-01-20T16:29:59.999000Z,NORMAL,LONG,22.837000000000003,22.518,23.57070000000001,22.518,SL,-1.0,False
QTUMUSDT,1643011199999,2022-01-24T07:59:59.999000Z,1643011200000,2022-01-24T08:00:00Z,1643014799999,2022-01-24T08:59:59.999000Z,NORMAL,SHORT,5.401,5.4990000000000006,5.175599999999998,5.4990000000000006,SL,-1.0,False
ZENUSDT,1643011199999,2022-01-24T07:59:59.999000Z,1643011200000,2022-01-24T08:00:00Z,1643014799999,2022-01-24T08:59:59.999000Z,NORMAL,SHORT,32.675000000000004,33.387,31.037400000000012,33.387,SL,-1.0,False
ETCUSDT,1643018399999,2022-01-24T09:59:59.999000Z,1643018400000,2022-01-24T10:00:00Z,1643029199999,2022-01-24T12:59:59.999000Z,NORMAL,SHORT,23.073999999999998,23.542,21.99759999999999,21.99759999999999,TP,2.3,False
SNXUSDT,1643646599999,2022-01-31T16:29:59.999000Z,1643646600000,2022-01-31T16:30:00Z,1643671799999,2022-01-31T23:29:59.999000Z,NORMAL,LONG,5.66,5.5169999999999995,5.988900000000002,5.75,SESSION,0.6293706293706254,False
ADAUSDT,1643705999999,2022-02-01T08:59:59.999000Z,1643706000000,2022-02-01T09:00:00Z,1643707799999,2022-02-01T09:29:59.999000Z,NORMAL,LONG,1.0620100000000001,1.05589,1.0760860000000003,1.05589,SL,-1.0,False
DOGEUSDT,1643705999999,2022-02-01T08:59:59.999000Z,1643706000000,2022-02-01T09:00:00Z,1643707799999,2022-02-01T09:29:59.999000Z,NORMAL,LONG,0.142971,0.142419,0.14424059999999997,0.14424059999999997,AMBIG->SL,-1.0,True
LTCUSDT,1643705999999,2022-02-01T08:59:59.999000Z,1643706000000,2022-02-01T09:00:00Z,1643709599999,2022-02-01T09:59:59.999000Z,NORMAL,LONG,111.39,110.78,112.793,110.78,SL,-1.0,False
ETCUSDT,1644829199999,2022-02-14T08:59:59.999000Z,1644829200000,2022-02-14T09:00:00Z,1644843599999,2022-02-14T12:59:59.999000Z,NORMAL,SHORT,31.335,31.751,30.3782,31.751,SL,-1.0,False
DOTUSDT,1644911999999,2022-02-15T07:59:59.999000Z,1644912000000,2022-02-15T08:00:00Z,1644920999999,2022-02-15T10:29:59.999000Z,NORMAL,LONG,19.394000000000002,19.239,19.750500000000006,19.750500000000006,TP,2.3,False
ETHUSDT,1644911999999,2022-02-15T07:59:59.999000Z,1644912000000,2022-02-15T08:00:00Z,1644935399999,2022-02-15T14:29:59.999000Z,NORMAL,LONG,3059.9500000000003,3033.0299999999997,3121.8660000000013,3121.8660000000013,TP,2.3,False
MKRUSDT,1644911999999,2022-02-15T07:59:59.999000Z,1644912000000,2022-02-15T08:00:00Z,1644915599999,2022-02-15T08:59:59.999000Z,NORMAL,LONG,1993.91,1984.29,2016.0360000000003,2016.0360000000003,TP,2.3,False
1000SHIBUSDT,1644913799999,2022-02-15T08:29:59.999000Z,1644913800000,2022-02-15T08:30:00Z,1644929999999,2022-02-15T12:59:59.999000Z,NORMAL,LONG,0.031287999999999996,0.030832,0.03233679999999999,0.030832,SL,-1.0,False
DASHUSDT,1644913799999,2022-02-15T08:29:59.999000Z,1644913800000,2022-02-15T08:30:00Z,1644960599999,2022-02-15T21:29:59.999000Z,NORMAL,LONG,107.50000000000001,106.53,109.73100000000005,107.51,EMA,0.010309278350505949,False
DOGEUSDT,1644913799999,2022-02-15T08:29:59.999000Z,1644913800000,2022-02-15T08:30:00Z,1644938999999,2022-02-15T15:29:59.999000Z,NORMAL,LONG,0.14996099999999998,0.148779,0.15267959999999997,0.148779,SL,-1.0,False
LINKUSDT,1644913799999,2022-02-15T08:29:59.999000Z,1644913800000,2022-02-15T08:30:00Z,1644940799999,2022-02-15T15:59:59.999000Z,NORMAL,LONG,16.587000000000003,16.395,17.02860000000001,17.02860000000001,TP,2.3,False
XLMUSDT,1644913799999,2022-02-15T08:29:59.999000Z,1644913800000,2022-02-15T08:30:00Z,1644947999999,2022-02-15T17:59:59.999000Z,NORMAL,LONG,0.21701000000000004,0.21527000000000002,0.22101200000000007,0.2169,EMA,-0.06321839080461238,False
ADAUSDT,1644920999999,2022-02-15T10:29:59.999000Z,1644921000000,2022-02-15T10:30:00Z,1644929999999,2022-02-15T12:59:59.999000Z,NORMAL,LONG,1.0914100000000002,1.08199,1.1130760000000006,1.08199,SL,-1.0,False
UNIUSDT,1644920999999,2022-02-15T10:29:59.999000Z,1644921000000,2022-02-15T10:30:00Z,1644926399999,2022-02-15T11:59:59.999000Z,NORMAL,LONG,11.0831,11.0129,11.24456,11.0129,SL,-1.0,False
ZECUSDT,1645021799999,2022-02-16T14:29:59.999000Z,1645021800000,2022-02-16T14:30:00Z,1645027199999,2022-02-16T15:59:59.999000Z,NORMAL,SHORT,119.86999999999999,121.23,116.74199999999996,121.23,SL,-1.0,False
BAKEUSDT,1645088399999,2022-02-17T08:59:59.999000Z,1645088400000,2022-02-17T09:00:00Z,1645109999999,2022-02-17T14:59:59.999000Z,NORMAL,SHORT,0.7119000000000001,0.722,0.6886700000000003,0.6886700000000003,TP,2.3,False
AAVEUSDT,1645108199999,2022-02-17T14:29:59.999000Z,1645108200000,2022-02-17T14:30:00Z,1645122599999,2022-02-17T18:29:59.999000Z,NORMAL,SHORT,160.869,162.871,156.26439999999997,156.26439999999997,TP,2.3,False
ETCUSDT,1645108199999,2022-02-17T14:29:59.999000Z,1645108200000,2022-02-17T14:30:00Z,1645115399999,2022-02-17T16:29:59.999000Z,NORMAL,SHORT,30.842,31.141000000000002,30.154299999999992,31.141000000000002,SL,-1.0,False
ETCUSDT,1645199999999,2022-02-18T15:59:59.999000Z,1645200000000,2022-02-18T16:00:00Z,1645210799999,2022-02-18T18:59:59.999000Z,NORMAL,SHORT,28.561999999999998,29.107000000000003,27.308499999999984,29.107000000000003,SL,-1.0,False
XLMUSDT,1645199999999,2022-02-18T15:59:59.999000Z,1645200000000,2022-02-18T16:00:00Z,1645226999999,2022-02-18T23:29:59.999000Z,NORMAL,SHORT,0.19822,0.20031000000000002,0.193413,0.20031000000000002,SL,-1.0,False
BNBUSDT,1645203599999,2022-02-18T16:59:59.999000Z,1645203600000,2022-02-18T17:00:00Z,1645214399999,2022-02-18T19:59:59.999000Z,NORMAL,SHORT,395.509,399.58099999999996,386.14340000000016,399.58099999999996,SL,-1.0,False
COTIUSDT,1645203599999,2022-02-18T16:59:59.999000Z,1645203600000,2022-02-18T17:00:00Z,1645226999999,2022-02-18T23:29:59.999000Z,NORMAL,SHORT,0.24787,0.25292000000000003,0.23625499999999994,0.24665,SESSION,0.24158415841584008,False
LPTUSDT,1645203599999,2022-02-18T16:59:59.999000Z,1645203600000,2022-02-18T17:00:00Z,1645205399999,2022-02-18T17:29:59.999000Z,NORMAL,SHORT,24.971999999999998,25.332,24.14399999999999,25.332,SL,-1.0,False
ZECUSDT,1645203599999,2022-02-18T16:59:59.999000Z,1645203600000,2022-02-18T17:00:00Z,1645226999999,2022-02-18T23:29:59.999000Z,NORMAL,SHORT,109.56,112.08000000000001,103.76399999999998,109.35,SESSION,0.08333333333333616,False
AVAXUSDT,1645428599999,2022-02-21T07:29:59.999000Z,1645428600000,2022-02-21T07:30:00Z,1645433999999,2022-02-21T08:59:59.999000Z,NORMAL,LONG,82.2201,80.9399,85.16456000000002,80.9399,SL,-1.0,False
COTIUSDT,1645428599999,2022-02-21T07:29:59.999000Z,1645428600000,2022-02-21T07:30:00Z,1645439399999,2022-02-21T10:29:59.999000Z,NORMAL,LONG,0.23122000000000004,0.22821,0.23814300000000013,0.22821,SL,-1.0,False
NEARUSDT,1645428599999,2022-02-21T07:29:59.999000Z,1645428600000,2022-02-21T07:30:00Z,1645437599999,2022-02-21T09:59:59.999000Z,NORMAL,LONG,9.7901,9.6179,10.186160000000001,9.6179,SL,-1.0,False
SANDUSDT,1645428599999,2022-02-21T07:29:59.999000Z,1645428600000,2022-02-21T07:30:00Z,1645433999999,2022-02-21T08:59:59.999000Z,NORMAL,LONG,3.39421,3.33759,3.5244360000000006,3.33759,SL,-1.0,False
COTIUSDT,1645603199999,2022-02-23T07:59:59.999000Z,1645603200000,2022-02-23T08:00:00Z,1645621199999,2022-02-23T12:59:59.999000Z,NORMAL,LONG,0.22246000000000002,0.21948,0.22931400000000005,0.22931400000000005,TP,2.3,False
ETHUSDT,1645603199999,2022-02-23T07:59:59.999000Z,1645603200000,2022-02-23T08:00:00Z,1645630199999,2022-02-23T15:29:59.999000Z,NORMAL,LONG,2697.3100000000004,2664.5099999999998,2772.750000000002,2686.67,EMA,-0.3243902439024427,False
MASKUSDT,1645603199999,2022-02-23T07:59:59.999000Z,1645603200000,2022-02-23T08:00:00Z,1645628399999,2022-02-23T14:59:59.999000Z,NORMAL,LONG,4.5361,4.4659,4.69756,4.527,EMA,-0.1296296296296315,False
MKRUSDT,1645603199999,2022-02-23T07:59:59.999000Z,1645603200000,2022-02-23T08:00:00Z,1645631999999,2022-02-23T15:59:59.999000Z,NORMAL,LONG,1846.01,1824.79,1894.816,1833.6,EMA,-0.5848256361922746,False
XLMUSDT,1645603199999,2022-02-23T07:59:59.999000Z,1645603200000,2022-02-23T08:00:00Z,1645608599999,2022-02-23T09:29:59.999000Z,NORMAL,LONG,0.18835000000000002,0.1862,0.19329500000000005,0.19329500000000005,TP,2.3,False
SANDUSDT,1645608599999,2022-02-23T09:29:59.999000Z,1645608600000,2022-02-23T09:30:00Z,1645613999999,2022-02-23T10:59:59.999000Z,NORMAL,LONG,3.2893100000000004,3.24779,3.384806000000001,3.24779,SL,-1.0,False
XRPUSDT,1645608599999,2022-02-23T09:29:59.999000Z,1645608600000,2022-02-23T09:30:00Z,1645628399999,2022-02-23T14:59:59.999000Z,NORMAL,LONG,0.7332000000000001,0.7253000000000001,0.7513700000000001,0.7253000000000001,SL,-1.0,False
AXSUSDT,1645808399999,2022-02-25T16:59:59.999000Z,1645808400000,2022-02-25T17:00:00Z,1645815599999,2022-02-25T18:59:59.999000Z,NORMAL,LONG,50.04001000000001,49.39999,51.51205600000002,49.39999,SL,-1.0,False
HBARUSDT,1645808399999,2022-02-25T16:59:59.999000Z,1645808400000,2022-02-25T17:00:00Z,1645810199999,2022-02-25T17:29:59.999000Z,NORMAL,LONG,0.22506000000000004,0.22322,0.2292920000000001,0.22322,SL,-1.0,False
LITUSDT,1646121599999,2022-03-01T07:59:59.999000Z,1646121600000,2022-03-01T08:00:00Z,1646130599999,2022-03-01T10:29:59.999000Z,NORMAL,LONG,1.516,1.493,1.5688999999999997,1.493,SL,-1.0,False
SOLUSDT,1647588599999,2022-03-18T07:29:59.999000Z,1647588600000,2022-03-18T07:30:00Z,1647613799999,2022-03-18T14:29:59.999000Z,T+1,SHORT,85.8899,86.6901,84.04943999999999,86.23,EMA,-0.425018745313678,False
ADAUSDT,1647860399999,2022-03-21T10:59:59.999000Z,1647860400000,2022-03-21T11:00:00Z,1647867599999,2022-03-21T12:59:59.999000Z,NORMAL,LONG,0.89971,0.8905900000000001,0.9206859999999998,0.8905900000000001,SL,-1.0,False
LPTUSDT,1647937799999,2022-03-22T08:29:59.999000Z,1647937800000,2022-03-22T08:30:00Z,1647961199999,2022-03-22T14:59:59.999000Z,NORMAL,LONG,27.814,27.489,28.5615,28.5615,TP,2.3,False
SKLUSDT,1647941399999,2022-03-22T09:29:59.999000Z,1647941400000,2022-03-22T09:30:00Z,1647952199999,2022-03-22T12:29:59.999000Z,NORMAL,LONG,0.13751000000000002,0.13569,0.14169600000000004,0.13569,SL,-1.0,False
TRBUSDT,1647959399999,2022-03-22T14:29:59.999000Z,1647959400000,2022-03-22T14:30:00Z,1647962999999,2022-03-22T15:29:59.999000Z,NORMAL,LONG,21.261000000000003,21.038999999999998,21.771600000000014,21.038999999999998,SL,-1.0,False
PEOPLEUSDT,1647961199999,2022-03-22T14:59:59.999000Z,1647961200000,2022-03-22T15:00:00Z,1647966599999,2022-03-22T16:29:59.999000Z,NORMAL,LONG,0.0675,0.06649000000000001,0.069823,0.06649000000000001,SL,-1.0,False
DASHUSDT,1648049399999,2022-03-23T15:29:59.999000Z,1648049400000,2022-03-23T15:30:00Z,1648052999999,2022-03-23T16:29:59.999000Z,NORMAL,LONG,136.35,134.70000000000002,140.14499999999995,134.70000000000002,SL,-1.0,False
XMRUSDT,1648110599999,2022-03-24T08:29:59.999000Z,1648110600000,2022-03-24T08:30:00Z,1648117799999,2022-03-24T10:29:59.999000Z,NORMAL,LONG,197.94,196.84,200.46999999999997,200.46999999999997,TP,2.3,False
AAVEUSDT,1648202399999,2022-03-25T09:59:59.999000Z,1648202400000,2022-03-25T10:00:00Z,1648211399999,2022-03-25T12:29:59.999000Z,NORMAL,LONG,173.431,170.809,179.46160000000003,170.809,SL,-1.0,False
AVAXUSDT,1648479599999,2022-03-28T14:59:59.999000Z,1648479600000,2022-03-28T15:00:00Z,1648484999999,2022-03-28T16:29:59.999000Z,NORMAL,LONG,93.87010000000001,92.5399,96.92956000000002,92.5399,SL,-1.0,False
SNXUSDT,1649152799999,2022-04-05T09:59:59.999000Z,1649152800000,2022-04-05T10:00:00Z,1649158199999,2022-04-05T11:29:59.999000Z,NORMAL,SHORT,6.7299999999999995,6.813000000000001,6.539099999999997,6.813000000000001,SL,-1.0,False
BCHUSDT,1649257199999,2022-04-06T14:59:59.999000Z,1649257200000,2022-04-06T15:00:00Z,1649269799999,2022-04-06T18:29:59.999000Z,NORMAL,SHORT,344.29,347.21,337.5740000000001,347.21,SL,-1.0,False
CRVUSDT,1649257199999,2022-04-06T14:59:59.999000Z,1649257200000,2022-04-06T15:00:00Z,1649269799999,2022-04-06T18:29:59.999000Z,NORMAL,SHORT,2.615,2.654,2.525300000000001,2.525300000000001,TP,2.3,False
DOTUSDT,1649257199999,2022-04-06T14:59:59.999000Z,1649257200000,2022-04-06T15:00:00Z,1649260799999,2022-04-06T15:59:59.999000Z,NORMAL,SHORT,20.557,20.754,20.103899999999992,20.103899999999992,TP,2.3,False
ETHUSDT,1649258999999,2022-04-06T15:29:59.999000Z,1649259000000,2022-04-06T15:30:00Z,1649260799999,2022-04-06T15:59:59.999000Z,NORMAL,SHORT,3222.14,3260.01,3135.038999999999,3260.01,SL,-1.0,False
FILUSDT,1649258999999,2022-04-06T15:29:59.999000Z,1649259000000,2022-04-06T15:30:00Z,1649269799999,2022-04-06T18:29:59.999000Z,NORMAL,SHORT,23.089,23.545,22.04019999999999,22.04019999999999,TP,2.3,False
ONTUSDT,1649258999999,2022-04-06T15:29:59.999000Z,1649259000000,2022-04-06T15:30:00Z,1649287799999,2022-04-06T23:29:59.999000Z,NORMAL,SHORT,0.5678000000000001,0.5770000000000001,0.5466400000000001,0.5607,SESSION,0.7717391304347954,False
SANDUSDT,1649258999999,2022-04-06T15:29:59.999000Z,1649259000000,2022-04-06T15:30:00Z,1649262599999,2022-04-06T16:29:59.999000Z,NORMAL,SHORT,3.0150900000000003,3.0671100000000004,2.895444,3.0671100000000004,SL,-1.0,False
XRPUSDT,1649258999999,2022-04-06T15:29:59.999000Z,1649259000000,2022-04-06T15:30:00Z,1649262599999,2022-04-06T16:29:59.999000Z,NORMAL,SHORT,0.7719,0.7809,0.7512,0.7809,SL,-1.0,False
QTUMUSDT,1649262599999,2022-04-06T16:29:59.999000Z,1649262600000,2022-04-06T16:30:00Z,1649269799999,2022-04-06T18:29:59.999000Z,NORMAL,SHORT,6.986,7.143000000000001,6.624899999999998,7.143000000000001,SL,-1.0,False
AAVEUSDT,1649408399999,2022-04-08T08:59:59.999000Z,1649408400000,2022-04-08T09:00:00Z,1649422799999,2022-04-08T12:59:59.999000Z,NORMAL,SHORT,196.009,198.14100000000002,191.10539999999992,191.10539999999992,TP,2.3,False
FILUSDT,1650272399999,2022-04-18T08:59:59.999000Z,1650272400000,2022-04-18T09:00:00Z,1650275999999,2022-04-18T09:59:59.999000Z,NORMAL,SHORT,18.735,18.918000000000003,18.314099999999993,18.918000000000003,SL,-1.0,False
BNBUSDT,1650355199999,2022-04-19T07:59:59.999000Z,1650355200000,2022-04-19T08:00:00Z,1650362399999,2022-04-19T09:59:59.999000Z,NORMAL,LONG,422.341,419.40900000000005,429.0845999999999,419.40900000000005,SL,-1.0,False
AAVEUSDT,1650365999999,2022-04-19T10:59:59.999000Z,1650366000000,2022-04-19T11:00:00Z,1650369599999,2022-04-19T11:59:59.999000Z,NORMAL,LONG,172.191,170.149,176.88760000000002,170.149,SL,-1.0,False
1000SHIBUSDT,1650443399999,2022-04-20T08:29:59.999000Z,1650443400000,2022-04-20T08:30:00Z,1650455999999,2022-04-20T11:59:59.999000Z,NORMAL,LONG,0.025496,0.025387999999999997,0.02574440000000001,0.02574440000000001,TP,2.3,False
LINKUSDT,1650443399999,2022-04-20T08:29:59.999000Z,1650443400000,2022-04-20T08:30:00Z,1650450599999,2022-04-20T10:29:59.999000Z,NORMAL,LONG,14.35,14.257000000000001,14.563899999999995,14.257000000000001,SL,-1.0,False
SNXUSDT,1650616199999,2022-04-22T08:29:59.999000Z,1650616200000,2022-04-22T08:30:00Z,1650670199999,2022-04-22T23:29:59.999000Z,NORMAL,SHORT,5.702,5.841,5.382299999999999,5.455,SESSION,1.7769784172661833,False
AVAXUSDT,1650639599999,2022-04-22T14:59:59.999000Z,1650639600000,2022-04-22T15:00:00Z,1650641399999,2022-04-22T15:29:59.999000Z,NORMAL,SHORT,73.7999,74.4701,72.25843999999998,74.4701,SL,-1.0,False
AVAXUSDT,1650643199999,2022-04-22T15:59:59.999000Z,1650643200000,2022-04-22T16:00:00Z,1650644999999,2022-04-22T16:29:59.999000Z,NORMAL,SHORT,73.4999,74.18010000000001,71.93543999999997,74.18010000000001,SL,-1.0,False
COTIUSDT,1650871799999,2022-04-25T07:29:59.999000Z,1650871800000,2022-04-25T07:30:00Z,1650886199999,2022-04-25T11:29:59.999000Z,NORMAL,SHORT,0.19863,0.20255000000000004,0.18961399999999992,0.20255000000000004,SL,-1.0,False
DOGEUSDT,1650875399999,2022-04-25T08:29:59.999000Z,1650875400000,2022-04-25T08:30:00Z,1650880799999,2022-04-25T09:59:59.999000Z,NORMAL,SHORT,0.123679,0.124361,0.1221104,0.124361,SL,-1.0,False
RUNEUSDT,1650877199999,2022-04-25T08:59:59.999000Z,1650877200000,2022-04-25T09:00:00Z,1650880799999,2022-04-25T09:59:59.999000Z,NORMAL,SHORT,7.352900000000001,7.4681,7.087940000000003,7.4681,SL,-1.0,False
LITUSDT,1650965399999,2022-04-26T09:29:59.999000Z,1650965400000,2022-04-26T09:30:00Z,1650977999999,2022-04-26T12:59:59.999000Z,NORMAL,LONG,1.3539999999999999,1.3410000000000002,1.383899999999999,1.3410000000000002,SL,-1.0,False
XMRUSDT,1651139999999,2022-04-28T09:59:59.999000Z,1651140000000,2022-04-28T10:00:00Z,1651141799999,2022-04-28T10:29:59.999000Z,NORMAL,LONG,237.46,235.20000000000002,242.658,235.20000000000002,SL,-1.0,False
TRXUSDT,1651510799999,2022-05-02T16:59:59.999000Z,1651510800000,2022-05-02T17:00:00Z,1651519799999,2022-05-02T19:29:59.999000Z,NORMAL,SHORT,0.06493000000000002,0.06614,0.06214700000000004,0.06614,SL,-1.0,False
TRBUSDT,1652695199999,2022-05-16T09:59:59.999000Z,1652695200000,2022-05-16T10:00:00Z,1652696999999,2022-05-16T10:29:59.999000Z,NORMAL,SHORT,9.829,10.030999999999999,9.364400000000005,10.030999999999999,SL,-1.0,False
UNIUSDT,1652695199999,2022-05-16T09:59:59.999000Z,1652695200000,2022-05-16T10:00:00Z,1652696999999,2022-05-16T10:29:59.999000Z,NORMAL,SHORT,4.9469,5.0091,4.803840000000001,5.0091,SL,-1.0,False
DOTUSDT,1652862599999,2022-05-18T08:29:59.999000Z,1652862600000,2022-05-18T08:30:00Z,1652885999999,2022-05-18T14:59:59.999000Z,NORMAL,SHORT,10.361,10.526,9.981500000000002,9.981500000000002,TP,2.3,False
DASHUSDT,1653044399999,2022-05-20T10:59:59.999000Z,1653044400000,2022-05-20T11:00:00Z,1653046199999,2022-05-20T11:29:59.999000Z,NORMAL,LONG,59.79,59.25,61.032,59.25,SL,-1.0,False
COTIUSDT,1655735399999,2022-06-20T14:29:59.999000Z,1655735400000,2022-06-20T14:30:00Z,1655744399999,2022-06-20T16:59:59.999000Z,NORMAL,LONG,0.09132,0.08969,0.09506899999999999,0.08969,SL,-1.0,False
SOLUSDT,1655735399999,2022-06-20T14:29:59.999000Z,1655735400000,2022-06-20T14:30:00Z,1655738999999,2022-06-20T15:29:59.999000Z,NORMAL,LONG,36.01010000000001,35.2599,37.73556000000002,35.2599,SL,-1.0,False
QTUMUSDT,1655737199999,2022-06-20T14:59:59.999000Z,1655737200000,2022-06-20T15:00:00Z,1655738999999,2022-06-20T15:29:59.999000Z,NORMAL,LONG,2.822,2.7830000000000004,2.9116999999999993,2.7830000000000004,SL,-1.0,False
TRXUSDT,1655807399999,2022-06-21T10:29:59.999000Z,1655807400000,2022-06-21T10:30:00Z,1655821799999,2022-06-21T14:29:59.999000Z,NORMAL,LONG,0.06445000000000001,0.06383000000000001,0.06587599999999999,0.06587599999999999,TP,2.3,False
LITUSDT,1655971199999,2022-06-23T07:59:59.999000Z,1655971200000,2022-06-23T08:00:00Z,1655976599999,2022-06-23T09:29:59.999000Z,NORMAL,LONG,1.206,1.1780000000000002,1.2703999999999995,1.1780000000000002,SL,-1.0,False
AVAXUSDT,1655978399999,2022-06-23T09:59:59.999000Z,1655978400000,2022-06-23T10:00:00Z,1655992799999,2022-06-23T13:59:59.999000Z,NORMAL,LONG,17.6201,17.3499,18.24156,17.3499,SL,-1.0,False
XRPUSDT,1656061199999,2022-06-24T08:59:59.999000Z,1656061200000,2022-06-24T09:00:00Z,1656064799999,2022-06-24T09:59:59.999000Z,NORMAL,LONG,0.3842,0.3763,0.4023699999999999,0.3763,SL,-1.0,False
TRBUSDT,1656932399999,2022-07-04T10:59:59.999000Z,1656932400000,2022-07-04T11:00:00Z,1656946799999,2022-07-04T14:59:59.999000Z,NORMAL,LONG,10.951,10.839,11.2086,11.2086,TP,2.3,False
AAVEUSDT,1656950399999,2022-07-04T15:59:59.999000Z,1656950400000,2022-07-04T16:00:00Z,1656971999999,2022-07-04T21:59:59.999000Z,NORMAL,LONG,60.181,59.579,61.56559999999999,61.56559999999999,TP,2.3,False
ETCUSDT,1656952199999,2022-07-04T16:29:59.999000Z,1656952200000,2022-07-04T16:30:00Z,1656973799999,2022-07-04T22:29:59.999000Z,NORMAL,LONG,15.052999999999999,14.948,15.294499999999996,15.294499999999996,TP,2.3,False
DOTUSDT,1656953999999,2022-07-04T16:59:59.999000Z,1656954000000,2022-07-04T17:00:00Z,1656975599999,2022-07-04T22:59:59.999000Z,NORMAL,LONG,7.007000000000001,6.952999999999999,7.131200000000003,7.131200000000003,TP,2.3,False
BCHUSDT,1658129399999,2022-07-18T07:29:59.999000Z,1658129400000,2022-07-18T07:30:00Z,1658147399999,2022-07-18T12:29:59.999000Z,NORMAL,LONG,118.00000000000001,116.09,122.39300000000004,116.09,SL,-1.0,False
SANDUSDT,1658131199999,2022-07-18T07:59:59.999000Z,1658131200000,2022-07-18T08:00:00Z,1658132999999,2022-07-18T08:29:59.999000Z,NORMAL,LONG,1.2773100000000002,1.26289,1.3104760000000004,1.26289,SL,-1.0,False
PEOPLEUSDT,1658136599999,2022-07-18T09:29:59.999000Z,1658136600000,2022-07-18T09:30:00Z,1658147399999,2022-07-18T12:29:59.999000Z,NORMAL,LONG,0.02501,0.024560000000000002,0.026045,0.024560000000000002,SL,-1.0,False
AVAXUSDT,1658242799999,2022-07-19T14:59:59.999000Z,1658242800000,2022-07-19T15:00:00Z,1658244599999,2022-07-19T15:29:59.999000Z,NORMAL,LONG,25.060100000000002,24.5899,26.141560000000005,24.5899,SL,-1.0,False
1000SHIBUSDT,1658248199999,2022-07-19T16:29:59.999000Z,1658248200000,2022-07-19T16:30:00Z,1658251799999,2022-07-19T17:29:59.999000Z,NORMAL,LONG,0.012294,0.012065,0.012820699999999999,0.012065,SL,-1.0,False
ADAUSDT,1658248199999,2022-07-19T16:29:59.999000Z,1658248200000,2022-07-19T16:30:00Z,1658273399999,2022-07-19T23:29:59.999000Z,NORMAL,LONG,0.50931,0.5008900000000001,0.528676,0.5149,SESSION,0.6638954869358664,False
BTCUSDT,1658248199999,2022-07-19T16:29:59.999000Z,1658248200000,2022-07-19T16:30:00Z,1658273399999,2022-07-19T23:29:59.999000Z,NORMAL,LONG,23354.21,22942.390000000003,24301.39599999999,23337.0,SESSION,-0.04179010247195204,False
QTUMUSDT,1659351599999,2022-08-01T10:59:59.999000Z,1659351600000,2022-08-01T11:00:00Z,1659365999999,2022-08-01T14:59:59.999000Z,NORMAL,SHORT,4.0,4.072,3.8344,4.072,SL,-1.0,False
DUSKUSDT,1659428999999,2022-08-02T08:29:59.999000Z,1659429000000,2022-08-02T08:30:00Z,1659452399999,2022-08-02T14:59:59.999000Z,NORMAL,SHORT,0.14214,0.14386000000000002,0.13818399999999992,0.14386000000000002,SL,-1.0,False
HBARUSDT,1659432599999,2022-08-02T09:29:59.999000Z,1659432600000,2022-08-02T09:30:00Z,1659450599999,2022-08-02T14:29:59.999000Z,NORMAL,SHORT,0.07264000000000001,0.07395,0.06962700000000004,0.07395,SL,-1.0,False
CRVUSDT,1659455999999,2022-08-02T15:59:59.999000Z,1659456000000,2022-08-02T16:00:00Z,1659482999999,2022-08-02T23:29:59.999000Z,NORMAL,LONG,1.347,1.312,1.4274999999999998,1.35,SESSION,0.08571428571428916,False
TRBUSDT,1660732199999,2022-08-17T10:29:59.999000Z,1660732200000,2022-08-17T10:30:00Z,1660744799999,2022-08-17T13:59:59.999000Z,NORMAL,SHORT,38.29900000000001,38.900999999999996,36.91440000000003,38.900999999999996,SL,-1.0,False
KNCUSDT,1660838399999,2022-08-18T15:59:59.999000Z,1660838400000,2022-08-18T16:00:00Z,1660841999999,2022-08-18T16:59:59.999000Z,NORMAL,LONG,1.7360100000000003,1.7179900000000001,1.7774560000000006,1.7179900000000001,SL,-1.0,False
MASKUSDT,1660897799999,2022-08-19T08:29:59.999000Z,1660897800000,2022-08-19T08:30:00Z,1660926599999,2022-08-19T16:29:59.999000Z,NORMAL,SHORT,1.3419,1.3641,1.2908400000000002,1.3641,SL,-1.0,False
SKLUSDT,1660897799999,2022-08-19T08:29:59.999000Z,1660897800000,2022-08-19T08:30:00Z,1660915799999,2022-08-19T13:29:59.999000Z,NORMAL,SHORT,0.05114,0.05240000000000001,0.04824199999999997,0.05240000000000001,SL,-1.0,False
PEOPLEUSDT,1661356799999,2022-08-24T15:59:59.999000Z,1661356800000,2022-08-24T16:00:00Z,1661383799999,2022-08-24T23:29:59.999000Z,NORMAL,LONG,0.024110000000000003,0.02372,0.025007000000000005,0.02411,SESSION,-8.896017825522054e-15,False
RUNEUSDT,1661414399999,2022-08-25T07:59:59.999000Z,1661414400000,2022-08-25T08:00:00Z,1661416199999,2022-08-25T08:29:59.999000Z,NORMAL,LONG,2.2731000000000003,2.2569,2.3103600000000015,2.2569,SL,-1.0,False
DOTUSDT,1661502599999,2022-08-26T08:29:59.999000Z,1661502600000,2022-08-26T08:30:00Z,1661504399999,2022-08-26T08:59:59.999000Z,NORMAL,SHORT,7.413,7.455,7.316400000000001,7.455,SL,-1.0,False
RVNUSDT,1661509799999,2022-08-26T10:29:59.999000Z,1661509800000,2022-08-26T10:30:00Z,1661518799999,2022-08-26T12:59:59.999000Z,NORMAL,SHORT,0.03204,0.032440000000000004,0.031119999999999988,0.032440000000000004,SL,-1.0,False
COTIUSDT,1661511599999,2022-08-26T10:59:59.999000Z,1661511600000,2022-08-26T11:00:00Z,1661518799999,2022-08-26T12:59:59.999000Z,NORMAL,SHORT,0.09594000000000001,0.0971,0.09327200000000002,0.0971,SL,-1.0,False
NEARUSDT,1661511599999,2022-08-26T10:59:59.999000Z,1661511600000,2022-08-26T11:00:00Z,1661518799999,2022-08-26T12:59:59.999000Z,NORMAL,SHORT,4.1759,4.2271,4.058140000000001,4.2271,SL,-1.0,False
PEOPLEUSDT,1661511599999,2022-08-26T10:59:59.999000Z,1661511600000,2022-08-26T11:00:00Z,1661518799999,2022-08-26T12:59:59.999000Z,NORMAL,SHORT,0.023020000000000002,0.02332,0.022330000000000006,0.02332,SL,-1.0,False
AAVEUSDT,1661786999999,2022-08-29T15:29:59.999000Z,1661787000000,2022-08-29T15:30:00Z,1661815799999,2022-08-29T23:29:59.999000Z,NORMAL,LONG,84.20100000000001,83.40899999999999,86.02260000000004,84.88,SESSION,0.8573232323231998,False
NEARUSDT,1661786999999,2022-08-29T15:29:59.999000Z,1661787000000,2022-08-29T15:30:00Z,1661801399999,2022-08-29T19:29:59.999000Z,NORMAL,LONG,3.9611000000000005,3.9339,4.023660000000001,3.9339,SL,-1.0,False
SKLUSDT,1661786999999,2022-08-29T15:29:59.999000Z,1661787000000,2022-08-29T15:30:00Z,1661815799999,2022-08-29T23:29:59.999000Z,NORMAL,LONG,0.048240000000000005,0.0479,0.049022000000000024,0.04874,SESSION,1.4705882352940685,False
DUSKUSDT,1661788799999,2022-08-29T15:59:59.999000Z,1661788800000,2022-08-29T16:00:00Z,1661815799999,2022-08-29T23:29:59.999000Z,NORMAL,LONG,0.12702000000000002,0.12573,0.12998700000000005,0.12911,SESSION,1.6201550387596582,False
CRVUSDT,1661792399999,2022-08-29T16:59:59.999000Z,1661792400000,2022-08-29T17:00:00Z,1661815799999,2022-08-29T23:29:59.999000Z,NORMAL,LONG,1.065,1.0510000000000002,1.0971999999999995,1.073,SESSION,0.5714285714285805,False
LITUSDT,1661792399999,2022-08-29T16:59:59.999000Z,1661792400000,2022-08-29T17:00:00Z,1661815799999,2022-08-29T23:29:59.999000Z,NORMAL,LONG,0.735,0.725,0.758,0.741,SESSION,0.6,False
TRBUSDT,1662712199999,2022-09-09T08:29:59.999000Z,1662712200000,2022-09-09T08:30:00Z,1662719399999,2022-09-09T10:29:59.999000Z,NORMAL,LONG,17.421000000000003,17.218999999999998,17.885600000000014,17.218999999999998,SL,-1.0,False
ETHUSDT,1662737399999,2022-09-09T15:29:59.999000Z,1662737400000,2022-09-09T15:30:00Z,1662739199999,2022-09-09T15:59:59.999000Z,NORMAL,LONG,1730.43,1716.5900000000001,1762.262,1716.5900000000001,SL,-1.0,False
AAVEUSDT,1663945199999,2022-09-23T14:59:59.999000Z,1663945200000,2022-09-23T15:00:00Z,1663946999999,2022-09-23T15:29:59.999000Z,T+1,SHORT,73.749,74.221,72.66339999999998,74.221,SL,-1.0,False
SOLUSDT,1663945199999,2022-09-23T14:59:59.999000Z,1663945200000,2022-09-23T15:00:00Z,1663946999999,2022-09-23T15:29:59.999000Z,T+1,SHORT,31.3699,31.6601,30.702440000000003,31.6601,SL,-1.0,False
PEOPLEUSDT,1664375399999,2022-09-28T14:29:59.999000Z,1664375400000,2022-09-28T14:30:00Z,1664380799999,2022-09-28T15:59:59.999000Z,NORMAL,LONG,0.0227,0.02238,0.023436000000000002,0.023436000000000002,TP,2.3,False
DOTUSDT,1664380799999,2022-09-28T15:59:59.999000Z,1664380800000,2022-09-28T16:00:00Z,1664387999999,2022-09-28T17:59:59.999000Z,NORMAL,LONG,6.437,6.37,6.591100000000001,6.37,SL,-1.0,False
FILUSDT,1664380799999,2022-09-28T15:59:59.999000Z,1664380800000,2022-09-28T16:00:00Z,1664395199999,2022-09-28T19:59:59.999000Z,NORMAL,LONG,5.792000000000001,5.725,5.946100000000003,5.946100000000003,TP,2.3,False
DOTUSDT,1664524799999,2022-09-30T07:59:59.999000Z,1664524800000,2022-09-30T08:00:00Z,1664530199999,2022-09-30T09:29:59.999000Z,NORMAL,LONG,6.5280000000000005,6.473,6.654500000000002,6.473,SL,-1.0,False
DASHUSDT,1664528399999,2022-09-30T08:59:59.999000Z,1664528400000,2022-09-30T09:00:00Z,1664530199999,2022-09-30T09:29:59.999000Z,NORMAL,LONG,42.61,42.39,43.116,42.39,SL,-1.0,False
NEARUSDT,1664528399999,2022-09-30T08:59:59.999000Z,1664528400000,2022-09-30T09:00:00Z,1664533799999,2022-09-30T10:29:59.999000Z,NORMAL,LONG,3.6201000000000003,3.5959,3.6757600000000012,3.5959,SL,-1.0,False
AAVEUSDT,1664868599999,2022-10-04T07:29:59.999000Z,1664868600000,2022-10-04T07:30:00Z,1664875799999,2022-10-04T09:29:59.999000Z,NORMAL,LONG,77.301,76.809,78.43260000000001,76.809,SL,-1.0,False
AVAXUSDT,1664868599999,2022-10-04T07:29:59.999000Z,1664868600000,2022-10-04T07:30:00Z,1664872199999,2022-10-04T08:29:59.999000Z,NORMAL,LONG,17.380100000000002,17.2799,17.610560000000003,17.2799,SL,-1.0,False
NEARUSDT,1664870399999,2022-10-04T07:59:59.999000Z,1664870400000,2022-10-04T08:00:00Z,1664873999999,2022-10-04T08:59:59.999000Z,NORMAL,LONG,3.5991000000000004,3.5848999999999998,3.631760000000002,3.5848999999999998,SL,-1.0,False
DOGEUSDT,1666002599999,2022-10-17T10:29:59.999000Z,1666002600000,2022-10-17T10:30:00Z,1666033199999,2022-10-17T18:59:59.999000Z,NORMAL,LONG,0.059571,0.059259,0.0602886,0.05945,EMA,-0.3878205128205006,False
SKLUSDT,1666002599999,2022-10-17T10:29:59.999000Z,1666002600000,2022-10-17T10:30:00Z,1666007999999,2022-10-17T11:59:59.999000Z,NORMAL,LONG,0.03583000000000001,0.03563,0.036290000000000024,0.03563,SL,-1.0,False
SOLUSDT,1666002599999,2022-10-17T10:29:59.999000Z,1666002600000,2022-10-17T10:30:00Z,1666015199999,2022-10-17T13:59:59.999000Z,NORMAL,LONG,30.6201,30.3899,31.14956,31.14956,TP,2.3,False
ZENUSDT,1666002599999,2022-10-17T10:29:59.999000Z,1666002600000,2022-10-17T10:30:00Z,1666009799999,2022-10-17T12:29:59.999000Z,NORMAL,LONG,12.872,12.814,13.0054,12.814,SL,-1.0,False
LPTUSDT,1666004399999,2022-10-17T10:59:59.999000Z,1666004400000,2022-10-17T11:00:00Z,1666011599999,2022-10-17T12:59:59.999000Z,NORMAL,LONG,8.799999999999999,8.769,8.871299999999996,8.871299999999996,TP,2.3,False
ZECUSDT,1666263599999,2022-10-20T10:59:59.999000Z,1666263600000,2022-10-20T11:00:00Z,1666270799999,2022-10-20T12:59:59.999000Z,NORMAL,LONG,52.269999999999996,51.760000000000005,53.44299999999998,51.760000000000005,SL,-1.0,False
XMRUSDT,1666281599999,2022-10-20T15:59:59.999000Z,1666281600000,2022-10-20T16:00:00Z,1666286999999,2022-10-20T17:29:59.999000Z,NORMAL,SHORT,142.85000000000002,143.66,140.98700000000008,140.98700000000008,TP,2.3,False
ZENUSDT,1666348199999,2022-10-21T10:29:59.999000Z,1666348200000,2022-10-21T10:30:00Z,1666349999999,2022-10-21T10:59:59.999000Z,NORMAL,SHORT,12.276000000000002,12.34,12.128800000000005,12.34,SL,-1.0,False
CRVUSDT,1666691999999,2022-10-25T09:59:59.999000Z,1666692000000,2022-10-25T10:00:00Z,1666695599999,2022-10-25T10:59:59.999000Z,NORMAL,SHORT,0.864,0.87,0.8502,0.87,SL,-1.0,False
COTIUSDT,1666769399999,2022-10-26T07:29:59.999000Z,1666769400000,2022-10-26T07:30:00Z,1666771199999,2022-10-26T07:59:59.999000Z,NORMAL,LONG,0.10463,0.10408,0.10589499999999999,0.10408,SL,-1.0,False
BCHUSDT,1666772999999,2022-10-26T08:29:59.999000Z,1666773000000,2022-10-26T08:30:00Z,1666787399999,2022-10-26T12:29:59.999000Z,NORMAL,LONG,114.59,113.75,116.522,113.75,SL,-1.0,False
TRXUSDT,1666778399999,2022-10-26T09:59:59.999000Z,1666778400000,2022-10-26T10:00:00Z,1666780199999,2022-10-26T10:29:59.999000Z,NORMAL,LONG,0.06296,0.06280000000000001,0.06332799999999998,0.06280000000000001,SL,-1.0,False
ETHUSDT,1666780199999,2022-10-26T10:29:59.999000Z,1666780200000,2022-10-26T10:30:00Z,1666787399999,2022-10-26T12:29:59.999000Z,NORMAL,LONG,1535.6200000000001,1522.96,1564.7380000000003,1522.96,SL,-1.0,False
MKRUSDT,1666942199999,2022-10-28T07:29:59.999000Z,1666942200000,2022-10-28T07:30:00Z,1666963799999,2022-10-28T13:29:59.999000Z,NORMAL,SHORT,883.2900000000001,895.01,856.3340000000003,895.01,SL,-1.0,False
CRVUSDT,1666951199999,2022-10-28T09:59:59.999000Z,1666951200000,2022-10-28T10:00:00Z,1666954799999,2022-10-28T10:59:59.999000Z,NORMAL,LONG,0.9390000000000001,0.933,0.9528000000000001,0.933,SL,-1.0,False
AVAXUSDT,1666967399999,2022-10-28T14:29:59.999000Z,1666967400000,2022-10-28T14:30:00Z,1666990799999,2022-10-28T20:59:59.999000Z,NORMAL,LONG,17.6721,17.4099,18.27516,18.27516,TP,2.3,False
QTUMUSDT,1666967399999,2022-10-28T14:29:59.999000Z,1666967400000,2022-10-28T14:30:00Z,1666999799999,2022-10-28T23:29:59.999000Z,NORMAL,LONG,2.889,2.8560000000000003,2.9648999999999988,2.897,SESSION,0.2424242424242465,False
DOGEUSDT,1666969199999,2022-10-28T14:59:59.999000Z,1666969200000,2022-10-28T15:00:00Z,1666983599999,2022-10-28T18:59:59.999000Z,NORMAL,LONG,0.086251,0.083919,0.09161459999999999,0.083919,SL,-1.0,False
SOLUSDT,1667208599999,2022-10-31T09:29:59.999000Z,1667208600000,2022-10-31T09:30:00Z,1667224799999,2022-10-31T13:59:59.999000Z,NORMAL,LONG,33.69010000000001,33.179899999999996,34.863560000000035,33.179899999999996,SL,-1.0,False
ONTUSDT,1668499199999,2022-11-15T07:59:59.999000Z,1668499200000,2022-11-15T08:00:00Z,1668504599999,2022-11-15T09:29:59.999000Z,NORMAL,LONG,0.173,0.17110000000000003,0.1773699999999999,0.17110000000000003,SL,-1.0,False
TRBUSDT,1668499199999,2022-11-15T07:59:59.999000Z,1668499200000,2022-11-15T08:00:00Z,1668502799999,2022-11-15T08:59:59.999000Z,NORMAL,LONG,12.091,11.969000000000001,12.371599999999995,11.969000000000001,SL,-1.0,False
XLMUSDT,1668499199999,2022-11-15T07:59:59.999000Z,1668499200000,2022-11-15T08:00:00Z,1668504599999,2022-11-15T09:29:59.999000Z,NORMAL,LONG,0.09257,0.09199000000000002,0.09390399999999996,0.09199000000000002,SL,-1.0,False
DOGEUSDT,1668610799999,2022-11-16T14:59:59.999000Z,1668610800000,2022-11-16T15:00:00Z,1668617999999,2022-11-16T16:59:59.999000Z,NORMAL,SHORT,0.084399,0.085301,0.0823244,0.085301,SL,-1.0,False
DUSKUSDT,1669109399999,2022-11-22T09:29:59.999000Z,1669109400000,2022-11-22T09:30:00Z,1669121999999,2022-11-22T12:59:59.999000Z,NORMAL,SHORT,0.08031,0.08120000000000001,0.078263,0.08120000000000001,SL,-1.0,False
MASKUSDT,1669109399999,2022-11-22T09:29:59.999000Z,1669109400000,2022-11-22T09:30:00Z,1669112999999,2022-11-22T10:29:59.999000Z,NORMAL,SHORT,2.3369,2.3741000000000003,2.251339999999999,2.3741000000000003,SL,-1.0,False
QTUMUSDT,1669109399999,2022-11-22T09:29:59.999000Z,1669109400000,2022-11-22T09:30:00Z,1669114799999,2022-11-22T10:59:59.999000Z,NORMAL,SHORT,1.9400000000000002,1.956,1.9032000000000007,1.956,SL,-1.0,False
LITUSDT,1669111199999,2022-11-22T09:59:59.999000Z,1669111200000,2022-11-22T10:00:00Z,1669112999999,2022-11-22T10:29:59.999000Z,NORMAL,SHORT,0.626,0.635,0.6053,0.635,SL,-1.0,False
SOLUSDT,1669111199999,2022-11-22T09:59:59.999000Z,1669111200000,2022-11-22T10:00:00Z,1669123799999,2022-11-22T13:29:59.999000Z,NORMAL,SHORT,11.2109,11.3661,10.853940000000003,11.3661,SL,-1.0,False
TRBUSDT,1669111199999,2022-11-22T09:59:59.999000Z,1669111200000,2022-11-22T10:00:00Z,1669114799999,2022-11-22T10:59:59.999000Z,NORMAL,SHORT,10.039000000000001,10.141,9.804400000000005,10.141,SL,-1.0,False
ONTUSDT,1669388399999,2022-11-25T14:59:59.999000Z,1669388400000,2022-11-25T15:00:00Z,1669413599999,2022-11-25T21:59:59.999000Z,NORMAL,LONG,0.1813,0.17980000000000002,0.18474999999999991,0.17980000000000002,SL,-1.0,False
ADAUSDT,1669710599999,2022-11-29T08:29:59.999000Z,1669710600000,2022-11-29T08:30:00Z,1669728599999,2022-11-29T13:29:59.999000Z,NORMAL,LONG,0.31161000000000005,0.31029,0.31464600000000015,0.31029,SL,-1.0,False
TRXUSDT,1669710599999,2022-11-29T08:29:59.999000Z,1669710600000,2022-11-29T08:30:00Z,1669712399999,2022-11-29T08:59:59.999000Z,NORMAL,LONG,0.053970000000000004,0.05375,0.05447600000000002,0.05447600000000002,TP,2.3,False
KNCUSDT,1670313599999,2022-12-06T07:59:59.999000Z,1670313600000,2022-12-06T08:00:00Z,1670318999999,2022-12-06T09:29:59.999000Z,NORMAL,LONG,0.67191,0.6674900000000001,0.6820759999999997,0.6674900000000001,SL,-1.0,False
AAVEUSDT,1670318999999,2022-12-06T09:29:59.999000Z,1670319000000,2022-12-06T09:30:00Z,1670333399999,2022-12-06T13:29:59.999000Z,NORMAL,SHORT,63.639,63.891,63.05940000000001,63.891,SL,-1.0,False
UNIUSDT,1670320799999,2022-12-06T09:59:59.999000Z,1670320800000,2022-12-06T10:00:00Z,1670329799999,2022-12-06T12:29:59.999000Z,NORMAL,SHORT,6.0899,6.1241,6.01124,6.1241,SL,-1.0,False
ZECUSDT,1670432399999,2022-12-07T16:59:59.999000Z,1670432400000,2022-12-07T17:00:00Z,1670455799999,2022-12-07T23:29:59.999000Z,NORMAL,SHORT,43.89,44.3,42.94700000000001,43.64,SESSION,0.6097560975609807,False
BNBUSDT,1670513399999,2022-12-08T15:29:59.999000Z,1670513400000,2022-12-08T15:30:00Z,1670525999999,2022-12-08T18:59:59.999000Z,NORMAL,LONG,287.001,285.629,290.15659999999986,290.15659999999986,TP,2.3,False
HBARUSDT,1670570999999,2022-12-09T07:29:59.999000Z,1670571000000,2022-12-09T07:30:00Z,1670590799999,2022-12-09T12:59:59.999000Z,NORMAL,LONG,0.04816000000000001,0.04796,0.048620000000000024,0.04796,SL,-1.0,False
COTIUSDT,1670576399999,2022-12-09T08:59:59.999000Z,1670576400000,2022-12-09T09:00:00Z,1670581799999,2022-12-09T10:29:59.999000Z,NORMAL,LONG,0.07229000000000001,0.07198000000000002,0.07300299999999998,0.07198000000000002,SL,-1.0,False
ZECUSDT,1670576399999,2022-12-09T08:59:59.999000Z,1670576400000,2022-12-09T09:00:00Z,1670590799999,2022-12-09T12:59:59.999000Z,NORMAL,LONG,45.81,45.56,46.385000000000005,45.56,SL,-1.0,False
ZECUSDT,1671465599999,2022-12-19T15:59:59.999000Z,1671465600000,2022-12-19T16:00:00Z,1671476399999,2022-12-19T18:59:59.999000Z,NORMAL,SHORT,42.71,43.15,41.69800000000001,41.69800000000001,TP,2.3,False
LINKUSDT,1671528599999,2022-12-20T09:29:59.999000Z,1671528600000,2022-12-20T09:30:00Z,1671544799999,2022-12-20T13:59:59.999000Z,NORMAL,LONG,6.087000000000001,6.053999999999999,6.162900000000003,6.053999999999999,SL,-1.0,False
MKRUSDT,1671530399999,2022-12-20T09:59:59.999000Z,1671530400000,2022-12-20T10:00:00Z,1671546599999,2022-12-20T14:29:59.999000Z,NORMAL,LONG,550.8100000000001,546.69,560.2860000000001,546.69,SL,-1.0,False
SNXUSDT,1671550199999,2022-12-20T15:29:59.999000Z,1671550200000,2022-12-20T15:30:00Z,1671553799999,2022-12-20T16:29:59.999000Z,NORMAL,LONG,1.642,1.6250000000000002,1.6810999999999992,1.6250000000000002,SL,-1.0,False
NEARUSDT,1671609599999,2022-12-21T07:59:59.999000Z,1671609600000,2022-12-21T08:00:00Z,1671613199999,2022-12-21T08:59:59.999000Z,NORMAL,SHORT,1.3039,1.3121,1.2850400000000002,1.3121,SL,-1.0,False
RUNEUSDT,1671636599999,2022-12-21T15:29:59.999000Z,1671636600000,2022-12-21T15:30:00Z,1671654599999,2022-12-21T20:29:59.999000Z,NORMAL,LONG,1.3801,1.3679000000000001,1.40816,1.3679000000000001,SL,-1.0,False
ZECUSDT,1671636599999,2022-12-21T15:29:59.999000Z,1671636600000,2022-12-21T15:30:00Z,1671641999999,2022-12-21T16:59:59.999000Z,NORMAL,LONG,42.55,42.260000000000005,43.21699999999998,42.260000000000005,SL,-1.0,False
AAVEUSDT,1672045199999,2022-12-26T08:59:59.999000Z,1672045200000,2022-12-26T09:00:00Z,1672052399999,2022-12-26T10:59:59.999000Z,NORMAL,LONG,55.531,55.379000000000005,55.88059999999999,55.88059999999999,TP,2.3,False
ZECUSDT,1672131599999,2022-12-27T08:59:59.999000Z,1672131600000,2022-12-27T09:00:00Z,1672135199999,2022-12-27T09:59:59.999000Z,NORMAL,SHORT,39.620000000000005,39.839999999999996,39.114000000000026,39.839999999999996,SL,-1.0,False
LITUSDT,1672241399999,2022-12-28T15:29:59.999000Z,1672241400000,2022-12-28T15:30:00Z,1672252199999,2022-12-28T18:29:59.999000Z,NORMAL,SHORT,0.6940000000000001,0.7040000000000001,0.671,0.7040000000000001,SL,-1.0,False
QTUMUSDT,1672331399999,2022-12-29T16:29:59.999000Z,1672331400000,2022-12-29T16:30:00Z,1672336799999,2022-12-29T17:59:59.999000Z,NORMAL,LONG,1.89,1.8800000000000001,1.9129999999999994,1.8800000000000001,SL,-1.0,False
QTUMUSDT,1673596799999,2023-01-13T07:59:59.999000Z,1673596800000,2023-01-13T08:00:00Z,1673598599999,2023-01-13T08:29:59.999000Z,T+1,LONG,2.227,2.212,2.261499999999999,2.212,SL,-1.0,False
LITUSDT,1673881199999,2023-01-16T14:59:59.999000Z,1673881200000,2023-01-16T15:00:00Z,1673882999999,2023-01-16T15:29:59.999000Z,NORMAL,SHORT,0.872,0.883,0.8467,0.8467,TP,2.3,False
SKLUSDT,1673881199999,2023-01-16T14:59:59.999000Z,1673881200000,2023-01-16T15:00:00Z,1673891999999,2023-01-16T17:59:59.999000Z,NORMAL,SHORT,0.028010000000000004,0.028380000000000002,0.027159000000000006,0.028380000000000002,SL,-1.0,False
QTUMUSDT,1673886599999,2023-01-16T16:29:59.999000Z,1673886600000,2023-01-16T16:30:00Z,1673891999999,2023-01-16T17:59:59.999000Z,NORMAL,SHORT,2.323,2.347,2.2678,2.347,SL,-1.0,False
BCHUSDT,1673945999999,2023-01-17T08:59:59.999000Z,1673946000000,2023-01-17T09:00:00Z,1673947799999,2023-01-17T09:29:59.999000Z,NORMAL,LONG,125.31,124.6,126.94300000000003,124.6,SL,-1.0,False
SNXUSDT,1673953199999,2023-01-17T10:59:59.999000Z,1673953200000,2023-01-17T11:00:00Z,1673958599999,2023-01-17T12:29:59.999000Z,NORMAL,LONG,2.218,2.184,2.2961999999999994,2.2961999999999994,TP,2.3,False
FILUSDT,1674032399999,2023-01-18T08:59:59.999000Z,1674032400000,2023-01-18T09:00:00Z,1674034199999,2023-01-18T09:29:59.999000Z,NORMAL,SHORT,4.569999999999999,4.617,4.461899999999998,4.617,SL,-1.0,False
XMRUSDT,1674116999999,2023-01-19T08:29:59.999000Z,1674117000000,2023-01-19T08:30:00Z,1674138599999,2023-01-19T14:29:59.999000Z,NORMAL,SHORT,158.03,159.46,154.74099999999999,159.46,SL,-1.0,False
SNXUSDT,1674208799999,2023-01-20T09:59:59.999000Z,1674208800000,2023-01-20T10:00:00Z,1674210599999,2023-01-20T10:29:59.999000Z,NORMAL,LONG,2.421,2.394,2.483099999999999,2.394,SL,-1.0,False
LPTUSDT,1674545399999,2023-01-24T07:29:59.999000Z,1674545400000,2023-01-24T07:30:00Z,1674548999999,2023-01-24T08:29:59.999000Z,NORMAL,LONG,6.856000000000001,6.827999999999999,6.920400000000004,6.920400000000004,TP,2.3,False
SANDUSDT,1674570599999,2023-01-24T14:29:59.999000Z,1674570600000,2023-01-24T14:30:00Z,1674577799999,2023-01-24T16:29:59.999000Z,NORMAL,SHORT,0.7766900000000001,0.7833100000000001,0.7614640000000003,0.7833100000000001,SL,-1.0,False
SKLUSDT,1674656999999,2023-01-25T14:29:59.999000Z,1674657000000,2023-01-25T14:30:00Z,1674664199999,2023-01-25T16:29:59.999000Z,NORMAL,SHORT,0.03331,0.033920000000000006,0.031906999999999984,0.033920000000000006,SL,-1.0,False
LTCUSDT,1675065599999,2023-01-30T07:59:59.999000Z,1675065600000,2023-01-30T08:00:00Z,1675070999999,2023-01-30T09:29:59.999000Z,NORMAL,SHORT,93.86999999999999,94.60000000000001,92.19099999999995,92.19099999999995,TP,2.3,False
DOGEUSDT,1675067399999,2023-01-30T08:29:59.999000Z,1675067400000,2023-01-30T08:30:00Z,1675070999999,2023-01-30T09:29:59.999000Z,NORMAL,SHORT,0.087809,0.088651,0.08587240000000002,0.08587240000000002,TP,2.3,False
ZECUSDT,1675076399999,2023-01-30T10:59:59.999000Z,1675076400000,2023-01-30T11:00:00Z,1675079999999,2023-01-30T11:59:59.999000Z,NORMAL,SHORT,44.580000000000005,45.0,43.61400000000002,45.0,SL,-1.0,False
BAKEUSDT,1675871999999,2023-02-08T15:59:59.999000Z,1675872000000,2023-02-08T16:00:00Z,1675898999999,2023-02-08T23:29:59.999000Z,NORMAL,SHORT,0.2277,0.231,0.22011000000000003,0.2272,SESSION,0.15151515151515177,False
LTCUSDT,1675933199999,2023-02-09T08:59:59.999000Z,1675933200000,2023-02-09T09:00:00Z,1675947599999,2023-02-09T12:59:59.999000Z,NORMAL,SHORT,96.53999999999999,96.96000000000001,95.57399999999996,96.96000000000001,SL,-1.0,False
ETHUSDT,1676046599999,2023-02-10T16:29:59.999000Z,1676046600000,2023-02-10T16:30:00Z,1676059199999,2023-02-10T19:59:59.999000Z,NORMAL,SHORT,1519.8,1535.0,1484.84,1535.0,SL,-1.0,False
ZENUSDT,1676879999999,2023-02-20T07:59:59.999000Z,1676880000000,2023-02-20T08:00:00Z,1676883599999,2023-02-20T08:59:59.999000Z,NORMAL,LONG,13.85,13.706000000000001,14.181199999999995,13.706000000000001,SL,-1.0,False
NEARUSDT,1676888999999,2023-02-20T10:29:59.999000Z,1676889000000,2023-02-20T10:30:00Z,1676896199999,2023-02-20T12:29:59.999000Z,NORMAL,LONG,2.7281000000000004,2.6879,2.8205600000000013,2.6879,SL,-1.0,False
BCHUSDT,1677054599999,2023-02-22T08:29:59.999000Z,1677054600000,2023-02-22T08:30:00Z,1677068999999,2023-02-22T12:29:59.999000Z,NORMAL,SHORT,139.46,141.17,135.52700000000004,141.17,SL,-1.0,False
AVAXUSDT,1677076199999,2023-02-22T14:29:59.999000Z,1677076200000,2023-02-22T14:30:00Z,1677106799999,2023-02-22T22:59:59.999000Z,NORMAL,SHORT,20.123900000000003,20.3731,19.550740000000005,20.274,EMA,-0.6023274478330632,False
SANDUSDT,1677491999999,2023-02-27T09:59:59.999000Z,1677492000000,2023-02-27T10:00:00Z,1677497399999,2023-02-27T11:29:59.999000Z,NORMAL,SHORT,0.7010900000000001,0.70481,0.6925340000000002,0.70481,SL,-1.0,False
ONTUSDT,1677569399999,2023-02-28T07:29:59.999000Z,1677569400000,2023-02-28T07:30:00Z,1677607199999,2023-02-28T17:59:59.999000Z,NORMAL,SHORT,0.2523,0.2545,0.24724000000000007,0.2536,EMA,-0.5909090909090817,False
PEOPLEUSDT,1677659399999,2023-03-01T08:29:59.999000Z,1677659400000,2023-03-01T08:30:00Z,1677666599999,2023-03-01T10:29:59.999000Z,NORMAL,LONG,0.026910000000000003,0.026640000000000004,0.027531000000000003,0.026640000000000004,SL,-1.0,False
RUNEUSDT,1677659399999,2023-03-01T08:29:59.999000Z,1677659400000,2023-03-01T08:30:00Z,1677668399999,2023-03-01T10:59:59.999000Z,NORMAL,LONG,1.6351,1.6219000000000001,1.6654599999999997,1.6654599999999997,TP,2.3,False
FILUSDT,1677666599999,2023-03-01T10:29:59.999000Z,1677666600000,2023-03-01T10:30:00Z,1677679199999,2023-03-01T13:59:59.999000Z,NORMAL,LONG,6.926,6.874,7.045600000000001,6.874,SL,-1.0,False
AXSUSDT,1677668399999,2023-03-01T10:59:59.999000Z,1677668400000,2023-03-01T11:00:00Z,1677671999999,2023-03-01T11:59:59.999000Z,NORMAL,LONG,10.023010000000001,9.97399,10.135756000000002,9.97399,SL,-1.0,False
LINKUSDT,1677745799999,2023-03-02T08:29:59.999000Z,1677745800000,2023-03-02T08:30:00Z,1677761999999,2023-03-02T12:59:59.999000Z,NORMAL,SHORT,7.322,7.355,7.246099999999999,7.246099999999999,TP,2.3,False
SKLUSDT,1677745799999,2023-03-02T08:29:59.999000Z,1677745800000,2023-03-02T08:30:00Z,1677749399999,2023-03-02T09:29:59.999000Z,NORMAL,SHORT,0.04611,0.046400000000000004,0.04544299999999998,0.046400000000000004,SL,-1.0,False
ADAUSDT,1677752999999,2023-03-02T10:29:59.999000Z,1677753000000,2023-03-02T10:30:00Z,1677787199999,2023-03-02T19:59:59.999000Z,NORMAL,SHORT,0.35049,0.35331,0.34400400000000003,0.3499,EMA,0.20921985815604155,False
AVAXUSDT,1678118399999,2023-03-06T15:59:59.999000Z,1678118400000,2023-03-06T16:00:00Z,1678130999999,2023-03-06T19:29:59.999000Z,NORMAL,LONG,16.5451,16.3819,16.920460000000002,16.3819,SL,-1.0,False
AXSUSDT,1678118399999,2023-03-06T15:59:59.999000Z,1678118400000,2023-03-06T16:00:00Z,1678145399999,2023-03-06T23:29:59.999000Z,NORMAL,LONG,8.83001,8.747990000000001,9.018655999999995,8.887,SESSION,0.6948305291392588,False
SNXUSDT,1678177799999,2023-03-07T08:29:59.999000Z,1678177800000,2023-03-07T08:30:00Z,1678186799999,2023-03-07T10:59:59.999000Z,NORMAL,SHORT,3.023,3.052,2.9563,2.9563,TP,2.3,False
ICPUSDT,1678186799999,2023-03-07T10:59:59.999000Z,1678186800000,2023-03-07T11:00:00Z,1678192199999,2023-03-07T12:29:59.999000Z,NORMAL,SHORT,5.21,5.29,5.026,5.29,SL,-1.0,False
RUNEUSDT,1678206599999,2023-03-07T16:29:59.999000Z,1678206600000,2023-03-07T16:30:00Z,1678231799999,2023-03-07T23:29:59.999000Z,NORMAL,SHORT,1.4589,1.4781,1.4147400000000003,1.462,SESSION,-0.1614583333333281,False
AXSUSDT,1678890599999,2023-03-15T14:29:59.999000Z,1678890600000,2023-03-15T14:30:00Z,1678895999999,2023-03-15T15:59:59.999000Z,T+1,SHORT,8.235990000000001,8.350010000000001,7.973744000000001,7.973744000000001,TP,2.3,False
CRVUSDT,1678890599999,2023-03-15T14:29:59.999000Z,1678890600000,2023-03-15T14:30:00Z,1678895999999,2023-03-15T15:59:59.999000Z,T+1,SHORT,0.9450000000000001,0.963,0.9036000000000003,0.9036000000000003,TP,2.3,False
DOGEUSDT,1678890599999,2023-03-15T14:29:59.999000Z,1678890600000,2023-03-15T14:30:00Z,1678895999999,2023-03-15T15:59:59.999000Z,T+1,SHORT,0.072239,0.073111,0.0702334,0.0702334,TP,2.3,False
SANDUSDT,1678890599999,2023-03-15T14:29:59.999000Z,1678890600000,2023-03-15T14:30:00Z,1678895999999,2023-03-15T15:59:59.999000Z,T+1,SHORT,0.6173900000000001,0.62581,0.5980240000000004,0.5980240000000004,TP,2.3,False
XLMUSDT,1678890599999,2023-03-15T14:29:59.999000Z,1678890600000,2023-03-15T14:30:00Z,1678897799999,2023-03-15T16:29:59.999000Z,T+1,SHORT,0.08525,0.08613,0.08322600000000002,0.08322600000000002,TP,2.3,False
KNCUSDT,1678892399999,2023-03-15T14:59:59.999000Z,1678892400000,2023-03-15T15:00:00Z,1678904999999,2023-03-15T18:29:59.999000Z,T+1,SHORT,0.6953900000000001,0.71251,0.6560140000000003,0.6560140000000003,TP,2.3,False
SOLUSDT,1678892399999,2023-03-15T14:59:59.999000Z,1678892400000,2023-03-15T15:00:00Z,1678899599999,2023-03-15T16:59:59.999000Z,T+1,SHORT,19.8029,20.2771,18.71224,18.71224,TP,2.3,False
AVAXUSDT,1678894199999,2023-03-15T15:29:59.999000Z,1678894200000,2023-03-15T15:30:00Z,1678897799999,2023-03-15T16:29:59.999000Z,T+1,SHORT,16.3029,16.560100000000002,15.711339999999998,15.711339999999998,TP,2.3,False
DOTUSDT,1678894199999,2023-03-15T15:29:59.999000Z,1678894200000,2023-03-15T15:30:00Z,1678899599999,2023-03-15T16:59:59.999000Z,T+1,SHORT,6.02,6.107,5.819899999999998,5.819899999999998,TP,2.3,False
SNXUSDT,1678894199999,2023-03-15T15:29:59.999000Z,1678894200000,2023-03-15T15:30:00Z,1678899599999,2023-03-15T16:59:59.999000Z,T+1,SHORT,2.835,2.906,2.6716999999999995,2.6716999999999995,TP,2.3,False
XRPUSDT,1679646599999,2023-03-24T08:29:59.999000Z,1679646600000,2023-03-24T08:30:00Z,1679659199999,2023-03-24T11:59:59.999000Z,T+1,SHORT,0.42910000000000004,0.43420000000000003,0.4173700000000001,0.4173700000000001,TP,2.3,False
AXSUSDT,1679669999999,2023-03-24T14:59:59.999000Z,1679670000000,2023-03-24T15:00:00Z,1679680799999,2023-03-24T17:59:59.999000Z,T+1,SHORT,8.356990000000001,8.43601,8.175244000000006,8.175244000000006,TP,2.3,False
FILUSDT,1679675399999,2023-03-24T16:29:59.999000Z,1679675400000,2023-03-24T16:30:00Z,1679680799999,2023-03-24T17:59:59.999000Z,T+1,SHORT,5.591,5.646000000000001,5.464499999999999,5.464499999999999,TP,2.3,False
DOTUSDT,1679902199999,2023-03-27T07:29:59.999000Z,1679902200000,2023-03-27T07:30:00Z,1679907599999,2023-03-27T08:59:59.999000Z,NORMAL,SHORT,5.951,5.973000000000001,5.900399999999997,5.973000000000001,SL,-1.0,False
ETCUSDT,1679902199999,2023-03-27T07:29:59.999000Z,1679902200000,2023-03-27T07:30:00Z,1679916599999,2023-03-27T11:29:59.999000Z,NORMAL,SHORT,19.936,20.009,19.7681,20.009,SL,-1.0,False
ETHUSDT,1679902199999,2023-03-27T07:29:59.999000Z,1679902200000,2023-03-27T07:30:00Z,1679907599999,2023-03-27T08:59:59.999000Z,NORMAL,SHORT,1749.99,1755.0,1738.467,1755.0,SL,-1.0,False
ONTUSDT,1679902199999,2023-03-27T07:29:59.999000Z,1679902200000,2023-03-27T07:30:00Z,1679909399999,2023-03-27T09:29:59.999000Z,NORMAL,SHORT,0.22450000000000003,0.2259,0.22128000000000014,0.22128000000000014,TP,2.3,False
MASKUSDT,1680172199999,2023-03-30T10:29:59.999000Z,1680172200000,2023-03-30T10:30:00Z,1680175799999,2023-03-30T11:29:59.999000Z,NORMAL,SHORT,6.368900000000001,6.4421,6.200540000000003,6.4421,SL,-1.0,False
ZENUSDT,1680190199999,2023-03-30T15:29:59.999000Z,1680190200000,2023-03-30T15:30:00Z,1680218999999,2023-03-30T23:29:59.999000Z,NORMAL,SHORT,10.344000000000001,10.443,10.116300000000004,10.327,SESSION,0.17171717171718695,False
KNCUSDT,1680605999999,2023-04-04T10:59:59.999000Z,1680606000000,2023-04-04T11:00:00Z,1680616799999,2023-04-04T13:59:59.999000Z,NORMAL,LONG,0.73741,0.7333900000000001,0.7466559999999998,0.7333900000000001,SL,-1.0,False
AVAXUSDT,1681378199999,2023-04-13T09:29:59.999000Z,1681378200000,2023-04-13T09:30:00Z,1681381799999,2023-04-13T10:29:59.999000Z,T+1,LONG,18.8501,18.675900000000002,19.25076,18.675900000000002,SL,-1.0,False
AAVEUSDT,1681396199999,2023-04-13T14:29:59.999000Z,1681396200000,2023-04-13T14:30:00Z,1681428599999,2023-04-13T23:29:59.999000Z,T+1,LONG,80.311,79.589,81.97160000000002,80.97,SESSION,0.9127423822714462,False
BTCUSDT,1681401599999,2023-04-13T15:59:59.999000Z,1681401600000,2023-04-13T16:00:00Z,1681403399999,2023-04-13T16:29:59.999000Z,T+1,LONG,30450.01,30352.390000000003,30674.53599999999,30352.390000000003,SL,-1.0,False
KNCUSDT,1681725599999,2023-04-17T09:59:59.999000Z,1681725600000,2023-04-17T10:00:00Z,1681729199999,2023-04-17T10:59:59.999000Z,NORMAL,SHORT,0.7664900000000001,0.7732100000000001,0.7510340000000002,0.7732100000000001,SL,-1.0,False
SANDUSDT,1681815599999,2023-04-18T10:59:59.999000Z,1681815600000,2023-04-18T11:00:00Z,1681828199999,2023-04-18T14:29:59.999000Z,NORMAL,LONG,0.71061,0.7048900000000001,0.7237659999999996,0.7048900000000001,SL,-1.0,False
HBARUSDT,1681891199999,2023-04-19T07:59:59.999000Z,1681891200000,2023-04-19T08:00:00Z,1681892999999,2023-04-19T08:29:59.999000Z,NORMAL,SHORT,0.06670000000000001,0.06694,0.06614800000000003,0.06614800000000003,TP,2.3,False
SNXUSDT,1682006399999,2023-04-20T15:59:59.999000Z,1682006400000,2023-04-20T16:00:00Z,1682033399999,2023-04-20T23:29:59.999000Z,NORMAL,SHORT,2.754,2.813,2.6182999999999996,2.685,SESSION,1.1694915254237248,False
COTIUSDT,1682009999999,2023-04-20T16:59:59.999000Z,1682010000000,2023-04-20T17:00:00Z,1682029799999,2023-04-20T22:29:59.999000Z,NORMAL,SHORT,0.08597,0.08758,0.082267,0.08758,SL,-1.0,False
AVAXUSDT,1682074799999,2023-04-21T10:59:59.999000Z,1682074800000,2023-04-21T11:00:00Z,1682098199999,2023-04-21T17:29:59.999000Z,NORMAL,SHORT,17.9299,18.0801,17.584439999999997,17.584439999999997,TP,2.3,False
RUNEUSDT,1682087399999,2023-04-21T14:29:59.999000Z,1682087400000,2023-04-21T14:30:00Z,1682098199999,2023-04-21T17:29:59.999000Z,NORMAL,SHORT,1.4489,1.4631,1.4162400000000002,1.4162400000000002,TP,2.3,False
XRPUSDT,1682090999999,2023-04-21T15:29:59.999000Z,1682091000000,2023-04-21T15:30:00Z,1682105399999,2023-04-21T19:29:59.999000Z,NORMAL,SHORT,0.4615,0.466,0.45115,0.45115,TP,2.3,False
HBARUSDT,1682324999999,2023-04-24T08:29:59.999000Z,1682325000000,2023-04-24T08:30:00Z,1682332199999,2023-04-24T10:29:59.999000Z,NORMAL,SHORT,0.05924,0.05986000000000001,0.057813999999999977,0.05986000000000001,SL,-1.0,False
ONTUSDT,1682324999999,2023-04-24T08:29:59.999000Z,1682325000000,2023-04-24T08:30:00Z,1682337599999,2023-04-24T11:59:59.999000Z,NORMAL,SHORT,0.23620000000000002,0.2386,0.23068000000000005,0.2386,SL,-1.0,False
SANDUSDT,1682414999999,2023-04-25T09:29:59.999000Z,1682415000000,2023-04-25T09:30:00Z,1682422199999,2023-04-25T11:29:59.999000Z,NORMAL,SHORT,0.5719900000000001,0.57411,0.5671140000000003,0.57411,SL,-1.0,False
1000SHIBUSDT,1682693999999,2023-04-28T14:59:59.999000Z,1682694000000,2023-04-28T15:00:00Z,1682699399999,2023-04-28T16:29:59.999000Z,NORMAL,SHORT,0.010155,0.010216,0.010014700000000005,0.010216,SL,-1.0,False
MASKUSDT,1682693999999,2023-04-28T14:59:59.999000Z,1682694000000,2023-04-28T15:00:00Z,1682699399999,2023-04-28T16:29:59.999000Z,NORMAL,SHORT,4.602900000000001,4.6501,4.494340000000003,4.6501,SL,-1.0,False
MKRUSDT,1682953199999,2023-05-01T14:59:59.999000Z,1682953200000,2023-05-01T15:00:00Z,1682954999999,2023-05-01T15:29:59.999000Z,NORMAL,LONG,703.21,699.69,711.306,699.69,SL,-1.0,False
BAKEUSDT,1684135799999,2023-05-15T07:29:59.999000Z,1684135800000,2023-05-15T07:30:00Z,1684142999999,2023-05-15T09:29:59.999000Z,NORMAL,LONG,0.1485,0.14780000000000001,0.15010999999999994,0.15010999999999994,TP,2.3,False
MASKUSDT,1684135799999,2023-05-15T07:29:59.999000Z,1684135800000,2023-05-15T07:30:00Z,1684150199999,2023-05-15T11:29:59.999000Z,NORMAL,LONG,3.8761000000000005,3.8439,3.9501600000000017,3.8439,SL,-1.0,False
AAVEUSDT,1684137599999,2023-05-15T07:59:59.999000Z,1684137600000,2023-05-15T08:00:00Z,1684142999999,2023-05-15T09:29:59.999000Z,NORMAL,LONG,63.521,63.309000000000005,64.00859999999999,64.00859999999999,TP,2.3,False
ZENUSDT,1684137599999,2023-05-15T07:59:59.999000Z,1684137600000,2023-05-15T08:00:00Z,1684151999999,2023-05-15T11:59:59.999000Z,NORMAL,LONG,8.334,8.294,8.425999999999998,8.294,SL,-1.0,False
LPTUSDT,1684139399999,2023-05-15T08:29:59.999000Z,1684139400000,2023-05-15T08:30:00Z,1684160999999,2023-05-15T14:29:59.999000Z,NORMAL,LONG,4.674,4.635,4.763700000000002,4.635,SL,-1.0,False
XLMUSDT,1684249199999,2023-05-16T14:59:59.999000Z,1684249200000,2023-05-16T15:00:00Z,1684277999999,2023-05-16T22:59:59.999000Z,NORMAL,SHORT,0.08728000000000001,0.08758,0.08659000000000003,0.08746,EMA,-0.599999999999963,False
QTUMUSDT,1684490399999,2023-05-19T09:59:59.999000Z,1684490400000,2023-05-19T10:00:00Z,1684495799999,2023-05-19T11:29:59.999000Z,NORMAL,LONG,2.656,2.6420000000000003,2.6881999999999997,2.6420000000000003,SL,-1.0,False
1000SHIBUSDT,1684765799999,2023-05-22T14:29:59.999000Z,1684765800000,2023-05-22T14:30:00Z,1684776599999,2023-05-22T17:29:59.999000Z,NORMAL,LONG,0.008818,0.008752000000000001,0.008969799999999997,0.008752000000000001,SL,-1.0,False
BCHUSDT,1684940399999,2023-05-24T14:59:59.999000Z,1684940400000,2023-05-24T15:00:00Z,1684942199999,2023-05-24T15:29:59.999000Z,NORMAL,SHORT,111.35,112.14,109.53299999999999,112.14,SL,-1.0,False
FILUSDT,1684940399999,2023-05-24T14:59:59.999000Z,1684940400000,2023-05-24T15:00:00Z,1684943999999,2023-05-24T15:59:59.999000Z,NORMAL,SHORT,4.38,4.404000000000001,4.324799999999998,4.404000000000001,SL,-1.0,False
ICPUSDT,1684940399999,2023-05-24T14:59:59.999000Z,1684940400000,2023-05-24T15:00:00Z,1684943999999,2023-05-24T15:59:59.999000Z,NORMAL,SHORT,4.79,4.85,4.652000000000001,4.85,SL,-1.0,False
BCHUSDT,1684945799999,2023-05-24T16:29:59.999000Z,1684945800000,2023-05-24T16:30:00Z,1684961999999,2023-05-24T20:59:59.999000Z,NORMAL,SHORT,111.69,112.13000000000001,110.67799999999997,112.13000000000001,SL,-1.0,False
ICPUSDT,1685111399999,2023-05-26T14:29:59.999000Z,1685111400000,2023-05-26T14:30:00Z,1685123999999,2023-05-26T17:59:59.999000Z,NORMAL,LONG,4.91,4.8500000000000005,5.047999999999999,4.8500000000000005,SL,-1.0,False
AVAXUSDT,1685114999999,2023-05-26T15:29:59.999000Z,1685115000000,2023-05-26T15:30:00Z,1685118599999,2023-05-26T16:29:59.999000Z,NORMAL,LONG,14.2871,14.2309,14.416360000000001,14.2309,SL,-1.0,False
DUSKUSDT,1685114999999,2023-05-26T15:29:59.999000Z,1685115000000,2023-05-26T15:30:00Z,1685118599999,2023-05-26T16:29:59.999000Z,NORMAL,LONG,0.14740000000000003,0.14675,0.1488950000000001,0.14675,SL,-1.0,False
LTCUSDT,1685114999999,2023-05-26T15:29:59.999000Z,1685115000000,2023-05-26T15:30:00Z,1685123999999,2023-05-26T17:59:59.999000Z,NORMAL,LONG,87.73,87.3,88.71900000000002,87.3,SL,-1.0,False
HBARUSDT,1685379599999,2023-05-29T16:59:59.999000Z,1685379600000,2023-05-29T17:00:00Z,1685383199999,2023-05-29T17:59:59.999000Z,NORMAL,SHORT,0.052270000000000004,0.05247000000000001,0.05180999999999999,0.05247000000000001,SL,-1.0,False
ONTUSDT,1686153599999,2023-06-07T15:59:59.999000Z,1686153600000,2023-06-07T16:00:00Z,1686180599999,2023-06-07T23:29:59.999000Z,NORMAL,SHORT,0.19480000000000003,0.1975,0.18859000000000006,0.1943,SESSION,0.185185185185197,False
SANDUSDT,1686153599999,2023-06-07T15:59:59.999000Z,1686153600000,2023-06-07T16:00:00Z,1686180599999,2023-06-07T23:29:59.999000Z,NORMAL,SHORT,0.49089000000000005,0.49901000000000006,0.472214,0.489,SESSION,0.23275862068966188,False
PEOPLEUSDT,1686155399999,2023-06-07T16:29:59.999000Z,1686155400000,2023-06-07T16:30:00Z,1686180599999,2023-06-07T23:29:59.999000Z,NORMAL,SHORT,0.015470000000000001,0.01567,0.015010000000000004,0.01551,SESSION,-0.19999999999999307,False
QTUMUSDT,1686155399999,2023-06-07T16:29:59.999000Z,1686155400000,2023-06-07T16:30:00Z,1686160799999,2023-06-07T17:59:59.999000Z,NORMAL,SHORT,2.3520000000000003,2.381,2.2853000000000017,2.381,SL,-1.0,False
FILUSDT,1687186799999,2023-06-19T14:59:59.999000Z,1687186800000,2023-06-19T15:00:00Z,1687190399999,2023-06-19T15:59:59.999000Z,NORMAL,SHORT,3.608,3.624,3.5712,3.624,SL,-1.0,False
ONTUSDT,1687192199999,2023-06-19T16:29:59.999000Z,1687192200000,2023-06-19T16:30:00Z,1687197599999,2023-06-19T17:59:59.999000Z,NORMAL,SHORT,0.1632,0.164,0.16136000000000003,0.164,SL,-1.0,False
ONTUSDT,1687539599999,2023-06-23T16:59:59.999000Z,1687539600000,2023-06-23T17:00:00Z,1687557599999,2023-06-23T21:59:59.999000Z,NORMAL,LONG,0.1903,0.18780000000000002,0.19604999999999995,0.18780000000000002,SL,-1.0,False
XMRUSDT,1687775399999,2023-06-26T10:29:59.999000Z,1687775400000,2023-06-26T10:30:00Z,1687780799999,2023-06-26T11:59:59.999000Z,NORMAL,LONG,165.81,163.83,170.36399999999998,163.83,SL,-1.0,False
BTCUSDT,1687937399999,2023-06-28T07:29:59.999000Z,1687937400000,2023-06-28T07:30:00Z,1687958999999,2023-06-28T13:29:59.999000Z,NORMAL,SHORT,30268.190000000002,30382.41,30005.484000000008,30005.484000000008,TP,2.3,False
BNBUSDT,1688111999999,2023-06-30T07:59:59.999000Z,1688112000000,2023-06-30T08:00:00Z,1688133599999,2023-06-30T13:59:59.999000Z,NORMAL,LONG,239.071,236.769,244.36559999999997,236.769,SL,-1.0,False
QTUMUSDT,1688378399999,2023-07-03T09:59:59.999000Z,1688378400000,2023-07-03T10:00:00Z,1688389199999,2023-07-03T12:59:59.999000Z,NORMAL,SHORT,2.761,2.788,2.698900000000001,2.788,SL,-1.0,False
DUSKUSDT,1689578999999,2023-07-17T07:29:59.999000Z,1689579000000,2023-07-17T07:30:00Z,1689582599999,2023-07-17T08:29:59.999000Z,NORMAL,LONG,0.13973000000000002,0.13888,0.14168500000000006,0.14168500000000006,TP,2.3,False
ONTUSDT,1689580799999,2023-07-17T07:59:59.999000Z,1689580800000,2023-07-17T08:00:00Z,1689582599999,2023-07-17T08:29:59.999000Z,NORMAL,LONG,0.2097,0.2083,0.21291999999999997,0.2083,SL,-1.0,False
COTIUSDT,1689674399999,2023-07-18T09:59:59.999000Z,1689674400000,2023-07-18T10:00:00Z,1689677999999,2023-07-18T10:59:59.999000Z,NORMAL,SHORT,0.05158,0.052000000000000005,0.05061399999999999,0.052000000000000005,SL,-1.0,False
LPTUSDT,1689674399999,2023-07-18T09:59:59.999000Z,1689674400000,2023-07-18T10:00:00Z,1689699599999,2023-07-18T16:59:59.999000Z,NORMAL,SHORT,4.292,4.329000000000001,4.206899999999998,4.206899999999998,TP,2.3,False
XLMUSDT,1689785999999,2023-07-19T16:59:59.999000Z,1689786000000,2023-07-19T17:00:00Z,1689789599999,2023-07-19T17:59:59.999000Z,NORMAL,LONG,0.14700000000000002,0.14416,0.15353200000000003,0.15353200000000003,TP,2.3,False
ADAUSDT,1689929999999,2023-07-21T08:59:59.999000Z,1689930000000,2023-07-21T09:00:00Z,1689931799999,2023-07-21T09:29:59.999000Z,NORMAL,SHORT,0.31149,0.31271000000000004,0.30868399999999985,0.31271000000000004,SL,-1.0,False
TRBUSDT,1690531199999,2023-07-28T07:59:59.999000Z,1690531200000,2023-07-28T08:00:00Z,1690552799999,2023-07-28T13:59:59.999000Z,T+1,SHORT,12.499,12.610999999999999,12.241400000000004,12.610999999999999,SL,-1.0,False
QTUMUSDT,1690554599999,2023-07-28T14:29:59.999000Z,1690554600000,2023-07-28T14:30:00Z,1690561799999,2023-07-28T16:29:59.999000Z,T+1,LONG,2.5909999999999997,2.572,2.634699999999999,2.572,SL,-1.0,False
DOTUSDT,1690556399999,2023-07-28T14:59:59.999000Z,1690556400000,2023-07-28T15:00:00Z,1690559999999,2023-07-28T15:59:59.999000Z,T+1,LONG,5.263000000000001,5.242999999999999,5.309000000000004,5.242999999999999,SL,-1.0,False
UNIUSDT,1692003599999,2023-08-14T08:59:59.999000Z,1692003600000,2023-08-14T09:00:00Z,1692012599999,2023-08-14T11:29:59.999000Z,NORMAL,LONG,6.2071000000000005,6.182900000000001,6.262759999999999,6.182900000000001,SL,-1.0,False
NEARUSDT,1692084599999,2023-08-15T07:29:59.999000Z,1692084600000,2023-08-15T07:30:00Z,1692086399999,2023-08-15T07:59:59.999000Z,NORMAL,SHORT,1.3219,1.3281,1.3076400000000001,1.3281,SL,-1.0,False
RVNUSDT,1692084599999,2023-08-15T07:29:59.999000Z,1692084600000,2023-08-15T07:30:00Z,1692091799999,2023-08-15T09:29:59.999000Z,NORMAL,SHORT,0.01785,0.01798,0.017551000000000004,0.01798,SL,-1.0,False
XLMUSDT,1692084599999,2023-08-15T07:29:59.999000Z,1692084600000,2023-08-15T07:30:00Z,1692088199999,2023-08-15T08:29:59.999000Z,NORMAL,SHORT,0.13437,0.13508000000000003,0.13273699999999988,0.13508000000000003,SL,-1.0,False
COTIUSDT,1692113399999,2023-08-15T15:29:59.999000Z,1692113400000,2023-08-15T15:30:00Z,1692127799999,2023-08-15T19:29:59.999000Z,NORMAL,SHORT,0.0471,0.04744000000000001,0.046317999999999984,0.046317999999999984,TP,2.3,False
AAVEUSDT,1692203399999,2023-08-16T16:29:59.999000Z,1692203400000,2023-08-16T16:30:00Z,1692206999999,2023-08-16T17:29:59.999000Z,NORMAL,SHORT,61.11900000000001,61.641,59.91840000000003,61.641,SL,-1.0,False
BAKEUSDT,1692260999999,2023-08-17T08:29:59.999000Z,1692261000000,2023-08-17T08:30:00Z,1692277199999,2023-08-17T12:59:59.999000Z,NORMAL,SHORT,0.1062,0.10930000000000001,0.09906999999999999,0.10930000000000001,SL,-1.0,False
XMRUSDT,1692269999999,2023-08-17T10:59:59.999000Z,1692270000000,2023-08-17T11:00:00Z,1692286199999,2023-08-17T15:29:59.999000Z,NORMAL,SHORT,152.37,153.07999999999998,150.73700000000005,150.73700000000005,TP,2.3,False
TRBUSDT,1692377999999,2023-08-18T16:59:59.999000Z,1692378000000,2023-08-18T17:00:00Z,1692381599999,2023-08-18T17:59:59.999000Z,NORMAL,SHORT,9.689,9.860999999999999,9.293400000000004,9.860999999999999,SL,-1.0,False
MKRUSDT,1692604799999,2023-08-21T07:59:59.999000Z,1692604800000,2023-08-21T08:00:00Z,1692606599999,2023-08-21T08:29:59.999000Z,NORMAL,SHORT,1086.29,1092.91,1071.0639999999996,1092.91,SL,-1.0,False
ADAUSDT,1692714599999,2023-08-22T14:29:59.999000Z,1692714600000,2023-08-22T14:30:00Z,1692727199999,2023-08-22T17:59:59.999000Z,NORMAL,SHORT,0.25629,0.25811,0.25210400000000005,0.25210400000000005,TP,2.3,False
AAVEUSDT,1692779399999,2023-08-23T08:29:59.999000Z,1692779400000,2023-08-23T08:30:00Z,1692781199999,2023-08-23T08:59:59.999000Z,NORMAL,LONG,55.861,55.689,56.25659999999999,55.689,SL,-1.0,False
DOGEUSDT,1692781199999,2023-08-23T08:59:59.999000Z,1692781200000,2023-08-23T09:00:00Z,1692786599999,2023-08-23T10:29:59.999000Z,NORMAL,LONG,0.063541,0.06319899999999999,0.06432760000000003,0.06319899999999999,SL,-1.0,False
XLMUSDT,1692887399999,2023-08-24T14:29:59.999000Z,1692887400000,2023-08-24T14:30:00Z,1692890999999,2023-08-24T15:29:59.999000Z,NORMAL,SHORT,0.12511,0.12573,0.12368399999999997,0.12368399999999997,TP,2.3,False
SNXUSDT,1692890999999,2023-08-24T15:29:59.999000Z,1692891000000,2023-08-24T15:30:00Z,1692896399999,2023-08-24T16:59:59.999000Z,NORMAL,SHORT,2.057,2.0749999999999997,2.0156000000000005,2.0749999999999997,SL,-1.0,False
ZECUSDT,1692890999999,2023-08-24T15:29:59.999000Z,1692891000000,2023-08-24T15:30:00Z,1692896399999,2023-08-24T16:59:59.999000Z,NORMAL,SHORT,24.54,24.73,24.102999999999998,24.73,SL,-1.0,False
AAVEUSDT,1693207799999,2023-08-28T07:29:59.999000Z,1693207800000,2023-08-28T07:30:00Z,1693223999999,2023-08-28T11:59:59.999000Z,NORMAL,SHORT,56.699000000000005,57.051,55.889400000000016,57.051,SL,-1.0,False
ADAUSDT,1693207799999,2023-08-28T07:29:59.999000Z,1693207800000,2023-08-28T07:30:00Z,1693225799999,2023-08-28T12:29:59.999000Z,NORMAL,SHORT,0.25929,0.26051,0.25648400000000005,0.26051,SL,-1.0,False
ETHUSDT,1693207799999,2023-08-28T07:29:59.999000Z,1693207800000,2023-08-28T07:30:00Z,1693214999999,2023-08-28T09:29:59.999000Z,NORMAL,SHORT,1640.22,1643.06,1633.6880000000003,1633.6880000000003,TP,2.3,False
PEOPLEUSDT,1693234799999,2023-08-28T14:59:59.999000Z,1693234800000,2023-08-28T15:00:00Z,1693238399999,2023-08-28T15:59:59.999000Z,NORMAL,LONG,0.00965,0.009550000000000001,0.00988,0.009550000000000001,SL,-1.0,False
LINKUSDT,1693295999999,2023-08-29T07:59:59.999000Z,1693296000000,2023-08-29T08:00:00Z,1693317599999,2023-08-29T13:59:59.999000Z,NORMAL,SHORT,5.883,5.915,5.8094,5.915,SL,-1.0,False
NEARUSDT,1693295999999,2023-08-29T07:59:59.999000Z,1693296000000,2023-08-29T08:00:00Z,1693315799999,2023-08-29T13:29:59.999000Z,NORMAL,SHORT,1.1709,1.1771,1.1566400000000001,1.175,EMA,-0.6612903225806457,False
PEOPLEUSDT,1693295999999,2023-08-29T07:59:59.999000Z,1693296000000,2023-08-29T08:00:00Z,1693312199999,2023-08-29T12:29:59.999000Z,NORMAL,SHORT,0.009340000000000001,0.009430000000000001,0.009133000000000002,0.009133000000000002,TP,2.3,False
ETCUSDT,1693304999999,2023-08-29T10:29:59.999000Z,1693305000000,2023-08-29T10:30:00Z,1693308599999,2023-08-29T11:29:59.999000Z,NORMAL,SHORT,15.599,15.68,15.412700000000001,15.68,SL,-1.0,False
COTIUSDT,1693907999999,2023-09-05T09:59:59.999000Z,1693908000000,2023-09-05T10:00:00Z,1693931399999,2023-09-05T16:29:59.999000Z,NORMAL,LONG,0.039380000000000005,0.03904,0.040162000000000024,0.040162000000000024,TP,2.3,False
MKRUSDT,1693988999999,2023-09-06T08:29:59.999000Z,1693989000000,2023-09-06T08:30:00Z,1694010599999,2023-09-06T14:29:59.999000Z,NORMAL,SHORT,1112.0900000000001,1117.31,1100.0840000000005,1100.0840000000005,TP,2.3,False
PEOPLEUSDT,1694015999999,2023-09-06T15:59:59.999000Z,1694016000000,2023-09-06T16:00:00Z,1694021399999,2023-09-06T17:29:59.999000Z,NORMAL,SHORT,0.009460000000000001,0.00957,0.009207000000000003,0.009207000000000003,TP,2.3,False
BTCUSDT,1694701799999,2023-09-14T14:29:59.999000Z,1694701800000,2023-09-14T14:30:00Z,1694728799999,2023-09-14T21:59:59.999000Z,T+1,LONG,26687.11,26512.49,27088.735999999997,26512.49,SL,-1.0,False
RUNEUSDT,1694701799999,2023-09-14T14:29:59.999000Z,1694701800000,2023-09-14T14:30:00Z,1694723399999,2023-09-14T20:29:59.999000Z,T+1,LONG,1.6411,1.6249,1.67836,1.67836,TP,2.3,False
SOLUSDT,1695027599999,2023-09-18T08:59:59.999000Z,1695027600000,2023-09-18T09:00:00Z,1695031199999,2023-09-18T09:59:59.999000Z,NORMAL,LONG,19.1581,19.076900000000002,19.344859999999997,19.344859999999997,TP,2.3,False
UNIUSDT,1695032999999,2023-09-18T10:29:59.999000Z,1695033000000,2023-09-18T10:30:00Z,1695059999999,2023-09-18T17:59:59.999000Z,NORMAL,LONG,4.4071,4.381900000000001,4.465059999999998,4.381900000000001,SL,-1.0,False
MASKUSDT,1695034799999,2023-09-18T10:59:59.999000Z,1695034800000,2023-09-18T11:00:00Z,1695040199999,2023-09-18T12:29:59.999000Z,NORMAL,LONG,2.6271000000000004,2.6088999999999998,2.668960000000002,2.6088999999999998,SL,-1.0,False
RVNUSDT,1695034799999,2023-09-18T10:59:59.999000Z,1695034800000,2023-09-18T11:00:00Z,1695058199999,2023-09-18T17:29:59.999000Z,NORMAL,LONG,0.015220000000000001,0.015120000000000001,0.01545,0.015120000000000001,SL,-1.0,False
AAVEUSDT,1695050999999,2023-09-18T15:29:59.999000Z,1695051000000,2023-09-18T15:30:00Z,1695052799999,2023-09-18T15:59:59.999000Z,NORMAL,LONG,61.721,61.54900000000001,62.11659999999997,61.54900000000001,SL,-1.0,False
XRPUSDT,1695626999999,2023-09-25T07:29:59.999000Z,1695627000000,2023-09-25T07:30:00Z,1695628799999,2023-09-25T07:59:59.999000Z,NORMAL,SHORT,0.49190000000000006,0.496,0.4824700000000002,0.496,SL,-1.0,False
PEOPLEUSDT,1695657599999,2023-09-25T15:59:59.999000Z,1695657600000,2023-09-25T16:00:00Z,1695684599999,2023-09-25T23:29:59.999000Z,NORMAL,LONG,0.009600000000000001,0.00952,0.009784000000000001,0.0097,SESSION,1.2499999999999891,False
HBARUSDT,1695724199999,2023-09-26T10:29:59.999000Z,1695724200000,2023-09-26T10:30:00Z,1695729599999,2023-09-26T11:59:59.999000Z,NORMAL,SHORT,0.04967,0.04984000000000001,0.049278999999999976,0.04984000000000001,SL,-1.0,False
NEARUSDT,1695724199999,2023-09-26T10:29:59.999000Z,1695724200000,2023-09-26T10:30:00Z,1695742199999,2023-09-26T15:29:59.999000Z,NORMAL,SHORT,1.0909,1.0951,1.08124,1.0951,AMBIG->SL,-1.0,True
RVNUSDT,1695725999999,2023-09-26T10:59:59.999000Z,1695726000000,2023-09-26T11:00:00Z,1695747599999,2023-09-26T16:59:59.999000Z,NORMAL,SHORT,0.0145,0.014580000000000001,0.014316,0.014580000000000001,SL,-1.0,False
ZECUSDT,1695725999999,2023-09-26T10:59:59.999000Z,1695726000000,2023-09-26T11:00:00Z,1695729599999,2023-09-26T11:59:59.999000Z,NORMAL,SHORT,25.79,25.880000000000003,25.58299999999999,25.880000000000003,SL,-1.0,False
TRBUSDT,1695810599999,2023-09-27T10:29:59.999000Z,1695810600000,2023-09-27T10:30:00Z,1695814199999,2023-09-27T11:29:59.999000Z,NORMAL,LONG,48.089,46.399,51.97599999999999,46.399,SL,-1.0,False
AAVEUSDT,1695911399999,2023-09-28T14:29:59.999000Z,1695911400000,2023-09-28T14:30:00Z,1695918599999,2023-09-28T16:29:59.999000Z,NORMAL,LONG,63.501,62.889,64.90859999999998,64.90859999999998,TP,2.3,False
DUSKUSDT,1696260599999,2023-10-02T15:29:59.999000Z,1696260600000,2023-10-02T15:30:00Z,1696262399999,2023-10-02T15:59:59.999000Z,NORMAL,SHORT,0.11894000000000002,0.11967000000000001,0.11726100000000003,0.11726100000000003,TP,2.3,False
DUSKUSDT,1696345199999,2023-10-03T14:59:59.999000Z,1696345200000,2023-10-03T15:00:00Z,1696355999999,2023-10-03T17:59:59.999000Z,NORMAL,SHORT,0.11158000000000001,0.11272,0.10895800000000004,0.11272,SL,-1.0,False
BTCUSDT,1697466599999,2023-10-16T14:29:59.999000Z,1697466600000,2023-10-16T14:30:00Z,1697498999999,2023-10-16T23:29:59.999000Z,NORMAL,LONG,28205.71,27874.99,28966.365999999995,28454.5,SESSION,0.7522677793904292,False
1000SHIBUSDT,1697642999999,2023-10-18T15:29:59.999000Z,1697643000000,2023-10-18T15:30:00Z,1697657399999,2023-10-18T19:29:59.999000Z,NORMAL,SHORT,0.0068249999999999995,0.00685,0.0067674999999999975,0.0067674999999999975,TP,2.3,False
AXSUSDT,1697648399999,2023-10-18T16:59:59.999000Z,1697648400000,2023-10-18T17:00:00Z,1697671799999,2023-10-18T23:29:59.999000Z,NORMAL,SHORT,4.13799,4.16001,4.087344000000002,4.141,SESSION,-0.1366939146230611,False
DUSKUSDT,1697725799999,2023-10-19T14:29:59.999000Z,1697725800000,2023-10-19T14:30:00Z,1697729399999,2023-10-19T15:29:59.999000Z,NORMAL,SHORT,0.10315,0.10402,0.10114900000000002,0.10402,SL,-1.0,False
SOLUSDT,1697727599999,2023-10-19T14:59:59.999000Z,1697727600000,2023-10-19T15:00:00Z,1697732999999,2023-10-19T16:29:59.999000Z,NORMAL,LONG,24.4941,24.2129,25.140859999999996,25.140859999999996,TP,2.3,False
ADAUSDT,1697786999999,2023-10-20T07:29:59.999000Z,1697787000000,2023-10-20T07:30:00Z,1697788799999,2023-10-20T07:59:59.999000Z,NORMAL,LONG,0.24861000000000003,0.24819000000000002,0.24957600000000002,0.24819000000000002,SL,-1.0,False
TRXUSDT,1697786999999,2023-10-20T07:29:59.999000Z,1697787000000,2023-10-20T07:30:00Z,1697788799999,2023-10-20T07:59:59.999000Z,NORMAL,LONG,0.09071,0.09055,0.09107799999999998,0.09055,SL,-1.0,False
RUNEUSDT,1698073199999,2023-10-23T14:59:59.999000Z,1698073200000,2023-10-23T15:00:00Z,1698080399999,2023-10-23T16:59:59.999000Z,NORMAL,LONG,1.9991,1.9759000000000002,2.05246,2.05246,TP,2.3,False
XMRUSDT,1698220799999,2023-10-25T07:59:59.999000Z,1698220800000,2023-10-25T08:00:00Z,1698224399999,2023-10-25T08:59:59.999000Z,NORMAL,SHORT,154.68,155.97,151.71300000000002,155.97,SL,-1.0,False
BCHUSDT,1698247799999,2023-10-25T15:29:59.999000Z,1698247800000,2023-10-25T15:30:00Z,1698253199999,2023-10-25T16:59:59.999000Z,NORMAL,LONG,258.79,255.61,266.10400000000004,255.61,SL,-1.0,False
TRBUSDT,1698247799999,2023-10-25T15:29:59.999000Z,1698247800000,2023-10-25T15:30:00Z,1698267599999,2023-10-25T20:59:59.999000Z,NORMAL,LONG,105.85100000000001,102.399,113.79060000000004,113.79060000000004,TP,2.3,False
ZECUSDT,1698305399999,2023-10-26T07:29:59.999000Z,1698305400000,2023-10-26T07:30:00Z,1698321599999,2023-10-26T11:59:59.999000Z,NORMAL,LONG,28.240000000000002,27.89,29.045000000000005,27.89,SL,-1.0,False
SKLUSDT,1698310799999,2023-10-26T08:59:59.999000Z,1698310800000,2023-10-26T09:00:00Z,1698316199999,2023-10-26T10:29:59.999000Z,NORMAL,LONG,0.025060000000000002,0.024650000000000002,0.026003000000000005,0.024650000000000002,SL,-1.0,False
DASHUSDT,1698677999999,2023-10-30T14:59:59.999000Z,1698678000000,2023-10-30T15:00:00Z,1698686999999,2023-10-30T17:29:59.999000Z,NORMAL,LONG,29.130000000000003,28.849999999999998,29.774000000000015,28.849999999999998,SL,-1.0,False
ETCUSDT,1698677999999,2023-10-30T14:59:59.999000Z,1698678000000,2023-10-30T15:00:00Z,1698685199999,2023-10-30T16:59:59.999000Z,NORMAL,LONG,16.827,16.698999999999998,17.12140000000001,16.698999999999998,SL,-1.0,False
ETHUSDT,1698677999999,2023-10-30T14:59:59.999000Z,1698678000000,2023-10-30T15:00:00Z,1698685199999,2023-10-30T16:59:59.999000Z,NORMAL,LONG,1820.31,1811.54,1840.481,1811.54,SL,-1.0,False
ADAUSDT,1699351199999,2023-11-07T09:59:59.999000Z,1699351200000,2023-11-07T10:00:00Z,1699378199999,2023-11-07T17:29:59.999000Z,NORMAL,SHORT,0.34629000000000004,0.35121,0.3349740000000001,0.3349740000000001,TP,2.3,False
ZECUSDT,1699370999999,2023-11-07T15:29:59.999000Z,1699371000000,2023-11-07T15:30:00Z,1699381799999,2023-11-07T18:29:59.999000Z,NORMAL,SHORT,28.79,29.220000000000002,27.80099999999999,29.220000000000002,SL,-1.0,False
MKRUSDT,1699428599999,2023-11-08T07:29:59.999000Z,1699428600000,2023-11-08T07:30:00Z,1699432199999,2023-11-08T08:29:59.999000Z,NORMAL,LONG,1313.01,1303.5900000000001,1334.6759999999997,1303.5900000000001,SL,-1.0,False
DASHUSDT,1699439399999,2023-11-08T10:29:59.999000Z,1699439400000,2023-11-08T10:30:00Z,1699446599999,2023-11-08T12:29:59.999000Z,NORMAL,LONG,31.480000000000004,31.23,32.055000000000014,31.23,SL,-1.0,False
COTIUSDT,1700063999999,2023-11-15T15:59:59.999000Z,1700064000000,2023-11-15T16:00:00Z,1700065799999,2023-11-15T16:29:59.999000Z,T+1,LONG,0.05213000000000001,0.05179,0.05291200000000003,0.05179,SL,-1.0,False
ICPUSDT,1700063999999,2023-11-15T15:59:59.999000Z,1700064000000,2023-11-15T16:00:00Z,1700072999999,2023-11-15T18:29:59.999000Z,T+1,LONG,4.59,4.5200000000000005,4.750999999999999,4.750999999999999,TP,2.3,False
ETHUSDT,1700470799999,2023-11-20T08:59:59.999000Z,1700470800000,2023-11-20T09:00:00Z,1700490599999,2023-11-20T14:29:59.999000Z,NORMAL,LONG,2020.6200000000001,2009.45,2046.3110000000004,2009.45,SL,-1.0,False
DOGEUSDT,1700551799999,2023-11-21T07:29:59.999000Z,1700551800000,2023-11-21T07:30:00Z,1700557199999,2023-11-21T08:59:59.999000Z,NORMAL,SHORT,0.076319,0.077031,0.0746814,0.077031,SL,-1.0,False
UNIUSDT,1700638199999,2023-11-22T07:29:59.999000Z,1700638200000,2023-11-22T07:30:00Z,1700639999999,2023-11-22T07:59:59.999000Z,NORMAL,LONG,5.3321,5.275900000000001,5.461359999999996,5.275900000000001,SL,-1.0,False
TRBUSDT,1700753399999,2023-11-23T15:29:59.999000Z,1700753400000,2023-11-23T15:30:00Z,1700782199999,2023-11-23T23:29:59.999000Z,NORMAL,SHORT,88.929,90.32700000000001,85.71359999999999,88.874,SESSION,0.039341917024325046,False
LINKUSDT,1700755199999,2023-11-23T15:59:59.999000Z,1700755200000,2023-11-23T16:00:00Z,1700758799999,2023-11-23T16:59:59.999000Z,NORMAL,SHORT,14.137,14.251999999999999,13.872500000000004,14.251999999999999,SL,-1.0,False
LPTUSDT,1700821799999,2023-11-24T10:29:59.999000Z,1700821800000,2023-11-24T10:30:00Z,1700823599999,2023-11-24T10:59:59.999000Z,NORMAL,LONG,6.609000000000001,6.572,6.694100000000002,6.572,SL,-1.0,False
SANDUSDT,1701080999999,2023-11-27T10:29:59.999000Z,1701081000000,2023-11-27T10:30:00Z,1701113399999,2023-11-27T19:29:59.999000Z,NORMAL,SHORT,0.40649,0.41041000000000005,0.39747399999999994,0.39747399999999994,TP,2.3,False
TRBUSDT,1701332999999,2023-11-30T08:29:59.999000Z,1701333000000,2023-11-30T08:30:00Z,1701334799999,2023-11-30T08:59:59.999000Z,NORMAL,LONG,79.301,78.56,81.0053,78.56,SL,-1.0,False
COTIUSDT,1701334799999,2023-11-30T08:59:59.999000Z,1701334800000,2023-11-30T09:00:00Z,1701345599999,2023-11-30T11:59:59.999000Z,NORMAL,SHORT,0.05553,0.05610000000000001,0.05421899999999998,0.05610000000000001,SL,-1.0,False
BCHUSDT,1701415799999,2023-12-01T07:29:59.999000Z,1701415800000,2023-12-01T07:30:00Z,1701422999999,2023-12-01T09:29:59.999000Z,NORMAL,LONG,223.66,222.88000000000002,225.45399999999992,225.45399999999992,TP,2.3,False
RUNEUSDT,1701764999999,2023-12-05T08:29:59.999000Z,1701765000000,2023-12-05T08:30:00Z,1701784799999,2023-12-05T13:59:59.999000Z,NORMAL,SHORT,6.389900000000001,6.4631,6.221540000000003,6.221540000000003,TP,2.3,False
LPTUSDT,1702886399999,2023-12-18T07:59:59.999000Z,1702886400000,2023-12-18T08:00:00Z,1702934999999,2023-12-18T21:29:59.999000Z,NORMAL,SHORT,7.156,7.382000000000001,6.636199999999998,7.272,EMA,-0.5132743362831863,False
SNXUSDT,1703062799999,2023-12-20T08:59:59.999000Z,1703062800000,2023-12-20T09:00:00Z,1703068199999,2023-12-20T10:29:59.999000Z,NORMAL,LONG,3.787,3.7430000000000003,3.888199999999999,3.7430000000000003,SL,-1.0,False
ETCUSDT,1703068199999,2023-12-20T10:29:59.999000Z,1703068200000,2023-12-20T10:30:00Z,1703071799999,2023-12-20T11:29:59.999000Z,NORMAL,LONG,20.224,20.114,20.477,20.114,SL,-1.0,False
KNCUSDT,1703068199999,2023-12-20T10:29:59.999000Z,1703068200000,2023-12-20T10:30:00Z,1703080799999,2023-12-20T13:59:59.999000Z,NORMAL,LONG,0.68461,0.6796900000000001,0.6959259999999998,0.6959259999999998,TP,2.3,False
ONTUSDT,1703518199999,2023-12-25T15:29:59.999000Z,1703518200000,2023-12-25T15:30:00Z,1703521799999,2023-12-25T16:29:59.999000Z,NORMAL,LONG,0.2549,0.252,0.26157,0.252,SL,-1.0,False
TRXUSDT,1703609999999,2023-12-26T16:59:59.999000Z,1703610000000,2023-12-26T17:00:00Z,1703613599999,2023-12-26T17:59:59.999000Z,NORMAL,SHORT,0.10360000000000001,0.10407000000000001,0.10251900000000001,0.10251900000000001,TP,2.3,False
MKRUSDT,1703671199999,2023-12-27T09:59:59.999000Z,1703671200000,2023-12-27T10:00:00Z,1703710799999,2023-12-27T20:59:59.999000Z,NORMAL,LONG,1467.41,1449.89,1507.7060000000001,1507.7060000000001,TP,2.3,False
KNCUSDT,1703689199999,2023-12-27T14:59:59.999000Z,1703689200000,2023-12-27T15:00:00Z,1703719799999,2023-12-27T23:29:59.999000Z,NORMAL,LONG,0.75441,0.7445900000000001,0.7769959999999999,0.7543,SESSION,-0.011201629327907858,False
COTIUSDT,1703692799999,2023-12-27T15:59:59.999000Z,1703692800000,2023-12-27T16:00:00Z,1703696399999,2023-12-27T16:59:59.999000Z,NORMAL,LONG,0.07849,0.07774,0.08021500000000001,0.07774,SL,-1.0,False
FILUSDT,1704119399999,2024-01-01T14:29:59.999000Z,1704119400000,2024-01-01T14:30:00Z,1704122999999,2024-01-01T15:29:59.999000Z,NORMAL,LONG,7.6370000000000005,7.4559999999999995,8.053300000000002,8.053300000000002,TP,2.3,False
DOGEUSDT,1704122999999,2024-01-01T15:29:59.999000Z,1704123000000,2024-01-01T15:30:00Z,1704140999999,2024-01-01T20:29:59.999000Z,NORMAL,LONG,0.09109099999999999,0.090629,0.09215359999999997,0.09215359999999997,TP,2.3,False
SOLUSDT,1704124799999,2024-01-01T15:59:59.999000Z,1704124800000,2024-01-01T16:00:00Z,1704151799999,2024-01-01T23:29:59.999000Z,NORMAL,LONG,106.5001,105.0249,109.89306,109.102,SESSION,1.763760845986984,False
MKRUSDT,1705505399999,2024-01-17T15:29:59.999000Z,1705505400000,2024-01-17T15:30:00Z,1705514399999,2024-01-17T17:59:59.999000Z,NORMAL,SHORT,1960.29,1970.81,1936.094,1970.81,SL,-1.0,False
NEARUSDT,1705505399999,2024-01-17T15:29:59.999000Z,1705505400000,2024-01-17T15:30:00Z,1705508999999,2024-01-17T16:29:59.999000Z,NORMAL,LONG,3.3651000000000004,3.3019,3.510460000000002,3.3019,SL,-1.0,False
NEARUSDT,1705595399999,2024-01-18T16:29:59.999000Z,1705595400000,2024-01-18T16:30:00Z,1705598999999,2024-01-18T17:29:59.999000Z,NORMAL,SHORT,3.1729,3.2131000000000003,3.080439999999999,3.080439999999999,TP,2.3,False
DOGEUSDT,1705994999999,2024-01-23T07:29:59.999000Z,1705995000000,2024-01-23T07:30:00Z,1706000399999,2024-01-23T08:59:59.999000Z,NORMAL,SHORT,0.07976899999999999,0.08060099999999999,0.07785539999999999,0.07785539999999999,TP,2.3,False
1000SHIBUSDT,1706084999999,2024-01-24T08:29:59.999000Z,1706085000000,2024-01-24T08:30:00Z,1706101199999,2024-01-24T12:59:59.999000Z,NORMAL,LONG,0.008957999999999999,0.008909,0.009070699999999996,0.008909,SL,-1.0,False
ZENUSDT,1706084999999,2024-01-24T08:29:59.999000Z,1706085000000,2024-01-24T08:30:00Z,1706102999999,2024-01-24T13:29:59.999000Z,NORMAL,LONG,7.735,7.663,7.900600000000001,7.663,SL,-1.0,False
RVNUSDT,1706092199999,2024-01-24T10:29:59.999000Z,1706092200000,2024-01-24T10:30:00Z,1706104799999,2024-01-24T13:59:59.999000Z,NORMAL,LONG,0.01796,0.017750000000000002,0.018442999999999998,0.017750000000000002,SL,-1.0,False
DUSKUSDT,1706257799999,2024-01-26T08:29:59.999000Z,1706257800000,2024-01-26T08:30:00Z,1706272199999,2024-01-26T12:29:59.999000Z,NORMAL,LONG,0.27290000000000003,0.26545,0.29003500000000004,0.29003500000000004,TP,2.3,False
ADAUSDT,1706281199999,2024-01-26T14:59:59.999000Z,1706281200000,2024-01-26T15:00:00Z,1706299199999,2024-01-26T19:59:59.999000Z,NORMAL,LONG,0.48611000000000004,0.48219,0.4951260000000001,0.48219,SL,-1.0,False
SNXUSDT,1707206399999,2024-02-06T07:59:59.999000Z,1707206400000,2024-02-06T08:00:00Z,1707227999999,2024-02-06T13:59:59.999000Z,NORMAL,LONG,3.143,3.12,3.195899999999999,3.195899999999999,TP,2.3,False
LINKUSDT,1707377399999,2024-02-08T07:29:59.999000Z,1707377400000,2024-02-08T07:30:00Z,1707380999999,2024-02-08T08:29:59.999000Z,NORMAL,LONG,19.231,19.032,19.688700000000004,19.032,SL,-1.0,False
ETCUSDT,1707469199999,2024-02-09T08:59:59.999000Z,1707469200000,2024-02-09T09:00:00Z,1707472799999,2024-02-09T09:59:59.999000Z,NORMAL,LONG,26.267000000000003,26.108,26.632700000000007,26.108,SL,-1.0,False
RUNEUSDT,1708329599999,2024-02-19T07:59:59.999000Z,1708329600000,2024-02-19T08:00:00Z,1708333199999,2024-02-19T08:59:59.999000Z,NORMAL,LONG,5.6121,5.5749,5.697659999999999,5.5749,SL,-1.0,False
ADAUSDT,1708509599999,2024-02-21T09:59:59.999000Z,1708509600000,2024-02-21T10:00:00Z,1708513199999,2024-02-21T10:59:59.999000Z,NORMAL,SHORT,0.5828900000000001,0.59141,0.5632940000000004,0.59141,SL,-1.0,False
CRVUSDT,1708509599999,2024-02-21T09:59:59.999000Z,1708509600000,2024-02-21T10:00:00Z,1708514999999,2024-02-21T11:29:59.999000Z,NORMAL,SHORT,0.518,0.529,0.49269999999999997,0.529,SL,-1.0,False
AXSUSDT,1708513199999,2024-02-21T10:59:59.999000Z,1708513200000,2024-02-21T11:00:00Z,1708514999999,2024-02-21T11:29:59.999000Z,NORMAL,SHORT,7.656990000000001,7.69301,7.574144000000004,7.69301,SL,-1.0,False
AAVEUSDT,1708588799999,2024-02-22T07:59:59.999000Z,1708588800000,2024-02-22T08:00:00Z,1708599599999,2024-02-22T10:59:59.999000Z,NORMAL,LONG,93.171,92.649,94.37160000000002,92.649,SL,-1.0,False
BAKEUSDT,1708676999999,2024-02-23T08:29:59.999000Z,1708677000000,2024-02-23T08:30:00Z,1708687799999,2024-02-23T11:29:59.999000Z,NORMAL,SHORT,0.3775,0.38180000000000003,0.36760999999999994,0.38180000000000003,SL,-1.0,False
BNBUSDT,1709139599999,2024-02-28T16:59:59.999000Z,1709139600000,2024-02-28T17:00:00Z,1709141399999,2024-02-28T17:29:59.999000Z,NORMAL,LONG,421.541,416.67900000000003,432.7235999999999,416.67900000000003,SL,-1.0,False
DOTUSDT,1709197199999,2024-02-29T08:59:59.999000Z,1709197200000,2024-02-29T09:00:00Z,1709200799999,2024-02-29T09:59:59.999000Z,NORMAL,LONG,8.866999999999999,8.705,9.239599999999998,8.705,SL,-1.0,False
DUSKUSDT,1709197199999,2024-02-29T08:59:59.999000Z,1709197200000,2024-02-29T09:00:00Z,1709200799999,2024-02-29T09:59:59.999000Z,NORMAL,LONG,0.33175000000000004,0.32730000000000004,0.3419850000000001,0.32730000000000004,SL,-1.0,False
KNCUSDT,1709197199999,2024-02-29T08:59:59.999000Z,1709197200000,2024-02-29T09:00:00Z,1709202599999,2024-02-29T10:29:59.999000Z,NORMAL,LONG,0.7218100000000001,0.7103900000000001,0.7480760000000001,0.7103900000000001,SL,-1.0,False
ONTUSDT,1709197199999,2024-02-29T08:59:59.999000Z,1709197200000,2024-02-29T09:00:00Z,1709200799999,2024-02-29T09:59:59.999000Z,NORMAL,LONG,0.2885,0.28450000000000003,0.29769999999999985,0.28450000000000003,SL,-1.0,False
ICPUSDT,1709202599999,2024-02-29T10:29:59.999000Z,1709202600000,2024-02-29T10:30:00Z,1709207999999,2024-02-29T11:59:59.999000Z,NORMAL,LONG,13.28,13.120000000000001,13.647999999999996,13.120000000000001,SL,-1.0,False
QTUMUSDT,1710772199999,2024-03-18T14:29:59.999000Z,1710772200000,2024-03-18T14:30:00Z,1710804599999,2024-03-18T23:29:59.999000Z,NORMAL,SHORT,4.3759999999999994,4.433000000000001,4.244899999999997,4.369,SESSION,0.12280701754385118,False
XLMUSDT,1711438199999,2024-03-26T07:29:59.999000Z,1711438200000,2024-03-26T07:30:00Z,1711439999999,2024-03-26T07:59:59.999000Z,NORMAL,LONG,0.13999000000000003,0.13905,0.14215200000000008,0.13905,SL,-1.0,False
TRXUSDT,1711441799999,2024-03-26T08:29:59.999000Z,1711441800000,2024-03-26T08:30:00Z,1711450799999,2024-03-26T10:59:59.999000Z,NORMAL,LONG,0.12153,0.12112000000000002,0.12247299999999996,0.12247299999999996,TP,2.3,False
MASKUSDT,1711529999999,2024-03-27T08:59:59.999000Z,1711530000000,2024-03-27T09:00:00Z,1711535399999,2024-03-27T10:29:59.999000Z,NORMAL,SHORT,5.0319,5.1161,4.83824,5.1161,SL,-1.0,False
1000SHIBUSDT,1711621799999,2024-03-28T10:29:59.999000Z,1711621800000,2024-03-28T10:30:00Z,1711623599999,2024-03-28T10:59:59.999000Z,NORMAL,LONG,0.031354,0.031069999999999997,0.032007200000000006,0.032007200000000006,TP,2.3,False
BTCUSDT,1711965599999,2024-04-01T09:59:59.999000Z,1711965600000,2024-04-01T10:00:00Z,1711969199999,2024-04-01T10:59:59.999000Z,NORMAL,SHORT,69447.79000000001,69609.01,69076.98400000004,69609.01,SL,-1.0,False
LTCUSDT,1711981799999,2024-04-01T14:29:59.999000Z,1711981800000,2024-04-01T14:30:00Z,1712014199999,2024-04-01T23:29:59.999000Z,NORMAL,SHORT,101.82,104.06,96.66799999999998,99.67,SESSION,0.9598214285714208,False
MKRUSDT,1711983599999,2024-04-01T14:59:59.999000Z,1711983600000,2024-04-01T15:00:00Z,1712001599999,2024-04-01T19:59:59.999000Z,NORMAL,SHORT,3690.5899999999997,3735.8100000000004,3586.583999999998,3735.8100000000004,SL,-1.0,False
COTIUSDT,1711987199999,2024-04-01T15:59:59.999000Z,1711987200000,2024-04-01T16:00:00Z,1711988999999,2024-04-01T16:29:59.999000Z,NORMAL,SHORT,0.17317,0.17595000000000002,0.16677599999999992,0.17595000000000002,SL,-1.0,False
DOTUSDT,1711987199999,2024-04-01T15:59:59.999000Z,1711987200000,2024-04-01T16:00:00Z,1711999799999,2024-04-01T19:29:59.999000Z,NORMAL,SHORT,8.998000000000001,9.107,8.747300000000005,9.107,SL,-1.0,False
LPTUSDT,1711987199999,2024-04-01T15:59:59.999000Z,1711987200000,2024-04-01T16:00:00Z,1711988999999,2024-04-01T16:29:59.999000Z,NORMAL,SHORT,17.371,17.588,16.871899999999993,17.588,SL,-1.0,False
RUNEUSDT,1711987199999,2024-04-01T15:59:59.999000Z,1711987200000,2024-04-01T16:00:00Z,1711999799999,2024-04-01T19:29:59.999000Z,NORMAL,SHORT,7.985900000000001,8.1061,7.709440000000003,8.1061,SL,-1.0,False
SANDUSDT,1711987199999,2024-04-01T15:59:59.999000Z,1711987200000,2024-04-01T16:00:00Z,1711999799999,2024-04-01T19:29:59.999000Z,NORMAL,SHORT,0.6452900000000001,0.65461,0.6238540000000004,0.65461,SL,-1.0,False
SNXUSDT,1711987199999,2024-04-01T15:59:59.999000Z,1711987200000,2024-04-01T16:00:00Z,1712001599999,2024-04-01T19:59:59.999000Z,NORMAL,SHORT,4.335,4.401000000000001,4.1831999999999985,4.401000000000001,SL,-1.0,False
ZECUSDT,1711990799999,2024-04-01T16:59:59.999000Z,1711990800000,2024-04-01T17:00:00Z,1712001599999,2024-04-01T19:59:59.999000Z,NORMAL,SHORT,28.38,28.630000000000003,27.804999999999993,28.630000000000003,SL,-1.0,False
UNIUSDT,1712051999999,2024-04-02T09:59:59.999000Z,1712052000000,2024-04-02T10:00:00Z,1712069999999,2024-04-02T14:59:59.999000Z,NORMAL,SHORT,11.4029,11.5031,11.172440000000003,11.5031,SL,-1.0,False
DOTUSDT,1712053799999,2024-04-02T10:29:59.999000Z,1712053800000,2024-04-02T10:30:00Z,1712086199999,2024-04-02T19:29:59.999000Z,NORMAL,SHORT,8.544,8.623,8.362300000000003,8.608,EMA,-0.8101265822784935,False
AAVEUSDT,1712829599999,2024-04-11T09:59:59.999000Z,1712829600000,2024-04-11T10:00:00Z,1712836799999,2024-04-11T11:59:59.999000Z,T+1,SHORT,121.76899999999999,122.71100000000001,119.60239999999995,119.60239999999995,TP,2.3,False
DOGEUSDT,1713178799999,2024-04-15T10:59:59.999000Z,1713178800000,2024-04-15T11:00:00Z,1713180599999,2024-04-15T11:29:59.999000Z,NORMAL,LONG,0.165601,0.164479,0.16818160000000001,0.164479,SL,-1.0,False
ICPUSDT,1713283199999,2024-04-16T15:59:59.999000Z,1713283200000,2024-04-16T16:00:00Z,1713286799999,2024-04-16T16:59:59.999000Z,NORMAL,SHORT,11.55,11.82,10.929000000000002,11.82,SL,-1.0,False
1000SHIBUSDT,1713367799999,2024-04-17T15:29:59.999000Z,1713367800000,2024-04-17T15:30:00Z,1713371399999,2024-04-17T16:29:59.999000Z,NORMAL,SHORT,0.021488999999999998,0.021799,0.020775999999999996,0.021799,SL,-1.0,False
ADAUSDT,1713367799999,2024-04-17T15:29:59.999000Z,1713367800000,2024-04-17T15:30:00Z,1713376799999,2024-04-17T17:59:59.999000Z,NORMAL,SHORT,0.43429,0.44241,0.415614,0.44241,SL,-1.0,False
BNBUSDT,1713369599999,2024-04-17T15:59:59.999000Z,1713369600000,2024-04-17T16:00:00Z,1713371399999,2024-04-17T16:29:59.999000Z,NORMAL,SHORT,516.0790000000001,522.411,501.51540000000034,522.411,SL,-1.0,False
ETCUSDT,1713369599999,2024-04-17T15:59:59.999000Z,1713369600000,2024-04-17T16:00:00Z,1713371399999,2024-04-17T16:29:59.999000Z,NORMAL,SHORT,24.782999999999998,25.180000000000003,23.869899999999983,25.180000000000003,SL,-1.0,False
XRPUSDT,1713369599999,2024-04-17T15:59:59.999000Z,1713369600000,2024-04-17T16:00:00Z,1713371399999,2024-04-17T16:29:59.999000Z,NORMAL,SHORT,0.4726,0.4799,0.4558100000000001,0.4799,SL,-1.0,False
ONTUSDT,1713425399999,2024-04-18T07:29:59.999000Z,1713425400000,2024-04-18T07:30:00Z,1713430799999,2024-04-18T08:59:59.999000Z,NORMAL,SHORT,0.2785,0.2829,0.2683800000000001,0.2829,SL,-1.0,False
TRXUSDT,1713538799999,2024-04-19T14:59:59.999000Z,1713538800000,2024-04-19T15:00:00Z,1713569399999,2024-04-19T23:29:59.999000Z,NORMAL,LONG,0.10982,0.10919000000000001,0.11126899999999998,0.10919000000000001,SL,-1.0,False
AVAXUSDT,1713779999999,2024-04-22T09:59:59.999000Z,1713780000000,2024-04-22T10:00:00Z,1713794399999,2024-04-22T13:59:59.999000Z,NORMAL,LONG,39.015100000000004,38.6919,39.75846000000002,38.6919,SL,-1.0,False
XRPUSDT,1713803399999,2024-04-22T16:29:59.999000Z,1713803400000,2024-04-22T16:30:00Z,1713817799999,2024-04-22T20:29:59.999000Z,NORMAL,LONG,0.5433,0.5379,0.5557199999999999,0.5557199999999999,TP,2.3,False
ICPUSDT,1713857399999,2024-04-23T07:29:59.999000Z,1713857400000,2024-04-23T07:30:00Z,1713868199999,2024-04-23T10:29:59.999000Z,NORMAL,SHORT,14.65,14.86,14.167000000000003,14.86,SL,-1.0,False
RUNEUSDT,1713857399999,2024-04-23T07:29:59.999000Z,1713857400000,2024-04-23T07:30:00Z,1713880799999,2024-04-23T13:59:59.999000Z,NORMAL,SHORT,5.5479,5.5961,5.437040000000001,5.5961,SL,-1.0,False
DOGEUSDT,1713859199999,2024-04-23T07:59:59.999000Z,1713859200000,2024-04-23T08:00:00Z,1713862799999,2024-04-23T08:59:59.999000Z,NORMAL,SHORT,0.156709,0.157971,0.15380639999999995,0.157971,SL,-1.0,False
HBARUSDT,1714127399999,2024-04-26T10:29:59.999000Z,1714127400000,2024-04-26T10:30:00Z,1714174199999,2024-04-26T23:29:59.999000Z,NORMAL,SHORT,0.11325000000000002,0.11528000000000001,0.10858100000000004,0.11065,SESSION,1.280788177339917,False
MKRUSDT,1714388399999,2024-04-29T10:59:59.999000Z,1714388400000,2024-04-29T11:00:00Z,1714431599999,2024-04-29T22:59:59.999000Z,NORMAL,SHORT,2793.19,2836.61,2693.324,2836.61,SL,-1.0,False
TRXUSDT,1714404599999,2024-04-29T15:29:59.999000Z,1714404600000,2024-04-29T15:30:00Z,1714409999999,2024-04-29T16:59:59.999000Z,NORMAL,SHORT,0.11798000000000002,0.11826,0.11733600000000004,0.11826,SL,-1.0,False
LINKUSDT,1715155199999,2024-05-08T07:59:59.999000Z,1715155200000,2024-05-08T08:00:00Z,1715156999999,2024-05-08T08:29:59.999000Z,NORMAL,SHORT,13.761000000000001,13.863999999999999,13.524100000000006,13.863999999999999,SL,-1.0,False
ZECUSDT,1715335199999,2024-05-10T09:59:59.999000Z,1715335200000,2024-05-10T10:00:00Z,1715344199999,2024-05-10T12:29:59.999000Z,NORMAL,LONG,24.01,23.81,24.47000000000001,23.81,SL,-1.0,False
XLMUSDT,1715844599999,2024-05-16T07:29:59.999000Z,1715844600000,2024-05-16T07:30:00Z,1715851799999,2024-05-16T09:29:59.999000Z,T+1,LONG,0.10734,0.10700000000000001,0.10812199999999998,0.10700000000000001,SL,-1.0,False
SKLUSDT,1716285599999,2024-05-21T09:59:59.999000Z,1716285600000,2024-05-21T10:00:00Z,1716289199999,2024-05-21T10:59:59.999000Z,NORMAL,LONG,0.08527,0.08445000000000001,0.08715599999999997,0.08715599999999997,TP,2.3,False
LTCUSDT,1716370199999,2024-05-22T09:29:59.999000Z,1716370200000,2024-05-22T09:30:00Z,1716382799999,2024-05-22T12:59:59.999000Z,NORMAL,SHORT,86.81,87.25,85.798,85.798,TP,2.3,False
BAKEUSDT,1716562799999,2024-05-24T14:59:59.999000Z,1716562800000,2024-05-24T15:00:00Z,1716568199999,2024-05-24T16:29:59.999000Z,NORMAL,LONG,0.3306,0.32470000000000004,0.3441699999999999,0.32470000000000004,SL,-1.0,False
AXSUSDT,1716821999999,2024-05-27T14:59:59.999000Z,1716822000000,2024-05-27T15:00:00Z,1716829199999,2024-05-27T16:59:59.999000Z,NORMAL,LONG,7.88901,7.821990000000001,8.043155999999996,8.043155999999996,TP,2.3,False
XMRUSDT,1716827399999,2024-05-27T16:29:59.999000Z,1716827400000,2024-05-27T16:30:00Z,1716834599999,2024-05-27T18:29:59.999000Z,NORMAL,LONG,143.60999999999999,143.09,144.80599999999995,143.09,SL,-1.0,False
DOTUSDT,1716881399999,2024-05-28T07:29:59.999000Z,1716881400000,2024-05-28T07:30:00Z,1716886799999,2024-05-28T08:59:59.999000Z,NORMAL,SHORT,7.325,7.4110000000000005,7.127199999999999,7.4110000000000005,SL,-1.0,False
XMRUSDT,1716886799999,2024-05-28T08:59:59.999000Z,1716886800000,2024-05-28T09:00:00Z,1716892199999,2024-05-28T10:29:59.999000Z,NORMAL,LONG,144.60999999999999,143.62,146.88699999999994,143.62,SL,-1.0,False
LPTUSDT,1716992999999,2024-05-29T14:29:59.999000Z,1716993000000,2024-05-29T14:30:00Z,1717001999999,2024-05-29T16:59:59.999000Z,NORMAL,SHORT,21.131999999999998,21.425,20.45809999999999,21.425,SL,-1.0,False
BAKEUSDT,1717088399999,2024-05-30T16:59:59.999000Z,1717088400000,2024-05-30T17:00:00Z,1717090199999,2024-05-30T17:29:59.999000Z,NORMAL,LONG,0.3123,0.3098,0.31805,0.3098,SL,-1.0,False
TRXUSDT,1717088399999,2024-05-30T16:59:59.999000Z,1717088400000,2024-05-30T17:00:00Z,1717099199999,2024-05-30T19:59:59.999000Z,NORMAL,LONG,0.11203,0.11190000000000001,0.11232899999999998,0.11190000000000001,SL,-1.0,False
CRVUSDT,1718639999999,2024-06-17T15:59:59.999000Z,1718640000000,2024-06-17T16:00:00Z,1718643599999,2024-06-17T16:59:59.999000Z,NORMAL,SHORT,0.309,0.318,0.2883,0.318,SL,-1.0,False
AAVEUSDT,1718783999999,2024-06-19T07:59:59.999000Z,1718784000000,2024-06-19T08:00:00Z,1718787599999,2024-06-19T08:59:59.999000Z,NORMAL,LONG,87.631,86.79899999999999,89.54460000000002,86.79899999999999,SL,-1.0,False
DOTUSDT,1718789399999,2024-06-19T09:29:59.999000Z,1718789400000,2024-06-19T09:30:00Z,1718791199999,2024-06-19T09:59:59.999000Z,NORMAL,LONG,5.976000000000001,5.935,6.070300000000004,5.935,SL,-1.0,False
KNCUSDT,1718814599999,2024-06-19T16:29:59.999000Z,1718814600000,2024-06-19T16:30:00Z,1718823599999,2024-06-19T18:59:59.999000Z,NORMAL,LONG,0.59111,0.5813900000000001,0.613466,0.5813900000000001,SL,-1.0,False
MKRUSDT,1719311399999,2024-06-25T10:29:59.999000Z,1719311400000,2024-06-25T10:30:00Z,1719316799999,2024-06-25T11:59:59.999000Z,NORMAL,LONG,2274.11,2253.89,2320.616000000001,2320.616000000001,TP,2.3,False
DASHUSDT,1719313199999,2024-06-25T10:59:59.999000Z,1719313200000,2024-06-25T11:00:00Z,1719322199999,2024-06-25T13:29:59.999000Z,NORMAL,LONG,23.770000000000003,23.65,24.046000000000014,23.65,SL,-1.0,False
AVAXUSDT,1719329399999,2024-06-25T15:29:59.999000Z,1719329400000,2024-06-25T15:30:00Z,1719334799999,2024-06-25T16:59:59.999000Z,NORMAL,LONG,25.5931,25.3629,26.12256,25.3629,SL,-1.0,False
BCHUSDT,1719329399999,2024-06-25T15:29:59.999000Z,1719329400000,2024-06-25T15:30:00Z,1719358199999,2024-06-25T23:29:59.999000Z,NORMAL,LONG,391.13,385.59000000000003,403.8719999999999,386.96,SESSION,-0.7527075812274446,False
BTCUSDT,1719329399999,2024-06-25T15:29:59.999000Z,1719329400000,2024-06-25T15:30:00Z,1719340199999,2024-06-25T18:29:59.999000Z,NORMAL,LONG,61850.41,61283.99,63153.176000000014,61283.99,SL,-1.0,False
LPTUSDT,1719331199999,2024-06-25T15:59:59.999000Z,1719331200000,2024-06-25T16:00:00Z,1719358199999,2024-06-25T23:29:59.999000Z,NORMAL,LONG,17.217000000000002,16.994999999999997,17.727600000000013,17.234,SESSION,0.07657657657657246,False
XRPUSDT,1719392399999,2024-06-26T08:59:59.999000Z,1719392400000,2024-06-26T09:00:00Z,1719394199999,2024-06-26T09:29:59.999000Z,NORMAL,SHORT,0.47230000000000005,0.4739,0.4686200000000002,0.4739,SL,-1.0,False
1000SHIBUSDT,1719397799999,2024-06-26T10:29:59.999000Z,1719397800000,2024-06-26T10:30:00Z,1719401399999,2024-06-26T11:29:59.999000Z,NORMAL,SHORT,0.017449999999999997,0.017578,0.01715559999999999,0.017578,SL,-1.0,False
TRXUSDT,1719827999999,2024-07-01T09:59:59.999000Z,1719828000000,2024-07-01T10:00:00Z,1719829799999,2024-07-01T10:29:59.999000Z,NORMAL,LONG,0.12596000000000002,0.12567,0.12662700000000005,0.12662700000000005,TP,2.3,False
KNCUSDT,1721055599999,2024-07-15T14:59:59.999000Z,1721055600000,2024-07-15T15:00:00Z,1721057399999,2024-07-15T15:29:59.999000Z,NORMAL,LONG,0.53831,0.5353900000000001,0.5450259999999996,0.5353900000000001,SL,-1.0,False
MKRUSDT,1721231999999,2024-07-17T15:59:59.999000Z,1721232000000,2024-07-17T16:00:00Z,1721246399999,2024-07-17T19:59:59.999000Z,NORMAL,SHORT,2852.89,2895.51,2754.863999999999,2895.51,SL,-1.0,False
DUSKUSDT,1721233799999,2024-07-17T16:29:59.999000Z,1721233800000,2024-07-17T16:30:00Z,1721244599999,2024-07-17T19:29:59.999000Z,NORMAL,SHORT,0.27452,0.27964000000000006,0.2627439999999998,0.27964000000000006,SL,-1.0,False
NEARUSDT,1721298599999,2024-07-18T10:29:59.999000Z,1721298600000,2024-07-18T10:30:00Z,1721302199999,2024-07-18T11:29:59.999000Z,NORMAL,SHORT,6.0079,6.0841,5.8326400000000005,6.0841,SL,-1.0,False
XMRUSDT,1721721599999,2024-07-23T07:59:59.999000Z,1721721600000,2024-07-23T08:00:00Z,1721726999999,2024-07-23T09:29:59.999000Z,NORMAL,SHORT,158.9,159.79999999999998,156.83000000000007,159.79999999999998,SL,-1.0,False
QTUMUSDT,1722250799999,2024-07-29T10:59:59.999000Z,1722250800000,2024-07-29T11:00:00Z,1722252599999,2024-07-29T11:29:59.999000Z,NORMAL,LONG,2.778,2.765,2.8078999999999996,2.765,SL,-1.0,False
ZECUSDT,1722959999999,2024-08-06T15:59:59.999000Z,1722960000000,2024-08-06T16:00:00Z,1722985199999,2024-08-06T22:59:59.999000Z,NORMAL,LONG,32.71,31.86,34.665000000000006,31.86,SL,-1.0,False
PEOPLEUSDT,1723127399999,2024-08-08T14:29:59.999000Z,1723127400000,2024-08-08T14:30:00Z,1723157999999,2024-08-08T22:59:59.999000Z,NORMAL,LONG,0.05831000000000001,0.05706,0.061185000000000024,0.061185000000000024,TP,2.3,False
ETCUSDT,1723129199999,2024-08-08T14:59:59.999000Z,1723129200000,2024-08-08T15:00:00Z,1723134599999,2024-08-08T16:29:59.999000Z,NORMAL,LONG,18.999000000000002,18.846999999999998,19.348600000000012,19.348600000000012,TP,2.3,False
NEARUSDT,1723132799999,2024-08-08T15:59:59.999000Z,1723132800000,2024-08-08T16:00:00Z,1723157999999,2024-08-08T22:59:59.999000Z,NORMAL,LONG,3.9141000000000004,3.8479,4.066360000000001,4.066360000000001,TP,2.3,False
AAVEUSDT,1723201199999,2024-08-09T10:59:59.999000Z,1723201200000,2024-08-09T11:00:00Z,1723213799999,2024-08-09T14:29:59.999000Z,NORMAL,SHORT,95.809,96.611,93.96439999999998,96.611,SL,-1.0,False
KNCUSDT,1723217399999,2024-08-09T15:29:59.999000Z,1723217400000,2024-08-09T15:30:00Z,1723242599999,2024-08-09T22:29:59.999000Z,NORMAL,SHORT,0.42959,0.43331000000000003,0.421034,0.4305,EMA,-0.2446236559139694,False
PEOPLEUSDT,1724147999999,2024-08-20T09:59:59.999000Z,1724148000000,2024-08-20T10:00:00Z,1724151599999,2024-08-20T10:59:59.999000Z,NORMAL,LONG,0.05720000000000001,0.056440000000000004,0.058948000000000014,0.056440000000000004,SL,-1.0,False
ZENUSDT,1724169599999,2024-08-20T15:59:59.999000Z,1724169600000,2024-08-20T16:00:00Z,1724176799999,2024-08-20T17:59:59.999000Z,NORMAL,SHORT,7.604,7.682,7.4246,7.682,SL,-1.0,False
DASHUSDT,1724171399999,2024-08-20T16:29:59.999000Z,1724171400000,2024-08-20T16:30:00Z,1724185799999,2024-08-20T20:29:59.999000Z,NORMAL,SHORT,25.169999999999998,25.35,24.75599999999999,25.35,SL,-1.0,False
SANDUSDT,1724225399999,2024-08-21T07:29:59.999000Z,1724225400000,2024-08-21T07:30:00Z,1724228999999,2024-08-21T08:29:59.999000Z,NORMAL,LONG,0.26511,0.26359,0.26860600000000007,0.26359,SL,-1.0,False
TRXUSDT,1724228999999,2024-08-21T08:29:59.999000Z,1724229000000,2024-08-21T08:30:00Z,1724246999999,2024-08-21T13:29:59.999000Z,NORMAL,LONG,0.16296000000000002,0.16096,0.1675600000000001,0.16096,SL,-1.0,False
FILUSDT,1724313599999,2024-08-22T07:59:59.999000Z,1724313600000,2024-08-22T08:00:00Z,1724324399999,2024-08-22T10:59:59.999000Z,NORMAL,LONG,3.854,3.834,3.9,3.9,TP,2.3,False
TRBUSDT,1724426999999,2024-08-23T15:29:59.999000Z,1724427000000,2024-08-23T15:30:00Z,1724455799999,2024-08-23T23:29:59.999000Z,NORMAL,LONG,73.239,70.76299999999999,78.93380000000003,75.02,SESSION,0.7193053311793143,False
DOTUSDT,1724657399999,2024-08-26T07:29:59.999000Z,1724657400000,2024-08-26T07:30:00Z,1724668199999,2024-08-26T10:29:59.999000Z,NORMAL,SHORT,4.718,4.764,4.6122,4.764,SL,-1.0,False
TRXUSDT,1724668199999,2024-08-26T10:29:59.999000Z,1724668200000,2024-08-26T10:30:00Z,1724675399999,2024-08-26T12:29:59.999000Z,NORMAL,LONG,0.16835000000000003,0.16711,0.17120200000000008,0.16711,SL,-1.0,False
DOTUSDT,1724669999999,2024-08-26T10:59:59.999000Z,1724670000000,2024-08-26T11:00:00Z,1724686199999,2024-08-26T15:29:59.999000Z,NORMAL,SHORT,4.72,4.755000000000001,4.639499999999997,4.639499999999997,TP,2.3,False
BCHUSDT,1724770799999,2024-08-27T14:59:59.999000Z,1724770800000,2024-08-27T15:00:00Z,1724794199999,2024-08-27T21:29:59.999000Z,NORMAL,SHORT,337.7,339.82,332.82399999999996,332.82399999999996,TP,2.3,False
1000SHIBUSDT,1724916599999,2024-08-29T07:29:59.999000Z,1724916600000,2024-08-29T07:30:00Z,1724920199999,2024-08-29T08:29:59.999000Z,NORMAL,LONG,0.01415,0.014058,0.014361599999999999,0.014058,SL,-1.0,False
ADAUSDT,1724918399999,2024-08-29T07:59:59.999000Z,1724918400000,2024-08-29T08:00:00Z,1724923799999,2024-08-29T09:29:59.999000Z,NORMAL,LONG,0.35821000000000003,0.35669,0.3617060000000001,0.3617060000000001,TP,2.3,False
DUSKUSDT,1724929199999,2024-08-29T10:59:59.999000Z,1724929200000,2024-08-29T11:00:00Z,1724938199999,2024-08-29T13:29:59.999000Z,NORMAL,LONG,0.21506000000000003,0.21235,0.22129300000000007,0.22129300000000007,TP,2.3,False
UNIUSDT,1725348599999,2024-09-03T07:29:59.999000Z,1725348600000,2024-09-03T07:30:00Z,1725353999999,2024-09-03T08:59:59.999000Z,NORMAL,LONG,6.2631,6.200900000000001,6.406159999999997,6.200900000000001,SL,-1.0,False
LINKUSDT,1725355799999,2024-09-03T09:29:59.999000Z,1725355800000,2024-09-03T09:30:00Z,1725357599999,2024-09-03T09:59:59.999000Z,NORMAL,SHORT,10.544,10.584,10.452000000000002,10.584,SL,-1.0,False
TRBUSDT,1725377399999,2024-09-03T15:29:59.999000Z,1725377400000,2024-09-03T15:30:00Z,1725389999999,2024-09-03T18:59:59.999000Z,NORMAL,SHORT,57.133,57.8,55.598900000000015,57.8,SL,-1.0,False
DUSKUSDT,1726480799999,2024-09-16T09:59:59.999000Z,1726480800000,2024-09-16T10:00:00Z,1726496999999,2024-09-16T14:29:59.999000Z,NORMAL,SHORT,0.1988,0.20073000000000002,0.19436099999999998,0.19436099999999998,TP,2.3,False
FILUSDT,1726496999999,2024-09-16T14:29:59.999000Z,1726497000000,2024-09-16T14:30:00Z,1726509599999,2024-09-16T17:59:59.999000Z,NORMAL,SHORT,3.3810000000000002,3.42,3.291300000000001,3.42,SL,-1.0,False
PEOPLEUSDT,1726496999999,2024-09-16T14:29:59.999000Z,1726497000000,2024-09-16T14:30:00Z,1726529399999,2024-09-16T23:29:59.999000Z,NORMAL,SHORT,0.05537,0.05641000000000001,0.05297799999999999,0.05524,SESSION,0.12500000000000416,False
ZENUSDT,1726496999999,2024-09-16T14:29:59.999000Z,1726497000000,2024-09-16T14:30:00Z,1726509599999,2024-09-16T17:59:59.999000Z,NORMAL,SHORT,7.66,7.743,7.4691,7.743,SL,-1.0,False
DOGEUSDT,1726502399999,2024-09-16T15:59:59.999000Z,1726502400000,2024-09-16T16:00:00Z,1726529399999,2024-09-16T23:29:59.999000Z,NORMAL,SHORT,0.099839,0.100671,0.0979254,0.09954,SESSION,0.35937499999999273,False
LPTUSDT,1726502399999,2024-09-16T15:59:59.999000Z,1726502400000,2024-09-16T16:00:00Z,1726518599999,2024-09-16T20:29:59.999000Z,NORMAL,SHORT,11.612,11.708,11.3912,11.3912,TP,2.3,False
ETCUSDT,1726824599999,2024-09-20T09:29:59.999000Z,1726824600000,2024-09-20T09:30:00Z,1726831799999,2024-09-20T11:29:59.999000Z,T+1,LONG,19.239,19.122999999999998,19.505800000000008,19.122999999999998,SL,-1.0,False
TRBUSDT,1726828199999,2024-09-20T10:29:59.999000Z,1726828200000,2024-09-20T10:30:00Z,1726831799999,2024-09-20T11:29:59.999000Z,T+1,LONG,70.453,69.723,72.132,69.723,SL,-1.0,False
RUNEUSDT,1726851599999,2024-09-20T16:59:59.999000Z,1726851600000,2024-09-20T17:00:00Z,1726858799999,2024-09-20T18:59:59.999000Z,T+1,SHORT,4.3859,4.4111,4.327940000000001,4.4111,SL,-1.0,False
AVAXUSDT,1727348399999,2024-09-26T10:59:59.999000Z,1727348400000,2024-09-26T11:00:00Z,1727357399999,2024-09-26T13:29:59.999000Z,NORMAL,LONG,28.1871,28.024900000000002,28.560159999999996,28.560159999999996,TP,2.3,False
ZECUSDT,1727364599999,2024-09-26T15:29:59.999000Z,1727364600000,2024-09-26T15:30:00Z,1727393399999,2024-09-26T23:29:59.999000Z,NORMAL,LONG,30.37,29.81,31.658000000000005,29.81,SL,-1.0,False
LINKUSDT,1727366399999,2024-09-26T15:59:59.999000Z,1727366400000,2024-09-26T16:00:00Z,1727373599999,2024-09-26T17:59:59.999000Z,NORMAL,LONG,12.645,12.523000000000001,12.925599999999996,12.523000000000001,SL,-1.0,False
SKLUSDT,1727368199999,2024-09-26T16:29:59.999000Z,1727368200000,2024-09-26T16:30:00Z,1727373599999,2024-09-26T17:59:59.999000Z,NORMAL,LONG,0.039150000000000004,0.03886,0.03981700000000002,0.03886,SL,-1.0,False
DOGEUSDT,1727452799999,2024-09-27T15:59:59.999000Z,1727452800000,2024-09-27T16:00:00Z,1727454599999,2024-09-27T16:29:59.999000Z,NORMAL,LONG,0.126961,0.125459,0.1304156,0.125459,SL,-1.0,False
TRBUSDT,1727684999999,2024-09-30T08:29:59.999000Z,1727685000000,2024-09-30T08:30:00Z,1727692199999,2024-09-30T10:29:59.999000Z,NORMAL,SHORT,71.357,72.358,69.05469999999998,69.05469999999998,TP,2.3,False
ETCUSDT,1727693999999,2024-09-30T10:59:59.999000Z,1727694000000,2024-09-30T11:00:00Z,1727695799999,2024-09-30T11:29:59.999000Z,NORMAL,SHORT,19.761,19.862000000000002,19.528699999999994,19.862000000000002,SL,-1.0,False
SOLUSDT,1727778599999,2024-10-01T10:29:59.999000Z,1727778600000,2024-10-01T10:30:00Z,1727783999999,2024-10-01T11:59:59.999000Z,NORMAL,LONG,157.0591,156.4459,158.46946000000003,156.4459,SL,-1.0,False
ZENUSDT,1727792999999,2024-10-01T14:29:59.999000Z,1727793000000,2024-10-01T14:30:00Z,1727796599999,2024-10-01T15:29:59.999000Z,NORMAL,SHORT,7.914,7.9910000000000005,7.736899999999998,7.736899999999998,TP,2.3,False
ONTUSDT,1728631799999,2024-10-11T07:29:59.999000Z,1728631800000,2024-10-11T07:30:00Z,1728642599999,2024-10-11T10:29:59.999000Z,T+1,LONG,0.1851,0.18420000000000003,0.1871699999999999,0.1871699999999999,TP,2.3,False
SKLUSDT,1728637199999,2024-10-11T08:59:59.999000Z,1728637200000,2024-10-11T09:00:00Z,1728642599999,2024-10-11T10:29:59.999000Z,T+1,LONG,0.034640000000000004,0.03436,0.03528400000000001,0.03528400000000001,TP,2.3,False
AVAXUSDT,1728638999999,2024-10-11T09:29:59.999000Z,1728639000000,2024-10-11T09:30:00Z,1728660599999,2024-10-11T15:29:59.999000Z,T+1,LONG,26.4281,26.291900000000002,26.741359999999997,26.741359999999997,TP,2.3,False
NEARUSDT,1728638999999,2024-10-11T09:29:59.999000Z,1728639000000,2024-10-11T09:30:00Z,1728664199999,2024-10-11T16:29:59.999000Z,T+1,LONG,4.7051,4.6629000000000005,4.802159999999998,4.802159999999998,TP,2.3,False
TRBUSDT,1728638999999,2024-10-11T09:29:59.999000Z,1728639000000,2024-10-11T09:30:00Z,1728651599999,2024-10-11T12:59:59.999000Z,T+1,LONG,62.272,61.789,63.38289999999999,61.789,SL,-1.0,False
RVNUSDT,1728640799999,2024-10-11T09:59:59.999000Z,1728640800000,2024-10-11T10:00:00Z,1728660599999,2024-10-11T15:29:59.999000Z,T+1,LONG,0.01628,0.016130000000000002,0.016624999999999994,0.016624999999999994,TP,2.3,False
COTIUSDT,1728890999999,2024-10-14T07:29:59.999000Z,1728891000000,2024-10-14T07:30:00Z,1728898199999,2024-10-14T09:29:59.999000Z,NORMAL,LONG,0.10355,0.10292000000000001,0.10499899999999998,0.10292000000000001,SL,-1.0,False
DOTUSDT,1728892799999,2024-10-14T07:59:59.999000Z,1728892800000,2024-10-14T08:00:00Z,1728898199999,2024-10-14T09:29:59.999000Z,NORMAL,LONG,4.275,4.249,4.334800000000002,4.249,SL,-1.0,False
XRPUSDT,1728898199999,2024-10-14T09:29:59.999000Z,1728898200000,2024-10-14T09:30:00Z,1728916199999,2024-10-14T14:29:59.999000Z,NORMAL,LONG,0.5391,0.5368,0.5443899999999999,0.5443899999999999,TP,2.3,False
BCHUSDT,1728899999999,2024-10-14T09:59:59.999000Z,1728900000000,2024-10-14T10:00:00Z,1728908999999,2024-10-14T12:29:59.999000Z,NORMAL,LONG,330.13,328.49,333.902,328.49,SL,-1.0,False
LTCUSDT,1728919799999,2024-10-14T15:29:59.999000Z,1728919800000,2024-10-14T15:30:00Z,1728926999999,2024-10-14T17:29:59.999000Z,NORMAL,LONG,66.81,66.49,67.54600000000002,66.49,SL,-1.0,False
AVAXUSDT,1729063799999,2024-10-16T07:29:59.999000Z,1729063800000,2024-10-16T07:30:00Z,1729072799999,2024-10-16T09:59:59.999000Z,NORMAL,SHORT,27.2709,27.5881,26.54134,27.5881,SL,-1.0,False
SKLUSDT,1729069199999,2024-10-16T08:59:59.999000Z,1729069200000,2024-10-16T09:00:00Z,1729078199999,2024-10-16T11:29:59.999000Z,NORMAL,SHORT,0.03778,0.03801000000000001,0.037250999999999986,0.03801000000000001,SL,-1.0,False
DOTUSDT,1729236599999,2024-10-18T07:29:59.999000Z,1729236600000,2024-10-18T07:30:00Z,1729240199999,2024-10-18T08:29:59.999000Z,NORMAL,LONG,4.2620000000000005,4.2459999999999996,4.298800000000003,4.2459999999999996,SL,-1.0,False
1000SHIBUSDT,1729522799999,2024-10-21T14:59:59.999000Z,1729522800000,2024-10-21T15:00:00Z,1729533599999,2024-10-21T17:59:59.999000Z,NORMAL,SHORT,0.018264999999999997,0.018397,0.01796139999999999,0.018397,SL,-1.0,False
RUNEUSDT,1729522799999,2024-10-21T14:59:59.999000Z,1729522800000,2024-10-21T15:00:00Z,1729526399999,2024-10-21T15:59:59.999000Z,NORMAL,SHORT,4.9069,4.9561,4.793740000000001,4.9561,SL,-1.0,False
DOTUSDT,1729528199999,2024-10-21T16:29:59.999000Z,1729528200000,2024-10-21T16:30:00Z,1729531799999,2024-10-21T17:29:59.999000Z,NORMAL,SHORT,4.343999999999999,4.381,4.258899999999998,4.381,SL,-1.0,False
KNCUSDT,1729587599999,2024-10-22T08:59:59.999000Z,1729587600000,2024-10-22T09:00:00Z,1729621799999,2024-10-22T18:29:59.999000Z,NORMAL,SHORT,0.44749,0.45141000000000003,0.4384739999999999,0.4492,EMA,-0.4362244897959118,False
TRBUSDT,1729672199999,2024-10-23T08:29:59.999000Z,1729672200000,2024-10-23T08:30:00Z,1729702799999,2024-10-23T16:59:59.999000Z,NORMAL,SHORT,64.083,64.876,62.25909999999998,62.25909999999998,TP,2.3,False
ONTUSDT,1729673999999,2024-10-23T08:59:59.999000Z,1729674000000,2024-10-23T09:00:00Z,1729697399999,2024-10-23T15:29:59.999000Z,NORMAL,SHORT,0.19200000000000003,0.1945,0.18625000000000008,0.18625000000000008,TP,2.3,False
SKLUSDT,1729841399999,2024-10-25T07:29:59.999000Z,1729841400000,2024-10-25T07:30:00Z,1729846799999,2024-10-25T08:59:59.999000Z,NORMAL,SHORT,0.03738,0.037820000000000006,0.03636799999999998,0.037820000000000006,SL,-1.0,False
AXSUSDT,1730134799999,2024-10-28T16:59:59.999000Z,1730134800000,2024-10-28T17:00:00Z,1730143799999,2024-10-28T19:29:59.999000Z,NORMAL,SHORT,4.67299,4.71701,4.571744000000001,4.71701,SL,-1.0,False
DUSKUSDT,1730134799999,2024-10-28T16:59:59.999000Z,1730134800000,2024-10-28T17:00:00Z,1730136599999,2024-10-28T17:29:59.999000Z,NORMAL,SHORT,0.16469,0.16623000000000002,0.16114799999999999,0.16623000000000002,SL,-1.0,False
RVNUSDT,1730190599999,2024-10-29T08:29:59.999000Z,1730190600000,2024-10-29T08:30:00Z,1730194199999,2024-10-29T09:29:59.999000Z,NORMAL,LONG,0.017730000000000003,0.01759,0.018052000000000006,0.018052000000000006,TP,2.3,False
1000SHIBUSDT,1730215799999,2024-10-29T15:29:59.999000Z,1730215800000,2024-10-29T15:30:00Z,1730219399999,2024-10-29T16:29:59.999000Z,NORMAL,LONG,0.018869,0.018652,0.019368100000000006,0.019368100000000006,TP,2.3,False
DOGEUSDT,1730215799999,2024-10-29T15:29:59.999000Z,1730215800000,2024-10-29T15:30:00Z,1730219399999,2024-10-29T16:29:59.999000Z,NORMAL,LONG,0.16997099999999998,0.167619,0.17538059999999997,0.17538059999999997,TP,2.3,False
XLMUSDT,1730793599999,2024-11-05T07:59:59.999000Z,1730793600000,2024-11-05T08:00:00Z,1730831399999,2024-11-05T18:29:59.999000Z,NORMAL,LONG,0.09241,0.09191,0.09356,0.09356,TP,2.3,False
DOTUSDT,1730797199999,2024-11-05T08:59:59.999000Z,1730797200000,2024-11-05T09:00:00Z,1730802599999,2024-11-05T10:29:59.999000Z,NORMAL,LONG,3.847,3.8230000000000004,3.902199999999999,3.8230000000000004,SL,-1.0,False
BNBUSDT,1730822399999,2024-11-05T15:59:59.999000Z,1730822400000,2024-11-05T16:00:00Z,1730836799999,2024-11-05T19:59:59.999000Z,NORMAL,LONG,565.521,562.0590000000001,573.4835999999997,562.0590000000001,SL,-1.0,False
BTCUSDT,1730822399999,2024-11-05T15:59:59.999000Z,1730822400000,2024-11-05T16:00:00Z,1730836799999,2024-11-05T19:59:59.999000Z,NORMAL,LONG,69738.70999999999,69179.99,71023.76599999996,69179.99,SL,-1.0,False
ICPUSDT,1730822399999,2024-11-05T15:59:59.999000Z,1730822400000,2024-11-05T16:00:00Z,1730849399999,2024-11-05T23:29:59.999000Z,NORMAL,LONG,7.33,7.220000000000001,7.582999999999998,7.389,SESSION,0.5363636363636406,False
SANDUSDT,1730822399999,2024-11-05T15:59:59.999000Z,1730822400000,2024-11-05T16:00:00Z,1730836799999,2024-11-05T19:59:59.999000Z,NORMAL,LONG,0.23681000000000002,0.2346,0.24189300000000005,0.2346,SL,-1.0,False
SOLUSDT,1730822399999,2024-11-05T15:59:59.999000Z,1730822400000,2024-11-05T16:00:00Z,1730836799999,2024-11-05T19:59:59.999000Z,NORMAL,LONG,166.14010000000002,164.5199,169.86656000000005,164.5199,SL,-1.0,False
BAKEUSDT,1730824199999,2024-11-05T16:29:59.999000Z,1730824200000,2024-11-05T16:30:00Z,1730836799999,2024-11-05T19:59:59.999000Z,NORMAL,LONG,0.2213,0.21870000000000003,0.2272799999999999,0.21870000000000003,SL,-1.0,False
KNCUSDT,1730824199999,2024-11-05T16:29:59.999000Z,1730824200000,2024-11-05T16:30:00Z,1730836799999,2024-11-05T19:59:59.999000Z,NORMAL,LONG,0.41351000000000004,0.41079000000000004,0.41976600000000003,0.41079000000000004,SL,-1.0,False
KNCUSDT,1731576599999,2024-11-14T09:29:59.999000Z,1731576600000,2024-11-14T09:30:00Z,1731578399999,2024-11-14T09:59:59.999000Z,T+1,LONG,0.52121,0.5165900000000001,0.5318359999999996,0.5165900000000001,SL,-1.0,False
ICPUSDT,1731598199999,2024-11-14T15:29:59.999000Z,1731598200000,2024-11-14T15:30:00Z,1731603599999,2024-11-14T16:59:59.999000Z,T+1,SHORT,8.01,8.24,7.480999999999999,8.24,SL,-1.0,False
DUSKUSDT,1731914999999,2024-11-18T07:29:59.999000Z,1731915000000,2024-11-18T07:30:00Z,1731916799999,2024-11-18T07:59:59.999000Z,NORMAL,LONG,0.18948000000000004,0.18692,0.19536800000000012,0.19536800000000012,TP,2.3,False
BTCUSDT,1731916799999,2024-11-18T07:59:59.999000Z,1731916800000,2024-11-18T08:00:00Z,1731929399999,2024-11-18T11:29:59.999000Z,NORMAL,LONG,92000.01,91499.99,93150.05599999997,91499.99,SL,-1.0,False
SANDUSDT,1732008599999,2024-11-19T09:29:59.999000Z,1732008600000,2024-11-19T09:30:00Z,1732015799999,2024-11-19T11:29:59.999000Z,NORMAL,SHORT,0.34341,0.34846000000000005,0.3317949999999999,0.34846000000000005,SL,-1.0,False
SOLUSDT,1732181399999,2024-11-21T09:29:59.999000Z,1732181400000,2024-11-21T09:30:00Z,1732183199999,2024-11-21T09:59:59.999000Z,NORMAL,LONG,243.29010000000002,241.8699,246.55656000000008,241.8699,SL,-1.0,False
LINKUSDT,1732525199999,2024-11-25T08:59:59.999000Z,1732525200000,2024-11-25T09:00:00Z,1732546799999,2024-11-25T14:59:59.999000Z,NORMAL,LONG,18.645000000000003,18.272,19.502900000000015,18.272,SL,-1.0,False
UNIUSDT,1732525199999,2024-11-25T08:59:59.999000Z,1732525200000,2024-11-25T09:00:00Z,1732544999999,2024-11-25T14:29:59.999000Z,NORMAL,LONG,11.6281,11.333900000000002,12.304759999999996,12.304759999999996,TP,2.3,False
1000SHIBUSDT,1732526999999,2024-11-25T09:29:59.999000Z,1732527000000,2024-11-25T09:30:00Z,1732530599999,2024-11-25T10:29:59.999000Z,NORMAL,LONG,0.026214,0.025942999999999997,0.02683730000000001,0.025942999999999997,SL,-1.0,False
MKRUSDT,1732530599999,2024-11-25T10:29:59.999000Z,1732530600000,2024-11-25T10:30:00Z,1732539599999,2024-11-25T12:59:59.999000Z,NORMAL,LONG,1807.71,1784.29,1861.5760000000002,1861.5760000000002,TP,2.3,False
ETCUSDT,1732607999999,2024-11-26T07:59:59.999000Z,1732608000000,2024-11-26T08:00:00Z,1732620599999,2024-11-26T11:29:59.999000Z,NORMAL,SHORT,28.999,29.555000000000003,27.720199999999988,27.720199999999988,TP,2.3,False
ETHUSDT,1732609799999,2024-11-26T08:29:59.999000Z,1732609800000,2024-11-26T08:30:00Z,1732658399999,2024-11-26T21:59:59.999000Z,NORMAL,SHORT,3354.99,3399.8300000000004,3251.8579999999984,3326.4,EMA,0.6376003568242486,False
LINKUSDT,1732609799999,2024-11-26T08:29:59.999000Z,1732609800000,2024-11-26T08:30:00Z,1732633199999,2024-11-26T14:59:59.999000Z,NORMAL,SHORT,16.861,17.251,15.963999999999999,17.251,SL,-1.0,False
SNXUSDT,1732694399999,2024-11-27T07:59:59.999000Z,1732694400000,2024-11-27T08:00:00Z,1732699799999,2024-11-27T09:29:59.999000Z,NORMAL,LONG,2.3529999999999998,2.3280000000000003,2.4104999999999985,2.3280000000000003,SL,-1.0,False
AAVEUSDT,1732719599999,2024-11-27T14:59:59.999000Z,1732719600000,2024-11-27T15:00:00Z,1732748399999,2024-11-27T22:59:59.999000Z,NORMAL,LONG,198.36100000000002,194.179,207.97960000000006,207.97960000000006,TP,2.3,False
ETHUSDT,1732724999999,2024-11-27T16:29:59.999000Z,1732725000000,2024-11-27T16:30:00Z,1732728599999,2024-11-27T17:29:59.999000Z,NORMAL,LONG,3575.1900000000005,3541.12,3653.5510000000017,3541.12,SL,-1.0,False
LTCUSDT,1732791599999,2024-11-28T10:59:59.999000Z,1732791600000,2024-11-28T11:00:00Z,1732802399999,2024-11-28T13:59:59.999000Z,NORMAL,SHORT,94.59,95.69000000000001,92.05999999999999,95.69000000000001,SL,-1.0,False
XLMUSDT,1732868999999,2024-11-29T08:29:59.999000Z,1732869000000,2024-11-29T08:30:00Z,1732876199999,2024-11-29T10:29:59.999000Z,NORMAL,LONG,0.5173,0.5087600000000001,0.5369419999999997,0.5369419999999997,TP,2.3,False
BAKEUSDT,1732892399999,2024-11-29T14:59:59.999000Z,1732892400000,2024-11-29T15:00:00Z,1732895999999,2024-11-29T15:59:59.999000Z,NORMAL,LONG,0.33,0.32570000000000005,0.33988999999999997,0.32570000000000005,SL,-1.0,False
SOLUSDT,1732892399999,2024-11-29T14:59:59.999000Z,1732892400000,2024-11-29T15:00:00Z,1732895999999,2024-11-29T15:59:59.999000Z,NORMAL,LONG,245.1501,242.75990000000002,250.64756,242.75990000000002,SL,-1.0,False
TRBUSDT,1732892399999,2024-11-29T14:59:59.999000Z,1732892400000,2024-11-29T15:00:00Z,1732895999999,2024-11-29T15:59:59.999000Z,NORMAL,LONG,74.09500000000001,73.509,75.44280000000005,73.509,SL,-1.0,False
BCHUSDT,1732897799999,2024-11-29T16:29:59.999000Z,1732897800000,2024-11-29T16:30:00Z,1732908599999,2024-11-29T19:29:59.999000Z,NORMAL,LONG,517.48,512.02,530.0380000000001,512.02,SL,-1.0,False
BCHUSDT,1733135399999,2024-12-02T10:29:59.999000Z,1733135400000,2024-12-02T10:30:00Z,1733146199999,2024-12-02T13:29:59.999000Z,NORMAL,SHORT,501.99,514.05,474.2520000000001,514.05,SL,-1.0,False
DOGEUSDT,1733239799999,2024-12-03T15:29:59.999000Z,1733239800000,2024-12-03T15:30:00Z,1733243399999,2024-12-03T16:29:59.999000Z,NORMAL,SHORT,0.403999,0.40991099999999997,0.39040140000000007,0.40991099999999997,SL,-1.0,False
XLMUSDT,1734337799999,2024-12-16T08:29:59.999000Z,1734337800000,2024-12-16T08:30:00Z,1734366599999,2024-12-16T16:29:59.999000Z,NORMAL,SHORT,0.41536,0.41957000000000005,0.4056769999999999,0.41957000000000005,SL,-1.0,False
KNCUSDT,1734343199999,2024-12-16T09:59:59.999000Z,1734343200000,2024-12-16T10:00:00Z,1734370199999,2024-12-16T17:29:59.999000Z,NORMAL,SHORT,0.6552900000000002,0.66281,0.6379940000000005,0.66281,SL,-1.0,False
AXSUSDT,1734344999999,2024-12-16T10:29:59.999000Z,1734345000000,2024-12-16T10:30:00Z,1734361199999,2024-12-16T14:59:59.999000Z,NORMAL,SHORT,7.374990000000001,7.46401,7.170244000000004,7.46401,SL,-1.0,False
ZECUSDT,1734359399999,2024-12-16T14:29:59.999000Z,1734359400000,2024-12-16T14:30:00Z,1734361199999,2024-12-16T14:59:59.999000Z,NORMAL,SHORT,56.36000000000001,57.0,54.88800000000002,57.0,SL,-1.0,False
BCHUSDT,1734685199999,2024-12-20T08:59:59.999000Z,1734685200000,2024-12-20T09:00:00Z,1734704999999,2024-12-20T14:29:59.999000Z,T+1,SHORT,414.99,426.47,388.58599999999996,419.38,EMA,-0.3824041811846672,False
ETHUSDT,1734685199999,2024-12-20T08:59:59.999000Z,1734685200000,2024-12-20T09:00:00Z,1734690599999,2024-12-20T10:29:59.999000Z,T+1,SHORT,3279.99,3331.26,3162.0689999999986,3162.0689999999986,TP,2.3,False
BNBUSDT,1734944399999,2024-12-23T08:59:59.999000Z,1734944400000,2024-12-23T09:00:00Z,1734987599999,2024-12-23T20:59:59.999000Z,NORMAL,LONG,672.621,664.7090000000001,690.8185999999998,690.8185999999998,TP,2.3,False
DUSKUSDT,1735030799999,2024-12-24T08:59:59.999000Z,1735030800000,2024-12-24T09:00:00Z,1735032599999,2024-12-24T09:29:59.999000Z,NORMAL,LONG,0.21790000000000004,0.21546,0.2235120000000001,0.21546,SL,-1.0,False
RUNEUSDT,1735030799999,2024-12-24T08:59:59.999000Z,1735030800000,2024-12-24T09:00:00Z,1735032599999,2024-12-24T09:29:59.999000Z,NORMAL,LONG,5.3391,5.2979,5.43386,5.2979,SL,-1.0,False
XRPUSDT,1735547399999,2024-12-30T08:29:59.999000Z,1735547400000,2024-12-30T08:30:00Z,1735554599999,2024-12-30T10:29:59.999000Z,NORMAL,SHORT,2.0662,2.0847,2.023649999999999,2.0847,SL,-1.0,False
1000SHIBUSDT,1735655399999,2024-12-31T14:29:59.999000Z,1735655400000,2024-12-31T14:30:00Z,1735657199999,2024-12-31T14:59:59.999000Z,NORMAL,LONG,0.02182,0.021644999999999998,0.022222500000000003,0.021644999999999998,SL,-1.0,False
BCHUSDT,1735655399999,2024-12-31T14:29:59.999000Z,1735655400000,2024-12-31T14:30:00Z,1735657199999,2024-12-31T14:59:59.999000Z,NORMAL,LONG,454.14,452.24,458.50999999999993,452.24,SL,-1.0,False
FILUSDT,1735655399999,2024-12-31T14:29:59.999000Z,1735655400000,2024-12-31T14:30:00Z,1735658999999,2024-12-31T15:29:59.999000Z,NORMAL,LONG,5.126,5.068,5.259400000000002,5.068,SL,-1.0,False
LPTUSDT,1735655399999,2024-12-31T14:29:59.999000Z,1735655400000,2024-12-31T14:30:00Z,1735657199999,2024-12-31T14:59:59.999000Z,NORMAL,LONG,15.735,15.512,16.247899999999998,15.512,SL,-1.0,False
PEOPLEUSDT,1735657199999,2024-12-31T14:59:59.999000Z,1735657200000,2024-12-31T15:00:00Z,1735664399999,2024-12-31T16:59:59.999000Z,NORMAL,LONG,0.045930000000000006,0.04508,0.04788500000000001,0.04788500000000001,TP,2.3,False
SANDUSDT,1735657199999,2024-12-31T14:59:59.999000Z,1735657200000,2024-12-31T15:00:00Z,1735658999999,2024-12-31T15:29:59.999000Z,NORMAL,LONG,0.5744900000000001,0.5659400000000001,0.594155,0.5659400000000001,SL,-1.0,False
SOLUSDT,1735658999999,2024-12-31T15:29:59.999000Z,1735659000000,2024-12-31T15:30:00Z,1735667999999,2024-12-31T17:59:59.999000Z,NORMAL,LONG,198.1901,196.3799,202.35356000000002,196.3799,SL,-1.0,False
QTUMUSDT,1735720199999,2025-01-01T08:29:59.999000Z,1735720200000,2025-01-01T08:30:00Z,1735734599999,2025-01-01T12:29:59.999000Z,NORMAL,SHORT,2.9730000000000003,3.002,2.9063000000000017,3.002,SL,-1.0,False
RUNEUSDT,1735720199999,2025-01-01T08:29:59.999000Z,1735720200000,2025-01-01T08:30:00Z,1735734599999,2025-01-01T12:29:59.999000Z,NORMAL,SHORT,4.413900000000001,4.4631,4.300740000000003,4.4631,SL,-1.0,False
AXSUSDT,1735721999999,2025-01-01T08:59:59.999000Z,1735722000000,2025-01-01T09:00:00Z,1735732799999,2025-01-01T11:59:59.999000Z,NORMAL,SHORT,6.107990000000001,6.1730100000000006,5.958444000000002,6.1730100000000006,SL,-1.0,False
BAKEUSDT,1735721999999,2025-01-01T08:59:59.999000Z,1735722000000,2025-01-01T09:00:00Z,1735729199999,2025-01-01T10:59:59.999000Z,NORMAL,SHORT,0.24340000000000003,0.2458,0.23788000000000012,0.2458,SL,-1.0,False
FILUSDT,1735721999999,2025-01-01T08:59:59.999000Z,1735722000000,2025-01-01T09:00:00Z,1735732799999,2025-01-01T11:59:59.999000Z,NORMAL,SHORT,4.885,4.929,4.7837999999999985,4.929,SL,-1.0,False
ONTUSDT,1735721999999,2025-01-01T08:59:59.999000Z,1735722000000,2025-01-01T09:00:00Z,1735732799999,2025-01-01T11:59:59.999000Z,NORMAL,SHORT,0.2257,0.228,0.22041000000000002,0.228,SL,-1.0,False
ICPUSDT,1735723799999,2025-01-01T09:29:59.999000Z,1735723800000,2025-01-01T09:30:00Z,1735727399999,2025-01-01T10:29:59.999000Z,NORMAL,SHORT,9.74,9.86,9.464000000000002,9.86,SL,-1.0,False
SOLUSDT,1735723799999,2025-01-01T09:29:59.999000Z,1735723800000,2025-01-01T09:30:00Z,1735727399999,2025-01-01T10:29:59.999000Z,NORMAL,SHORT,188.03990000000002,189.6601,184.31344000000007,189.6601,SL,-1.0,False
DOGEUSDT,1735810199999,2025-01-02T09:29:59.999000Z,1735810200000,2025-01-02T09:30:00Z,1735828199999,2025-01-02T14:29:59.999000Z,NORMAL,LONG,0.33900099999999994,0.335629,0.3467565999999998,0.335629,SL,-1.0,False
COTIUSDT,1735916399999,2025-01-03T14:59:59.999000Z,1735916400000,2025-01-03T15:00:00Z,1735946999999,2025-01-03T23:29:59.999000Z,NORMAL,LONG,0.13566000000000003,0.1338,0.1399380000000001,0.1383,SESSION,1.4193548387096429,False
UNIUSDT,1735918199999,2025-01-03T15:29:59.999000Z,1735918200000,2025-01-03T15:30:00Z,1735941599999,2025-01-03T21:59:59.999000Z,NORMAL,LONG,14.7771,14.5769,15.237560000000002,15.237560000000002,TP,2.3,False
SANDUSDT,1736177399999,2025-01-06T15:29:59.999000Z,1736177400000,2025-01-06T15:30:00Z,1736182799999,2025-01-06T16:59:59.999000Z,NORMAL,LONG,0.70895,0.6951200000000001,0.7407589999999997,0.7407589999999997,TP,2.3,False
XRPUSDT,1737363599999,2025-01-20T08:59:59.999000Z,1737363600000,2025-01-20T09:00:00Z,1737367199999,2025-01-20T09:59:59.999000Z,NORMAL,LONG,3.2886,3.2363,3.408890000000001,3.2363,SL,-1.0,False
CRVUSDT,1737532799999,2025-01-22T07:59:59.999000Z,1737532800000,2025-01-22T08:00:00Z,1737539999999,2025-01-22T09:59:59.999000Z,NORMAL,SHORT,0.8180000000000001,0.8310000000000001,0.7881,0.8310000000000001,SL,-1.0,False
HBARUSDT,1737532799999,2025-01-22T07:59:59.999000Z,1737532800000,2025-01-22T08:00:00Z,1737534599999,2025-01-22T08:29:59.999000Z,NORMAL,SHORT,0.32580000000000003,0.32791000000000003,0.32094700000000004,0.32094700000000004,TP,2.3,False
XLMUSDT,1737534599999,2025-01-22T08:29:59.999000Z,1737534600000,2025-01-22T08:30:00Z,1737536399999,2025-01-22T08:59:59.999000Z,NORMAL,SHORT,0.42844000000000004,0.43266000000000004,0.41873400000000005,0.43266000000000004,SL,-1.0,False
XLMUSDT,1737709199999,2025-01-24T08:59:59.999000Z,1737709200000,2025-01-24T09:00:00Z,1737714599999,2025-01-24T10:29:59.999000Z,NORMAL,LONG,0.43822000000000005,0.43620000000000003,0.4428660000000001,0.43620000000000003,SL,-1.0,False
AXSUSDT,1737716399999,2025-01-24T10:59:59.999000Z,1737716400000,2025-01-24T11:00:00Z,1737732599999,2025-01-24T15:29:59.999000Z,NORMAL,LONG,6.01101,5.935990000000001,6.183555999999997,5.935990000000001,SL,-1.0,False
SANDUSDT,1737716399999,2025-01-24T10:59:59.999000Z,1737716400000,2025-01-24T11:00:00Z,1737734399999,2025-01-24T15:59:59.999000Z,NORMAL,LONG,0.57434,0.5663100000000001,0.5928089999999997,0.5663100000000001,SL,-1.0,False
LITUSDT,1737732599999,2025-01-24T15:29:59.999000Z,1737732600000,2025-01-24T15:30:00Z,1737761399999,2025-01-24T23:29:59.999000Z,NORMAL,SHORT,0.622,0.637,0.5874999999999999,0.605,SESSION,1.1333333333333333,False
MASKUSDT,1738654199999,2025-02-04T07:29:59.999000Z,1738654200000,2025-02-04T07:30:00Z,1738673999999,2025-02-04T12:59:59.999000Z,NORMAL,SHORT,2.2618,2.3087000000000004,2.153929999999999,2.3087000000000004,SL,-1.0,False
AXSUSDT,1739802599999,2025-02-17T14:29:59.999000Z,1739802600000,2025-02-17T14:30:00Z,1739807999999,2025-02-17T15:59:59.999000Z,NORMAL,LONG,4.55301,4.493990000000001,4.688755999999996,4.493990000000001,SL,-1.0,False
1000SHIBUSDT,1739804399999,2025-02-17T14:59:59.999000Z,1739804400000,2025-02-17T15:00:00Z,1739806199999,2025-02-17T15:29:59.999000Z,NORMAL,LONG,0.016235,0.016121999999999997,0.016494900000000003,0.016121999999999997,SL,-1.0,False
ADAUSDT,1739804399999,2025-02-17T14:59:59.999000Z,1739804400000,2025-02-17T15:00:00Z,1739807999999,2025-02-17T15:59:59.999000Z,NORMAL,LONG,0.82581,0.8154900000000002,0.8495459999999998,0.8154900000000002,SL,-1.0,False
FILUSDT,1739804399999,2025-02-17T14:59:59.999000Z,1739804400000,2025-02-17T15:00:00Z,1739806199999,2025-02-17T15:29:59.999000Z,NORMAL,LONG,3.508,3.472,3.5908,3.472,SL,-1.0,False
BCHUSDT,1739865599999,2025-02-18T07:59:59.999000Z,1739865600000,2025-02-18T08:00:00Z,1739867399999,2025-02-18T08:29:59.999000Z,NORMAL,SHORT,314.71000000000004,316.94,309.58100000000013,316.94,SL,-1.0,False
TRBUSDT,1739894399999,2025-02-18T15:59:59.999000Z,1739894400000,2025-02-18T16:00:00Z,1739914199999,2025-02-18T21:29:59.999000Z,NORMAL,SHORT,32.602000000000004,33.431999999999995,30.693000000000023,33.431999999999995,SL,-1.0,False
AVAXUSDT,1739896199999,2025-02-18T16:29:59.999000Z,1739896200000,2025-02-18T16:30:00Z,1739921399999,2025-02-18T23:29:59.999000Z,NORMAL,SHORT,23.3309,23.627100000000002,22.649639999999994,23.418,SESSION,-0.29405806887237945,False
LPTUSDT,1739896199999,2025-02-18T16:29:59.999000Z,1739896200000,2025-02-18T16:30:00Z,1739921399999,2025-02-18T23:29:59.999000Z,NORMAL,SHORT,6.991,7.127000000000001,6.678199999999998,7.097,SESSION,-0.7794117647058821,False
ONTUSDT,1739896199999,2025-02-18T16:29:59.999000Z,1739896200000,2025-02-18T16:30:00Z,1739903399999,2025-02-18T18:29:59.999000Z,NORMAL,SHORT,0.1806,0.1828,0.17554000000000006,0.1828,SL,-1.0,False
ICPUSDT,1740061799999,2025-02-20T14:29:59.999000Z,1740061800000,2025-02-20T14:30:00Z,1740063599999,2025-02-20T14:59:59.999000Z,NORMAL,LONG,7.07,6.98,7.277,6.98,SL,-1.0,False
SOLUSDT,1740061799999,2025-02-20T14:29:59.999000Z,1740061800000,2025-02-20T14:30:00Z,1740063599999,2025-02-20T14:59:59.999000Z,NORMAL,LONG,175.79010000000002,173.9399,180.04556000000008,173.9399,SL,-1.0,False
QTUMUSDT,1740473999999,2025-02-25T08:59:59.999000Z,1740474000000,2025-02-25T09:00:00Z,1740479399999,2025-02-25T10:29:59.999000Z,NORMAL,SHORT,2.5700000000000003,2.609,2.480300000000001,2.480300000000001,TP,2.3,False
XRPUSDT,1740473999999,2025-02-25T08:59:59.999000Z,1740474000000,2025-02-25T09:00:00Z,1740479399999,2025-02-25T10:29:59.999000Z,NORMAL,SHORT,2.1841,2.2115000000000005,2.1210799999999987,2.1210799999999987,TP,2.3,False
ZECUSDT,1740554999999,2025-02-26T07:29:59.999000Z,1740555000000,2025-02-26T07:30:00Z,1740556799999,2025-02-26T07:59:59.999000Z,NORMAL,LONG,34.73,34.42,35.442999999999984,34.42,SL,-1.0,False
DOTUSDT,1740641399999,2025-02-27T07:29:59.999000Z,1740641400000,2025-02-27T07:30:00Z,1740675599999,2025-02-27T16:59:59.999000Z,NORMAL,LONG,4.994000000000001,4.906,5.196400000000003,4.985,EMA,-0.10227272727273003,False
MKRUSDT,1740641399999,2025-02-27T07:29:59.999000Z,1740641400000,2025-02-27T07:30:00Z,1740659399999,2025-02-27T12:29:59.999000Z,NORMAL,LONG,1768.21,1732.49,1850.366,1732.49,SL,-1.0,False
AXSUSDT,1740652199999,2025-02-27T10:29:59.999000Z,1740652200000,2025-02-27T10:30:00Z,1740659399999,2025-02-27T12:29:59.999000Z,NORMAL,LONG,3.78901,3.7499900000000004,3.8787559999999996,3.7499900000000004,SL,-1.0,False
BCHUSDT,1740652199999,2025-02-27T10:29:59.999000Z,1740652200000,2025-02-27T10:30:00Z,1740668399999,2025-02-27T14:59:59.999000Z,NORMAL,LONG,303.15,299.3,312.0049999999999,299.3,SL,-1.0,False
SNXUSDT,1740652199999,2025-02-27T10:29:59.999000Z,1740652200000,2025-02-27T10:30:00Z,1740659399999,2025-02-27T12:29:59.999000Z,NORMAL,LONG,0.931,0.913,0.9724,0.913,SL,-1.0,False
TRXUSDT,1740761999999,2025-02-28T16:59:59.999000Z,1740762000000,2025-02-28T17:00:00Z,1740767399999,2025-02-28T18:29:59.999000Z,NORMAL,LONG,0.22961000000000004,0.22870000000000001,0.23170300000000008,0.22870000000000001,SL,-1.0,False
RUNEUSDT,1741084199999,2025-03-04T10:29:59.999000Z,1741084200000,2025-03-04T10:30:00Z,1741094999999,2025-03-04T13:29:59.999000Z,NORMAL,SHORT,1.1489,1.1641000000000001,1.1139399999999997,1.1139399999999997,TP,2.3,False
ONTUSDT,1742545799999,2025-03-21T08:29:59.999000Z,1742545800000,2025-03-21T08:30:00Z,1742585399999,2025-03-21T19:29:59.999000Z,T+1,SHORT,0.1506,0.15209999999999999,0.1471500000000001,0.1505,EMA,0.066666666666679,False
FILUSDT,1742547599999,2025-03-21T08:59:59.999000Z,1742547600000,2025-03-21T09:00:00Z,1742549399999,2025-03-21T09:29:59.999000Z,T+1,SHORT,2.955,2.9739999999999998,2.9113000000000007,2.9739999999999998,SL,-1.0,False
FILUSDT,1742551199999,2025-03-21T09:59:59.999000Z,1742551200000,2025-03-21T10:00:00Z,1742561999999,2025-03-21T12:59:59.999000Z,T+1,SHORT,2.964,2.985,2.9157,2.9157,TP,2.3,False
BAKEUSDT,1742810399999,2025-03-24T09:59:59.999000Z,1742810400000,2025-03-24T10:00:00Z,1742815799999,2025-03-24T11:29:59.999000Z,NORMAL,LONG,0.1485,0.14720000000000003,0.15148999999999993,0.14720000000000003,SL,-1.0,False
ZECUSDT,1742983199999,2025-03-26T09:59:59.999000Z,1742983200000,2025-03-26T10:00:00Z,1742986799999,2025-03-26T10:59:59.999000Z,NORMAL,LONG,37.24,36.88,38.068,38.068,TP,2.3,False
BNBUSDT,1743062399999,2025-03-27T07:59:59.999000Z,1743062400000,2025-03-27T08:00:00Z,1743073199999,2025-03-27T10:59:59.999000Z,NORMAL,LONG,635.491,632.499,642.3725999999999,632.499,SL,-1.0,False
DOGEUSDT,1743094799999,2025-03-27T16:59:59.999000Z,1743094800000,2025-03-27T17:00:00Z,1743103799999,2025-03-27T19:29:59.999000Z,NORMAL,SHORT,0.19003899999999999,0.19181099999999998,0.1859634,0.19181099999999998,SL,-1.0,False
DUSKUSDT,1743181199999,2025-03-28T16:59:59.999000Z,1743181200000,2025-03-28T17:00:00Z,1743204599999,2025-03-28T23:29:59.999000Z,NORMAL,SHORT,0.07791000000000001,0.07949,0.07427600000000001,0.07905,SESSION,-0.7215189873417656,False
SNXUSDT,1743411599999,2025-03-31T08:59:59.999000Z,1743411600000,2025-03-31T09:00:00Z,1743422399999,2025-03-31T11:59:59.999000Z,NORMAL,SHORT,0.748,0.761,0.7181,0.761,SL,-1.0,False
BTCUSDT,1743497999999,2025-04-01T08:59:59.999000Z,1743498000000,2025-04-01T09:00:00Z,1743508799999,2025-04-01T11:59:59.999000Z,NORMAL,LONG,84181.20999999999,83878.59000000001,84877.23599999995,83878.59000000001,SL,-1.0,False
COTIUSDT,1743497999999,2025-04-01T08:59:59.999000Z,1743498000000,2025-04-01T09:00:00Z,1743512399999,2025-04-01T12:59:59.999000Z,NORMAL,LONG,0.07201,0.07095000000000001,0.07444799999999999,0.07095000000000001,SL,-1.0,False
QTUMUSDT,1743497999999,2025-04-01T08:59:59.999000Z,1743498000000,2025-04-01T09:00:00Z,1743505199999,2025-04-01T10:59:59.999000Z,NORMAL,LONG,1.974,1.9580000000000002,2.0107999999999997,1.9580000000000002,SL,-1.0,False
TRBUSDT,1743497999999,2025-04-01T08:59:59.999000Z,1743498000000,2025-04-01T09:00:00Z,1743505199999,2025-04-01T10:59:59.999000Z,NORMAL,LONG,27.899,27.611,28.561400000000003,27.611,SL,-1.0,False
KNCUSDT,1744358399999,2025-04-11T07:59:59.999000Z,1744358400000,2025-04-11T08:00:00Z,1744360199999,2025-04-11T08:29:59.999000Z,T+1,LONG,0.30931000000000003,0.30819,0.31188600000000005,0.30819,SL,-1.0,False
BTCUSDT,1744367399999,2025-04-11T10:29:59.999000Z,1744367400000,2025-04-11T10:30:00Z,1744370999999,2025-04-11T11:29:59.999000Z,T+1,LONG,82803.01,82259.09000000001,84054.02599999995,82259.09000000001,SL,-1.0,False
XMRUSDT,1744619399999,2025-04-14T08:29:59.999000Z,1744619400000,2025-04-14T08:30:00Z,1744626599999,2025-04-14T10:29:59.999000Z,NORMAL,LONG,208.29,207.4,210.33699999999996,207.4,SL,-1.0,False
BCHUSDT,1744646399999,2025-04-14T15:59:59.999000Z,1744646400000,2025-04-14T16:00:00Z,1744673399999,2025-04-14T23:29:59.999000Z,NORMAL,SHORT,328.15000000000003,334.46,313.63700000000017,323.99,SESSION,0.6592709984152236,False
BTCUSDT,1744707599999,2025-04-15T08:59:59.999000Z,1744707600000,2025-04-15T09:00:00Z,1744711199999,2025-04-15T09:59:59.999000Z,NORMAL,LONG,85883.31,85699.89000000001,86305.17599999996,85699.89000000001,SL,-1.0,False
LTCUSDT,1744734599999,2025-04-15T16:29:59.999000Z,1744734600000,2025-04-15T16:30:00Z,1744754399999,2025-04-15T21:59:59.999000Z,NORMAL,SHORT,75.31,75.89,73.976,75.89,SL,-1.0,False
ETCUSDT,1744736399999,2025-04-15T16:59:59.999000Z,1744736400000,2025-04-15T17:00:00Z,1744759799999,2025-04-15T23:29:59.999000Z,NORMAL,SHORT,15.002,15.107,14.760500000000004,14.887,SESSION,1.0952380952381113,False
KNCUSDT,1744968599999,2025-04-18T09:29:59.999000Z,1744968600000,2025-04-18T09:30:00Z,1744990199999,2025-04-18T15:29:59.999000Z,NORMAL,LONG,0.34851000000000004,0.34599,0.35430600000000007,0.34599,SL,-1.0,False
ONTUSDT,1744970399999,2025-04-18T09:59:59.999000Z,1744970400000,2025-04-18T10:00:00Z,1744975799999,2025-04-18T11:29:59.999000Z,NORMAL,LONG,0.14379999999999998,0.14290000000000003,0.1458699999999999,0.14290000000000003,SL,-1.0,False
AVAXUSDT,1745220599999,2025-04-21T07:29:59.999000Z,1745220600000,2025-04-21T07:30:00Z,1745243999999,2025-04-21T13:59:59.999000Z,NORMAL,LONG,20.531100000000002,20.3149,21.028360000000003,20.3149,SL,-1.0,False
DOGEUSDT,1745306999999,2025-04-22T07:29:59.999000Z,1745307000000,2025-04-22T07:30:00Z,1745330399999,2025-04-22T13:59:59.999000Z,NORMAL,LONG,0.163321,0.161609,0.16725859999999998,0.16725859999999998,TP,2.3,False
HBARUSDT,1745306999999,2025-04-22T07:29:59.999000Z,1745307000000,2025-04-22T07:30:00Z,1745317799999,2025-04-22T10:29:59.999000Z,NORMAL,LONG,0.17256000000000002,0.17152,0.17495200000000005,0.17152,SL,-1.0,False
ZECUSDT,1745395199999,2025-04-23T07:59:59.999000Z,1745395200000,2025-04-23T08:00:00Z,1745398799999,2025-04-23T08:59:59.999000Z,NORMAL,LONG,33.36,33.120000000000005,33.911999999999985,33.120000000000005,SL,-1.0,False
1000SHIBUSDT,1745483399999,2025-04-24T08:29:59.999000Z,1745483400000,2025-04-24T08:30:00Z,1745499599999,2025-04-24T12:59:59.999000Z,NORMAL,SHORT,0.013008,0.01317,0.012635400000000003,0.01317,SL,-1.0,False
BTCUSDT,1745483399999,2025-04-24T08:29:59.999000Z,1745483400000,2025-04-24T08:30:00Z,1745486999999,2025-04-24T09:29:59.999000Z,NORMAL,SHORT,91805.59000000001,92332.51,90593.67400000004,92332.51,SL,-1.0,False
TRXUSDT,1745483399999,2025-04-24T08:29:59.999000Z,1745483400000,2025-04-24T08:30:00Z,1745486999999,2025-04-24T09:29:59.999000Z,NORMAL,SHORT,0.24228000000000002,0.24308000000000002,0.24044000000000004,0.24308000000000002,SL,-1.0,False
XMRUSDT,1745486999999,2025-04-24T09:29:59.999000Z,1745487000000,2025-04-24T09:30:00Z,1745488799999,2025-04-24T09:59:59.999000Z,NORMAL,SHORT,223.59,224.94,220.485,224.94,SL,-1.0,False
LTCUSDT,1745575199999,2025-04-25T09:59:59.999000Z,1745575200000,2025-04-25T10:00:00Z,1745578799999,2025-04-25T10:59:59.999000Z,NORMAL,LONG,85.44000000000001,84.66,87.23400000000005,84.66,SL,-1.0,False
SOLUSDT,1746775799999,2025-05-09T07:29:59.999000Z,1746775800000,2025-05-09T07:30:00Z,1746781199999,2025-05-09T08:59:59.999000Z,T+1,LONG,165.6201,163.97990000000001,169.39256,169.39256,TP,2.3,False
1000SHIBUSDT,1747648799999,2025-05-19T09:59:59.999000Z,1747648800000,2025-05-19T10:00:00Z,1747652399999,2025-05-19T10:59:59.999000Z,NORMAL,SHORT,0.013997,0.014084,0.013796900000000004,0.014084,SL,-1.0,False
LPTUSDT,1747648799999,2025-05-19T09:59:59.999000Z,1747648800000,2025-05-19T10:00:00Z,1747652399999,2025-05-19T10:59:59.999000Z,NORMAL,SHORT,5.154999999999999,5.203,5.044599999999997,5.203,SL,-1.0,False
LTCUSDT,1747648799999,2025-05-19T09:59:59.999000Z,1747648800000,2025-05-19T10:00:00Z,1747655999999,2025-05-19T11:59:59.999000Z,NORMAL,SHORT,95.34,95.89,94.07500000000002,95.89,SL,-1.0,False
TRXUSDT,1747673999999,2025-05-19T16:59:59.999000Z,1747674000000,2025-05-19T17:00:00Z,1747697399999,2025-05-19T23:29:59.999000Z,NORMAL,LONG,0.26545,0.26417,0.268394,0.26627,SESSION,0.6406249999999885,False
XMRUSDT,1747907999999,2025-05-22T09:59:59.999000Z,1747908000000,2025-05-22T10:00:00Z,1747918799999,2025-05-22T12:59:59.999000Z,NORMAL,LONG,405.84,400.55,418.0069999999999,400.55,SL,-1.0,False
LINKUSDT,1748244599999,2025-05-26T07:29:59.999000Z,1748244600000,2025-05-26T07:30:00Z,1748249999999,2025-05-26T08:59:59.999000Z,NORMAL,LONG,15.917,15.786000000000001,16.218299999999996,15.786000000000001,SL,-1.0,False
FILUSDT,1748246399999,2025-05-26T07:59:59.999000Z,1748246400000,2025-05-26T08:00:00Z,1748249999999,2025-05-26T08:59:59.999000Z,NORMAL,LONG,2.852,2.835,2.8911,2.835,SL,-1.0,False
SKLUSDT,1748336399999,2025-05-27T08:59:59.999000Z,1748336400000,2025-05-27T09:00:00Z,1748338199999,2025-05-27T09:29:59.999000Z,NORMAL,LONG,0.02502,0.024800000000000003,0.025525999999999997,0.024800000000000003,SL,-1.0,False
UNIUSDT,1748428199999,2025-05-28T10:29:59.999000Z,1748428200000,2025-05-28T10:30:00Z,1748440799999,2025-05-28T13:59:59.999000Z,NORMAL,LONG,6.8801,6.767900000000001,7.1381599999999965,6.767900000000001,SL,-1.0,False
RUNEUSDT,1748532599999,2025-05-29T15:29:59.999000Z,1748532600000,2025-05-29T15:30:00Z,1748541599999,2025-05-29T17:59:59.999000Z,NORMAL,SHORT,1.8489000000000002,1.8651,1.8116400000000008,1.8651,SL,-1.0,False
BNBUSDT,1748536199999,2025-05-29T16:29:59.999000Z,1748536200000,2025-05-29T16:30:00Z,1748546999999,2025-05-29T19:29:59.999000Z,NORMAL,SHORT,679.0790000000001,681.071,674.4974000000002,674.4974000000002,TP,2.3,False
CRVUSDT,1748591999999,2025-05-30T07:59:59.999000Z,1748592000000,2025-05-30T08:00:00Z,1748622599999,2025-05-30T16:29:59.999000Z,NORMAL,SHORT,0.704,0.714,0.6809999999999999,0.6809999999999999,TP,2.3,False
BNBUSDT,1749743999999,2025-06-12T15:59:59.999000Z,1749744000000,2025-06-12T16:00:00Z,1749745799999,2025-06-12T16:29:59.999000Z,T+1,SHORT,659.529,662.461,652.7854,662.461,SL,-1.0,False
COTIUSDT,1750665599999,2025-06-23T07:59:59.999000Z,1750665600000,2025-06-23T08:00:00Z,1750667399999,2025-06-23T08:29:59.999000Z,NORMAL,LONG,0.04601000000000001,0.04577,0.046562000000000034,0.04577,SL,-1.0,False
ETCUSDT,1750922999999,2025-06-26T07:29:59.999000Z,1750923000000,2025-06-26T07:30:00Z,1750928399999,2025-06-26T08:59:59.999000Z,NORMAL,LONG,16.557000000000002,16.473,16.75020000000001,16.473,SL,-1.0,False
CRVUSDT,1750930199999,2025-06-26T09:29:59.999000Z,1750930200000,2025-06-26T09:30:00Z,1750971599999,2025-06-26T20:59:59.999000Z,NORMAL,SHORT,0.509,0.519,0.486,0.505,EMA,0.4,False
AAVEUSDT,1750951799999,2025-06-26T15:29:59.999000Z,1750951800000,2025-06-26T15:30:00Z,1750969799999,2025-06-26T20:29:59.999000Z,NORMAL,SHORT,251.659,255.091,243.76539999999994,255.091,SL,-1.0,False
FILUSDT,1751034599999,2025-06-27T14:29:59.999000Z,1751034600000,2025-06-27T14:30:00Z,1751039999999,2025-06-27T15:59:59.999000Z,NORMAL,SHORT,2.1540000000000004,2.175,2.1057000000000015,2.175,SL,-1.0,False
LINKUSDT,1751277599999,2025-06-30T09:59:59.999000Z,1751277600000,2025-06-30T10:00:00Z,1751293799999,2025-06-30T14:29:59.999000Z,NORMAL,SHORT,13.188,13.301,12.928100000000002,13.301,SL,-1.0,False
AVAXUSDT,1751293799999,2025-06-30T14:29:59.999000Z,1751293800000,2025-06-30T14:30:00Z,1751299199999,2025-06-30T15:59:59.999000Z,NORMAL,SHORT,17.8429,18.0081,17.462940000000003,18.0081,SL,-1.0,False
XLMUSDT,1751295599999,2025-06-30T14:59:59.999000Z,1751295600000,2025-06-30T15:00:00Z,1751297399999,2025-06-30T15:29:59.999000Z,NORMAL,SHORT,0.23356000000000002,0.23481000000000002,0.23068500000000003,0.23481000000000002,SL,-1.0,False
BTCUSDT,1751615999999,2025-07-04T07:59:59.999000Z,1751616000000,2025-07-04T08:00:00Z,1751621399999,2025-07-04T09:29:59.999000Z,T+1,SHORT,108660.99,108890.01,108134.24400000004,108890.01,SL,-1.0,False
DOGEUSDT,1751641199999,2025-07-04T14:59:59.999000Z,1751641200000,2025-07-04T15:00:00Z,1751646599999,2025-07-04T16:29:59.999000Z,T+1,SHORT,0.164039,0.164931,0.16198739999999998,0.16198739999999998,TP,2.3,False
RUNEUSDT,1751641199999,2025-07-04T14:59:59.999000Z,1751641200000,2025-07-04T15:00:00Z,1751646599999,2025-07-04T16:29:59.999000Z,T+1,SHORT,1.3359,1.3431,1.3193400000000004,1.3193400000000004,TP,2.3,False
QTUMUSDT,1751642999999,2025-07-04T15:29:59.999000Z,1751643000000,2025-07-04T15:30:00Z,1751671799999,2025-07-04T23:29:59.999000Z,T+1,SHORT,1.9580000000000002,1.976,1.9166000000000007,1.944,SESSION,0.7777777777777997,False
BAKEUSDT,1751644799999,2025-07-04T15:59:59.999000Z,1751644800000,2025-07-04T16:00:00Z,1751650199999,2025-07-04T17:29:59.999000Z,T+1,SHORT,0.0983,0.09930000000000001,0.09599999999999996,0.09599999999999996,TP,2.3,False
DASHUSDT,1751646599999,2025-07-04T16:29:59.999000Z,1751646600000,2025-07-04T16:30:00Z,1751671799999,2025-07-04T23:29:59.999000Z,T+1,SHORT,19.7,19.910000000000004,19.216999999999988,19.72,SESSION,-0.09523809523809121,False
XMRUSDT,1752047999999,2025-07-09T07:59:59.999000Z,1752048000000,2025-07-09T08:00:00Z,1752056999999,2025-07-09T10:29:59.999000Z,NORMAL,LONG,321.2,319.87,324.25899999999996,319.87,SL,-1.0,False
SOLUSDT,1752058799999,2025-07-09T10:59:59.999000Z,1752058800000,2025-07-09T11:00:00Z,1752062399999,2025-07-09T11:59:59.999000Z,NORMAL,LONG,153.1601,152.6799,154.26456,154.26456,TP,2.3,False
ADAUSDT,1752136199999,2025-07-10T08:29:59.999000Z,1752136200000,2025-07-10T08:30:00Z,1752143399999,2025-07-10T10:29:59.999000Z,NORMAL,LONG,0.62971,0.6248900000000001,0.6407959999999998,0.6248900000000001,SL,-1.0,False
1000SHIBUSDT,1752137999999,2025-07-10T08:59:59.999000Z,1752138000000,2025-07-10T09:00:00Z,1752143399999,2025-07-10T10:29:59.999000Z,NORMAL,LONG,0.012627999999999999,0.01252,0.012876399999999996,0.01252,SL,-1.0,False
NEARUSDT,1752244199999,2025-07-11T14:29:59.999000Z,1752244200000,2025-07-11T14:30:00Z,1752245999999,2025-07-11T14:59:59.999000Z,NORMAL,LONG,2.6361000000000003,2.5979,2.723960000000001,2.5979,SL,-1.0,False
ONTUSDT,1752244199999,2025-07-11T14:29:59.999000Z,1752244200000,2025-07-11T14:30:00Z,1752249599999,2025-07-11T15:59:59.999000Z,NORMAL,LONG,0.1425,0.14040000000000002,0.1473299999999999,0.14040000000000002,SL,-1.0,False
LINKUSDT,1752652799999,2025-07-16T07:59:59.999000Z,1752652800000,2025-07-16T08:00:00Z,1752677999999,2025-07-16T14:59:59.999000Z,T+1,LONG,16.395000000000003,16.206,16.82970000000001,16.82970000000001,TP,2.3,False
AXSUSDT,1752658199999,2025-07-16T09:29:59.999000Z,1752658200000,2025-07-16T09:30:00Z,1752659999999,2025-07-16T09:59:59.999000Z,T+1,LONG,2.60001,2.58399,2.6368560000000003,2.58399,SL,-1.0,False
SKLUSDT,1752658199999,2025-07-16T09:29:59.999000Z,1752658200000,2025-07-16T09:30:00Z,1752665399999,2025-07-16T11:29:59.999000Z,T+1,LONG,0.02474,0.02432,0.025706000000000003,0.02432,SL,-1.0,False
1000SHIBUSDT,1752659999999,2025-07-16T09:59:59.999000Z,1752660000000,2025-07-16T10:00:00Z,1752663599999,2025-07-16T10:59:59.999000Z,T+1,LONG,0.013871999999999999,0.013738,0.014180199999999995,0.013738,SL,-1.0,False
HBARUSDT,1753084799999,2025-07-21T07:59:59.999000Z,1753084800000,2025-07-21T08:00:00Z,1753090199999,2025-07-21T09:29:59.999000Z,NORMAL,LONG,0.28478000000000003,0.28149,0.2923470000000001,0.28149,SL,-1.0,False
DOTUSDT,1753086599999,2025-07-21T08:29:59.999000Z,1753086600000,2025-07-21T08:30:00Z,1753088399999,2025-07-21T08:59:59.999000Z,NORMAL,LONG,4.609000000000001,4.569,4.701000000000003,4.569,SL,-1.0,False
SNXUSDT,1753086599999,2025-07-21T08:29:59.999000Z,1753086600000,2025-07-21T08:30:00Z,1753088399999,2025-07-21T08:59:59.999000Z,NORMAL,LONG,0.778,0.766,0.8056000000000001,0.766,SL,-1.0,False
SOLUSDT,1753264799999,2025-07-23T09:59:59.999000Z,1753264800000,2025-07-23T10:00:00Z,1753275599999,2025-07-23T12:59:59.999000Z,NORMAL,SHORT,197.5299,198.5901,195.09143999999998,195.09143999999998,TP,2.3,False
KNCUSDT,1753282799999,2025-07-23T14:59:59.999000Z,1753282800000,2025-07-23T15:00:00Z,1753286399999,2025-07-23T15:59:59.999000Z,NORMAL,SHORT,0.43109000000000003,0.43391,0.42460400000000004,0.43391,SL,-1.0,False
DASHUSDT,1753289999999,2025-07-23T16:59:59.999000Z,1753290000000,2025-07-23T17:00:00Z,1753306199999,2025-07-23T21:29:59.999000Z,NORMAL,SHORT,23.84,24.26,22.873999999999995,22.873999999999995,TP,2.3,False
LTCUSDT,1753289999999,2025-07-23T16:59:59.999000Z,1753290000000,2025-07-23T17:00:00Z,1753313399999,2025-07-23T23:29:59.999000Z,NORMAL,SHORT,112.28,114.56,107.036,112.55,SESSION,-0.11842105263157714,False
DOTUSDT,1753351199999,2025-07-24T09:59:59.999000Z,1753351200000,2025-07-24T10:00:00Z,1753356599999,2025-07-24T11:29:59.999000Z,NORMAL,SHORT,3.9560000000000004,4.008,3.836400000000001,4.008,SL,-1.0,False
AXSUSDT,1753352999999,2025-07-24T10:29:59.999000Z,1753353000000,2025-07-24T10:30:00Z,1753356599999,2025-07-24T11:29:59.999000Z,NORMAL,SHORT,2.47799,2.5210100000000004,2.3790439999999995,2.5210100000000004,SL,-1.0,False
COTIUSDT,1753352999999,2025-07-24T10:29:59.999000Z,1753353000000,2025-07-24T10:30:00Z,1753356599999,2025-07-24T11:29:59.999000Z,NORMAL,SHORT,0.057280000000000005,0.05857000000000001,0.05431299999999999,0.05857000000000001,SL,-1.0,False
ONTUSDT,1753352999999,2025-07-24T10:29:59.999000Z,1753353000000,2025-07-24T10:30:00Z,1753356599999,2025-07-24T11:29:59.999000Z,NORMAL,SHORT,0.14470000000000002,0.1465,0.1405600000000001,0.1465,SL,-1.0,False
PEOPLEUSDT,1753352999999,2025-07-24T10:29:59.999000Z,1753353000000,2025-07-24T10:30:00Z,1753356599999,2025-07-24T11:29:59.999000Z,NORMAL,SHORT,0.01949,0.01989,0.01857,0.01989,SL,-1.0,False
CRVUSDT,1753435799999,2025-07-25T09:29:59.999000Z,1753435800000,2025-07-25T09:30:00Z,1753455599999,2025-07-25T14:59:59.999000Z,NORMAL,LONG,1.0719999999999998,1.0330000000000001,1.161699999999999,1.0330000000000001,SL,-1.0,False
TRXUSDT,1753700399999,2025-07-28T10:59:59.999000Z,1753700400000,2025-07-28T11:00:00Z,1753705799999,2025-07-28T12:29:59.999000Z,NORMAL,LONG,0.32349000000000006,0.32233,0.32615800000000017,0.32615800000000017,TP,2.3,False
DASHUSDT,1753721999999,2025-07-28T16:59:59.999000Z,1753722000000,2025-07-28T17:00:00Z,1753743599999,2025-07-28T22:59:59.999000Z,NORMAL,SHORT,22.209999999999997,22.46,21.63499999999999,21.63499999999999,TP,2.3,False
AAVEUSDT,1754378999999,2025-08-05T07:29:59.999000Z,1754379000000,2025-08-05T07:30:00Z,1754387999999,2025-08-05T09:59:59.999000Z,NORMAL,SHORT,258.759,260.591,254.54540000000003,260.591,SL,-1.0,False
DUSKUSDT,1754380799999,2025-08-05T07:59:59.999000Z,1754380800000,2025-08-05T08:00:00Z,1754386199999,2025-08-05T09:29:59.999000Z,NORMAL,SHORT,0.05819,0.05892000000000001,0.05651099999999998,0.05892000000000001,SL,-1.0,False
MKRUSDT,1754495999999,2025-08-06T15:59:59.999000Z,1754496000000,2025-08-06T16:00:00Z,1754499599999,2025-08-06T16:59:59.999000Z,NORMAL,LONG,1924.31,1895.99,1989.446,1895.99,SL,-1.0,False
LTCUSDT,1755077399999,2025-08-13T09:29:59.999000Z,1755077400000,2025-08-13T09:30:00Z,1755088199999,2025-08-13T12:29:59.999000Z,T+1,LONG,132.57,131.24,135.62899999999996,131.24,SL,-1.0,False
AAVEUSDT,1755082799999,2025-08-13T10:59:59.999000Z,1755082800000,2025-08-13T11:00:00Z,1755095399999,2025-08-13T14:29:59.999000Z,T+1,LONG,328.89099999999996,324.59900000000005,338.7625999999998,324.59900000000005,SL,-1.0,False
HBARUSDT,1755588599999,2025-08-19T07:29:59.999000Z,1755588600000,2025-08-19T07:30:00Z,1755593999999,2025-08-19T08:59:59.999000Z,NORMAL,SHORT,0.23754,0.23964000000000002,0.23270999999999997,0.23964000000000002,SL,-1.0,False
FILUSDT,1755592199999,2025-08-19T08:29:59.999000Z,1755592200000,2025-08-19T08:30:00Z,1755593999999,2025-08-19T08:59:59.999000Z,NORMAL,SHORT,2.403,2.422,2.3592999999999997,2.422,SL,-1.0,False
LINKUSDT,1755592199999,2025-08-19T08:29:59.999000Z,1755592200000,2025-08-19T08:30:00Z,1755599399999,2025-08-19T10:29:59.999000Z,NORMAL,SHORT,24.122,24.464000000000002,23.335399999999996,24.464000000000002,SL,-1.0,False
LINKUSDT,1755680399999,2025-08-20T08:59:59.999000Z,1755680400000,2025-08-20T09:00:00Z,1755691199999,2025-08-20T11:59:59.999000Z,NORMAL,LONG,25.212000000000003,24.746,26.283800000000014,24.746,SL,-1.0,False
XMRUSDT,1755770399999,2025-08-21T09:59:59.999000Z,1755770400000,2025-08-21T10:00:00Z,1755781199999,2025-08-21T12:59:59.999000Z,NORMAL,LONG,272.01,269.25,278.35799999999995,269.25,SL,-1.0,False
ETHUSDT,1755851399999,2025-08-22T08:29:59.999000Z,1755851400000,2025-08-22T08:30:00Z,1755854999999,2025-08-22T09:29:59.999000Z,NORMAL,LONG,4350.8,4324.99,4410.163000000001,4324.99,SL,-1.0,False
DASHUSDT,1756225799999,2025-08-26T16:29:59.999000Z,1756225800000,2025-08-26T16:30:00Z,1756236599999,2025-08-26T19:29:59.999000Z,NORMAL,LONG,22.560000000000002,22.349999999999998,23.043000000000013,23.043000000000013,TP,2.3,False
QTUMUSDT,1756279799999,2025-08-27T07:29:59.999000Z,1756279800000,2025-08-27T07:30:00Z,1756299599999,2025-08-27T12:59:59.999000Z,NORMAL,SHORT,2.794,2.864,2.6330000000000005,2.864,SL,-1.0,False
DUSKUSDT,1756367999999,2025-08-28T07:59:59.999000Z,1756368000000,2025-08-28T08:00:00Z,1756375199999,2025-08-28T09:59:59.999000Z,NORMAL,LONG,0.0671,0.06633000000000001,0.06887099999999999,0.06633000000000001,SL,-1.0,False
MKRUSDT,1756369799999,2025-08-28T08:29:59.999000Z,1756369800000,2025-08-28T08:30:00Z,1756389599999,2025-08-28T13:59:59.999000Z,NORMAL,SHORT,1547.49,1560.21,1518.234,1518.234,TP,2.3,False
LINKUSDT,1756454399999,2025-08-29T07:59:59.999000Z,1756454400000,2025-08-29T08:00:00Z,1756472399999,2025-08-29T12:59:59.999000Z,NORMAL,SHORT,23.476,23.725,22.903299999999994,23.725,SL,-1.0,False
ZENUSDT,1756457999999,2025-08-29T08:59:59.999000Z,1756458000000,2025-08-29T09:00:00Z,1756463399999,2025-08-29T10:29:59.999000Z,NORMAL,SHORT,7.341,7.418,7.1639,7.418,SL,-1.0,False
AAVEUSDT,1756742399999,2025-09-01T15:59:59.999000Z,1756742400000,2025-09-01T16:00:00Z,1756763999999,2025-09-01T21:59:59.999000Z,NORMAL,SHORT,306.03900000000004,309.101,298.99640000000016,298.99640000000016,TP,2.3,False
ONTUSDT,1756742399999,2025-09-01T15:59:59.999000Z,1756742400000,2025-09-01T16:00:00Z,1756763999999,2025-09-01T21:59:59.999000Z,NORMAL,SHORT,0.14010000000000003,0.1415,0.13688000000000014,0.13688000000000014,TP,2.3,False
KNCUSDT,1756744199999,2025-09-01T16:29:59.999000Z,1756744200000,2025-09-01T16:30:00Z,1756751399999,2025-09-01T18:29:59.999000Z,NORMAL,SHORT,0.37049000000000004,0.37241,0.3660740000000001,0.37241,SL,-1.0,False
COTIUSDT,1756745999999,2025-09-01T16:59:59.999000Z,1756746000000,2025-09-01T17:00:00Z,1756762199999,2025-09-01T21:29:59.999000Z,NORMAL,SHORT,0.04959,0.05020000000000001,0.04818699999999999,0.04818699999999999,TP,2.3,False
ETHUSDT,1756745999999,2025-09-01T16:59:59.999000Z,1756746000000,2025-09-01T17:00:00Z,1756756799999,2025-09-01T19:59:59.999000Z,NORMAL,SHORT,4344.43,4365.96,4294.911000000001,4365.96,SL,-1.0,False
BAKEUSDT,1757921399999,2025-09-15T07:29:59.999000Z,1757921400000,2025-09-15T07:30:00Z,1757946599999,2025-09-15T14:29:59.999000Z,NORMAL,SHORT,0.09330000000000001,0.09770000000000001,0.08318,0.08318,TP,2.3,False
MASKUSDT,1758268799999,2025-09-19T07:59:59.999000Z,1758268800000,2025-09-19T08:00:00Z,1758270599999,2025-09-19T08:29:59.999000Z,T+1,SHORT,1.3028000000000002,1.3081,1.2906100000000005,1.3081,SL,-1.0,False
DUSKUSDT,1758274199999,2025-09-19T09:29:59.999000Z,1758274200000,2025-09-19T09:30:00Z,1758293999999,2025-09-19T14:59:59.999000Z,T+1,SHORT,0.06476000000000001,0.06555,0.06294300000000004,0.06294300000000004,TP,2.3,False
DASHUSDT,1758711599999,2025-09-24T10:59:59.999000Z,1758711600000,2025-09-24T11:00:00Z,1758729599999,2025-09-24T15:59:59.999000Z,NORMAL,LONG,21.39,21.279999999999998,21.643000000000008,21.279999999999998,SL,-1.0,False
BTCUSDT,1758731399999,2025-09-24T16:29:59.999000Z,1758731400000,2025-09-24T16:30:00Z,1758756599999,2025-09-24T23:29:59.999000Z,NORMAL,LONG,113540.41,113107.39000000001,114536.35599999999,113292.2,SESSION,-0.5732067802873133,False
ZECUSDT,1758884399999,2025-09-26T10:59:59.999000Z,1758884400000,2025-09-26T11:00:00Z,1758887999999,2025-09-26T11:59:59.999000Z,NORMAL,SHORT,53.400000000000006,54.11,51.76700000000002,54.11,SL,-1.0,False
RUNEUSDT,1759222799999,2025-09-30T08:59:59.999000Z,1759222800000,2025-09-30T09:00:00Z,1759233599999,2025-09-30T11:59:59.999000Z,NORMAL,SHORT,1.1269,1.1321,1.1149399999999998,1.1321,SL,-1.0,False
1000SHIBUSDT,1759226399999,2025-09-30T09:59:59.999000Z,1759226400000,2025-09-30T10:00:00Z,1759233599999,2025-09-30T11:59:59.999000Z,NORMAL,SHORT,0.011678000000000001,0.011746999999999999,0.011519300000000007,0.011746999999999999,SL,-1.0,False
BTCUSDT,1759415399999,2025-10-02T14:29:59.999000Z,1759415400000,2025-10-02T14:30:00Z,1759417199999,2025-10-02T14:59:59.999000Z,NORMAL,LONG,119672.11,119218.69,120714.976,119218.69,SL,-1.0,False
TRXUSDT,1759748399999,2025-10-06T10:59:59.999000Z,1759748400000,2025-10-06T11:00:00Z,1759750199999,2025-10-06T11:29:59.999000Z,NORMAL,LONG,0.34439000000000003,0.34402,0.34524100000000013,0.34402,SL,-1.0,False
AAVEUSDT,1759760999999,2025-10-06T14:29:59.999000Z,1759761000000,2025-10-06T14:30:00Z,1759762799999,2025-10-06T14:59:59.999000Z,NORMAL,LONG,298.101,295.769,303.46459999999996,295.769,SL,-1.0,False
LINKUSDT,1759769999999,2025-10-06T16:59:59.999000Z,1759770000000,2025-10-06T17:00:00Z,1759782599999,2025-10-06T20:29:59.999000Z,NORMAL,LONG,23.03,22.794999999999998,23.57050000000001,23.57050000000001,TP,2.3,False
AAVEUSDT,1759849199999,2025-10-07T14:59:59.999000Z,1759849200000,2025-10-07T15:00:00Z,1759879799999,2025-10-07T23:29:59.999000Z,NORMAL,SHORT,281.72900000000004,284.64099999999996,275.03140000000025,276.69,SESSION,1.7304258241758863,False
XMRUSDT,1759917599999,2025-10-08T09:59:59.999000Z,1759917600000,2025-10-08T10:00:00Z,1759937399999,2025-10-08T15:29:59.999000Z,NORMAL,LONG,325.24,322.43,331.70300000000003,331.70300000000003,TP,2.3,False
QTUMUSDT,1759939199999,2025-10-08T15:59:59.999000Z,1759939200000,2025-10-08T16:00:00Z,1759944599999,2025-10-08T17:29:59.999000Z,NORMAL,LONG,2.36,2.335,2.4174999999999995,2.4174999999999995,TP,2.3,False
CRVUSDT,1759994999999,2025-10-09T07:29:59.999000Z,1759995000000,2025-10-09T07:30:00Z,1760012999999,2025-10-09T12:29:59.999000Z,NORMAL,SHORT,0.717,0.724,0.7009,0.724,SL,-1.0,False
ICPUSDT,1759994999999,2025-10-09T07:29:59.999000Z,1759995000000,2025-10-09T07:30:00Z,1760021999999,2025-10-09T14:59:59.999000Z,NORMAL,SHORT,4.390000000000001,4.43,4.298000000000003,4.298000000000003,TP,2.3,False
SANDUSDT,1759994999999,2025-10-09T07:29:59.999000Z,1759995000000,2025-10-09T07:30:00Z,1759998599999,2025-10-09T08:29:59.999000Z,NORMAL,SHORT,0.26386000000000004,0.2654,0.26031800000000005,0.26031800000000005,TP,2.3,False
XLMUSDT,1759994999999,2025-10-09T07:29:59.999000Z,1759995000000,2025-10-09T07:30:00Z,1760000399999,2025-10-09T08:59:59.999000Z,NORMAL,SHORT,0.37851,0.38069000000000003,0.373496,0.373496,TP,2.3,False
QTUMUSDT,1759998599999,2025-10-09T08:29:59.999000Z,1759998600000,2025-10-09T08:30:00Z,1760014799999,2025-10-09T12:59:59.999000Z,NORMAL,SHORT,2.242,2.281,2.1522999999999994,2.281,SL,-1.0,False
TRXUSDT,1760000399999,2025-10-09T08:59:59.999000Z,1760000400000,2025-10-09T09:00:00Z,1760007599999,2025-10-09T10:59:59.999000Z,NORMAL,SHORT,0.33588,0.33726000000000006,0.3327059999999999,0.33726000000000006,SL,-1.0,False
BNBUSDT,1760020199999,2025-10-09T14:29:59.999000Z,1760020200000,2025-10-09T14:30:00Z,1760047199999,2025-10-09T21:59:59.999000Z,NORMAL,SHORT,1243.6090000000002,1260.151,1205.5624000000003,1255.38,EMA,-0.7115826381332376,False
AXSUSDT,1760340599999,2025-10-13T07:29:59.999000Z,1760340600000,2025-10-13T07:30:00Z,1760354999999,2025-10-13T11:29:59.999000Z,NORMAL,LONG,1.7440100000000003,1.7199900000000001,1.7992560000000006,1.7199900000000001,SL,-1.0,False
HBARUSDT,1760340599999,2025-10-13T07:29:59.999000Z,1760340600000,2025-10-13T07:30:00Z,1760354999999,2025-10-13T11:29:59.999000Z,NORMAL,LONG,0.18917000000000003,0.18658,0.1951270000000001,0.18658,SL,-1.0,False
LINKUSDT,1760340599999,2025-10-13T07:29:59.999000Z,1760340600000,2025-10-13T07:30:00Z,1760354999999,2025-10-13T11:29:59.999000Z,NORMAL,LONG,19.645000000000003,19.343999999999998,20.337300000000017,19.343999999999998,SL,-1.0,False
XMRUSDT,1760426999999,2025-10-14T07:29:59.999000Z,1760427000000,2025-10-14T07:30:00Z,1760432399999,2025-10-14T08:59:59.999000Z,NORMAL,SHORT,300.07,302.82,293.745,302.82,SL,-1.0,False
AXSUSDT,1760428799999,2025-10-14T07:59:59.999000Z,1760428800000,2025-10-14T08:00:00Z,1760432399999,2025-10-14T08:59:59.999000Z,NORMAL,SHORT,1.6489900000000002,1.67301,1.5937440000000003,1.67301,SL,-1.0,False
NEARUSDT,1760428799999,2025-10-14T07:59:59.999000Z,1760428800000,2025-10-14T08:00:00Z,1760432399999,2025-10-14T08:59:59.999000Z,NORMAL,SHORT,2.3969,2.4361,2.3067399999999996,2.4361,SL,-1.0,False
RVNUSDT,1761064199999,2025-10-21T16:29:59.999000Z,1761064200000,2025-10-21T16:30:00Z,1761065999999,2025-10-21T16:59:59.999000Z,NORMAL,LONG,0.01021,0.010110000000000001,0.01044,0.010110000000000001,SL,-1.0,False
UNIUSDT,1762356599999,2025-11-05T15:29:59.999000Z,1762356600000,2025-11-05T15:30:00Z,1762385399999,2025-11-05T23:29:59.999000Z,NORMAL,LONG,5.3441,5.272900000000001,5.507859999999998,5.361,SESSION,0.2373595505617959,False
XRPUSDT,1762426799999,2025-11-06T10:59:59.999000Z,1762426800000,2025-11-06T11:00:00Z,1762441199999,2025-11-06T14:59:59.999000Z,NORMAL,SHORT,2.3011999999999997,2.3167000000000004,2.265549999999998,2.265549999999998,TP,2.3,False
UNIUSDT,1762766999999,2025-11-10T09:29:59.999000Z,1762767000000,2025-11-10T09:30:00Z,1762772399999,2025-11-10T10:59:59.999000Z,NORMAL,LONG,6.8261,6.761900000000001,6.9737599999999995,6.9737599999999995,TP,2.3,False
FILUSDT,1762770599999,2025-11-10T10:29:59.999000Z,1762770600000,2025-11-10T10:30:00Z,1762786799999,2025-11-10T14:59:59.999000Z,NORMAL,SHORT,2.605,2.661,2.4762,2.4762,TP,2.3,False
ZENUSDT,1762792199999,2025-11-10T16:29:59.999000Z,1762792200000,2025-11-10T16:30:00Z,1762817399999,2025-11-10T23:29:59.999000Z,NORMAL,SHORT,13.661000000000001,14.047,12.773200000000003,13.074,SESSION,1.5207253886010432,False
SKLUSDT,1762846199999,2025-11-11T07:29:59.999000Z,1762846200000,2025-11-11T07:30:00Z,1762864199999,2025-11-11T12:29:59.999000Z,NORMAL,SHORT,0.017240000000000002,0.0175,0.016642000000000004,0.0175,SL,-1.0,False
LTCUSDT,1762847999999,2025-11-11T07:59:59.999000Z,1762848000000,2025-11-11T08:00:00Z,1762853399999,2025-11-11T09:29:59.999000Z,NORMAL,SHORT,102.00999999999999,103.08000000000001,99.54899999999994,103.08000000000001,SL,-1.0,False
XMRUSDT,1762853399999,2025-11-11T09:29:59.999000Z,1762853400000,2025-11-11T09:30:00Z,1762864199999,2025-11-11T12:29:59.999000Z,NORMAL,SHORT,375.44,379.66,365.7339999999999,379.66,SL,-1.0,False
ICPUSDT,1763130599999,2025-11-14T14:29:59.999000Z,1763130600000,2025-11-14T14:30:00Z,1763132399999,2025-11-14T14:59:59.999000Z,NORMAL,SHORT,5.590000000000001,5.72,5.291000000000003,5.72,SL,-1.0,False
ZECUSDT,1763130599999,2025-11-14T14:29:59.999000Z,1763130600000,2025-11-14T14:30:00Z,1763162999999,2025-11-14T23:29:59.999000Z,NORMAL,LONG,560.54,534.49,620.4549999999998,591.2,SESSION,1.1769673704414638,False
RUNEUSDT,1763366399999,2025-11-17T07:59:59.999000Z,1763366400000,2025-11-17T08:00:00Z,1763371799999,2025-11-17T09:29:59.999000Z,NORMAL,LONG,0.751,0.7464000000000001,0.7615799999999998,0.7464000000000001,SL,-1.0,False
ETHUSDT,1763710199999,2025-11-21T07:29:59.999000Z,1763710200000,2025-11-21T07:30:00Z,1763711999999,2025-11-21T07:59:59.999000Z,T+1,SHORT,2753.3199999999997,2799.28,2647.6119999999987,2647.6119999999987,TP,2.3,False
RUNEUSDT,1763710199999,2025-11-21T07:29:59.999000Z,1763710200000,2025-11-21T07:30:00Z,1763711999999,2025-11-21T07:59:59.999000Z,T+1,SHORT,0.6466000000000001,0.6557000000000001,0.6256700000000001,0.6256700000000001,TP,2.3,False
UNIUSDT,1763710199999,2025-11-21T07:29:59.999000Z,1763710200000,2025-11-21T07:30:00Z,1763711999999,2025-11-21T07:59:59.999000Z,T+1,SHORT,6.384900000000001,6.5211,6.071640000000004,6.071640000000004,TP,2.3,False
MASKUSDT,1763715599999,2025-11-21T08:59:59.999000Z,1763715600000,2025-11-21T09:00:00Z,1763728199999,2025-11-21T12:29:59.999000Z,T+1,SHORT,0.6539,0.6651,0.62814,0.62814,TP,2.3,False
SKLUSDT,1763715599999,2025-11-21T08:59:59.999000Z,1763715600000,2025-11-21T09:00:00Z,1763726399999,2025-11-21T11:59:59.999000Z,T+1,SHORT,0.013730000000000001,0.013890000000000001,0.013362,0.013362,TP,2.3,False
KNCUSDT,1764257399999,2025-11-27T15:29:59.999000Z,1764257400000,2025-11-27T15:30:00Z,1764286199999,2025-11-27T23:29:59.999000Z,NORMAL,LONG,0.28121,0.27889,0.28654599999999997,0.2811,SESSION,-0.04741379310344807,False
HBARUSDT,1764602999999,2025-12-01T15:29:59.999000Z,1764603000000,2025-12-01T15:30:00Z,1764622799999,2025-12-01T20:59:59.999000Z,NORMAL,SHORT,0.13125,0.13298000000000001,0.127271,0.13298000000000001,SL,-1.0,False
ZECUSDT,1764664199999,2025-12-02T08:29:59.999000Z,1764664200000,2025-12-02T08:30:00Z,1764671399999,2025-12-02T10:29:59.999000Z,NORMAL,SHORT,315.99,328.43,287.37800000000004,328.43,SL,-1.0,False
XMRUSDT,1764669599999,2025-12-02T09:59:59.999000Z,1764669600000,2025-12-02T10:00:00Z,1764673199999,2025-12-02T10:59:59.999000Z,NORMAL,SHORT,388.97,391.28,383.65700000000015,391.28,SL,-1.0,False
AXSUSDT,1764746999999,2025-12-03T07:29:59.999000Z,1764747000000,2025-12-03T07:30:00Z,1764754199999,2025-12-03T09:29:59.999000Z,NORMAL,LONG,1.1200100000000002,1.11399,1.1338560000000004,1.11399,SL,-1.0,False
HBARUSDT,1764840599999,2025-12-04T09:29:59.999000Z,1764840600000,2025-12-04T09:30:00Z,1764856799999,2025-12-04T13:59:59.999000Z,NORMAL,SHORT,0.14200000000000002,0.14278000000000002,0.140206,0.140206,TP,2.3,False
LTCUSDT,1764944999999,2025-12-05T14:29:59.999000Z,1764945000000,2025-12-05T14:30:00Z,1764948599999,2025-12-05T15:29:59.999000Z,NORMAL,SHORT,81.89,82.24000000000001,81.08499999999998,82.24000000000001,SL,-1.0,False
BTCUSDT,1765178999999,2025-12-08T07:29:59.999000Z,1765179000000,2025-12-08T07:30:00Z,1765202399999,2025-12-08T13:59:59.999000Z,NORMAL,LONG,91700.01,91310.19,92596.59599999998,91310.19,SL,-1.0,False
UNIUSDT,1765178999999,2025-12-08T07:29:59.999000Z,1765179000000,2025-12-08T07:30:00Z,1765198799999,2025-12-08T12:59:59.999000Z,NORMAL,LONG,5.6901,5.649900000000001,5.782559999999999,5.649900000000001,SL,-1.0,False
ETCUSDT,1765182599999,2025-12-08T08:29:59.999000Z,1765182600000,2025-12-08T08:30:00Z,1765186199999,2025-12-08T09:29:59.999000Z,NORMAL,LONG,13.469999999999999,13.406,13.617199999999995,13.617199999999995,TP,2.3,False
RVNUSDT,1765182599999,2025-12-08T08:29:59.999000Z,1765182600000,2025-12-08T08:30:00Z,1765207799999,2025-12-08T15:29:59.999000Z,NORMAL,LONG,0.008,0.007920000000000002,0.008183999999999997,0.007920000000000002,SL,-1.0,False
SOLUSDT,1765184399999,2025-12-08T08:59:59.999000Z,1765184400000,2025-12-08T09:00:00Z,1765207799999,2025-12-08T15:29:59.999000Z,NORMAL,LONG,136.9101,135.7799,139.50956,135.7799,SL,-1.0,False
LTCUSDT,1765189799999,2025-12-08T10:29:59.999000Z,1765189800000,2025-12-08T10:30:00Z,1765195199999,2025-12-08T11:59:59.999000Z,NORMAL,LONG,83.91000000000001,83.64,84.53100000000003,83.64,SL,-1.0,False
MASKUSDT,1765189799999,2025-12-08T10:29:59.999000Z,1765189800000,2025-12-08T10:30:00Z,1765195199999,2025-12-08T11:59:59.999000Z,NORMAL,LONG,0.6623,0.6598,0.6680499999999999,0.6598,SL,-1.0,False
AAVEUSDT,1765191599999,2025-12-08T10:59:59.999000Z,1765191600000,2025-12-08T11:00:00Z,1765205999999,2025-12-08T14:59:59.999000Z,NORMAL,LONG,195.651,194.399,198.53060000000002,198.53060000000002,TP,2.3,False
AXSUSDT,1765191599999,2025-12-08T10:59:59.999000Z,1765191600000,2025-12-08T11:00:00Z,1765195199999,2025-12-08T11:59:59.999000Z,NORMAL,LONG,1.0620100000000001,1.05699,1.0735560000000002,1.05699,SL,-1.0,False
DUSKUSDT,1766392199999,2025-12-22T08:29:59.999000Z,1766392200000,2025-12-22T08:30:00Z,1766417399999,2025-12-22T15:29:59.999000Z,NORMAL,LONG,0.04054000000000001,0.0402,0.041322000000000025,0.0402,SL,-1.0,False
CRVUSDT,1766395799999,2025-12-22T09:29:59.999000Z,1766395800000,2025-12-22T09:30:00Z,1766408399999,2025-12-22T12:59:59.999000Z,NORMAL,LONG,0.362,0.356,0.3758,0.3758,TP,2.3,False
RUNEUSDT,1766395799999,2025-12-22T09:29:59.999000Z,1766395800000,2025-12-22T09:30:00Z,1766406599999,2025-12-22T12:29:59.999000Z,NORMAL,LONG,0.5868,0.5839000000000001,0.5934699999999997,0.5934699999999997,TP,2.3,False
BTCUSDT,1766397599999,2025-12-22T09:59:59.999000Z,1766397600000,2025-12-22T10:00:00Z,1766415599999,2025-12-22T14:59:59.999000Z,NORMAL,LONG,89798.01,89442.59000000001,90615.47599999995,89442.59000000001,SL,-1.0,False
LINKUSDT,1766500199999,2025-12-23T14:29:59.999000Z,1766500200000,2025-12-23T14:30:00Z,1766503799999,2025-12-23T15:29:59.999000Z,NORMAL,SHORT,12.163,12.259,11.9422,12.259,SL,-1.0,False
ETCUSDT,1766561399999,2025-12-24T07:29:59.999000Z,1766561400000,2025-12-24T07:30:00Z,1766563199999,2025-12-24T07:59:59.999000Z,NORMAL,SHORT,11.848,11.891,11.749100000000002,11.891,SL,-1.0,False
AAVEUSDT,1766563199999,2025-12-24T07:59:59.999000Z,1766563200000,2025-12-24T08:00:00Z,1766572199999,2025-12-24T10:29:59.999000Z,NORMAL,SHORT,147.279,148.58100000000002,144.28439999999995,148.58100000000002,SL,-1.0,False
BNBUSDT,1766564999999,2025-12-24T08:29:59.999000Z,1766565000000,2025-12-24T08:30:00Z,1766573999999,2025-12-24T10:59:59.999000Z,NORMAL,SHORT,836.0790000000001,838.461,830.6004000000001,838.461,SL,-1.0,False
ZENUSDT,1766564999999,2025-12-24T08:29:59.999000Z,1766565000000,2025-12-24T08:30:00Z,1766581199999,2025-12-24T12:59:59.999000Z,NORMAL,SHORT,7.478,7.542000000000001,7.330799999999997,7.542000000000001,SL,-1.0,False
TRXUSDT,1766654999999,2025-12-25T09:29:59.999000Z,1766655000000,2025-12-25T09:30:00Z,1766678399999,2025-12-25T15:59:59.999000Z,NORMAL,SHORT,0.2788,0.27936000000000005,0.27751199999999987,0.27751199999999987,TP,2.3,False
ZENUSDT,1767020399999,2025-12-29T14:59:59.999000Z,1767020400000,2025-12-29T15:00:00Z,1767023999999,2025-12-29T15:59:59.999000Z,NORMAL,SHORT,9.006,9.107999999999999,8.771400000000003,9.107999999999999,SL,-1.0,False
ADAUSDT,1767027599999,2025-12-29T16:59:59.999000Z,1767027600000,2025-12-29T17:00:00Z,1767034799999,2025-12-29T18:59:59.999000Z,NORMAL,SHORT,0.35939000000000004,0.36101000000000005,0.35566400000000004,0.35566400000000004,TP,2.3,False
ZENUSDT,1767191399999,2025-12-31T14:29:59.999000Z,1767191400000,2025-12-31T14:30:00Z,1767200399999,2025-12-31T16:59:59.999000Z,NORMAL,SHORT,8.968,9.072,8.728800000000001,8.728800000000001,TP,2.3,False
BCHUSDT,1767277799999,2026-01-01T14:29:59.999000Z,1767277800000,2026-01-01T14:30:00Z,1767299399999,2026-01-01T20:29:59.999000Z,NORMAL,SHORT,590.0400000000001,592.98,583.2780000000002,591.84,EMA,-0.6122448979591805,False
LPTUSDT,1767279599999,2026-01-01T14:59:59.999000Z,1767279600000,2026-01-01T15:00:00Z,1767310199999,2026-01-01T23:29:59.999000Z,NORMAL,LONG,2.999,2.966,3.0749,3.006,SESSION,0.21212121212120275,False
ICPUSDT,1767284999999,2026-01-01T16:29:59.999000Z,1767285000000,2026-01-01T16:30:00Z,1767310199999,2026-01-01T23:29:59.999000Z,NORMAL,LONG,3.01,2.95,3.147999999999999,3.002,SESSION,-0.13333333333333433,False
AXSUSDT,1768836599999,2026-01-19T15:29:59.999000Z,1768836600000,2026-01-19T15:30:00Z,1768865399999,2026-01-19T23:29:59.999000Z,NORMAL,SHORT,1.67199,1.7190100000000001,1.563844,1.641,SESSION,0.659081242024671,False
ADAUSDT,1768901399999,2026-01-20T09:29:59.999000Z,1768901400000,2026-01-20T09:30:00Z,1768904999999,2026-01-20T10:29:59.999000Z,NORMAL,SHORT,0.35819,0.36061000000000004,0.35262399999999994,0.36061000000000004,SL,-1.0,False
BTCUSDT,1768926599999,2026-01-20T16:29:59.999000Z,1768926600000,2026-01-20T16:30:00Z,1768931999999,2026-01-20T17:59:59.999000Z,NORMAL,SHORT,90473.59000000001,90944.51,89390.47400000005,89390.47400000005,TP,2.3,False
KNCUSDT,1769095799999,2026-01-22T15:29:59.999000Z,1769095800000,2026-01-22T15:30:00Z,1769097599999,2026-01-22T15:59:59.999000Z,NORMAL,SHORT,0.21059,0.21191000000000002,0.20755399999999996,0.21191000000000002,SL,-1.0,False
SKLUSDT,1769185799999,2026-01-23T16:29:59.999000Z,1769185800000,2026-01-23T16:30:00Z,1769187599999,2026-01-23T16:59:59.999000Z,NORMAL,SHORT,0.010280000000000001,0.01044,0.009912000000000004,0.01044,SL,-1.0,False
RVNUSDT,1769414399999,2026-01-26T07:59:59.999000Z,1769414400000,2026-01-26T08:00:00Z,1769421599999,2026-01-26T09:59:59.999000Z,NORMAL,LONG,0.00688,0.0068200000000000005,0.007017999999999998,0.0068200000000000005,SL,-1.0,False
ONTUSDT,1769443199999,2026-01-26T15:59:59.999000Z,1769443200000,2026-01-26T16:00:00Z,1769470199999,2026-01-26T23:29:59.999000Z,NORMAL,LONG,0.05840000000000001,0.0575,0.06047000000000002,0.0584,SESSION,-7.709882115452433e-15,False
LTCUSDT,1769444999999,2026-01-26T16:29:59.999000Z,1769445000000,2026-01-26T16:30:00Z,1769450399999,2026-01-26T17:59:59.999000Z,NORMAL,LONG,69.32000000000001,68.72999999999999,70.67700000000005,68.72999999999999,SL,-1.0,False
TRXUSDT,1769763599999,2026-01-30T08:59:59.999000Z,1769763600000,2026-01-30T09:00:00Z,1769767199999,2026-01-30T09:59:59.999000Z,T+1,SHORT,0.28926,0.28983000000000003,0.287949,0.28983000000000003,SL,-1.0,False
DOGEUSDT,1770042599999,2026-02-02T14:29:59.999000Z,1770042600000,2026-02-02T14:30:00Z,1770047999999,2026-02-02T15:59:59.999000Z,NORMAL,LONG,0.107031,0.105539,0.11046260000000002,0.11046260000000002,TP,2.3,False
1000SHIBUSDT,1770044399999,2026-02-02T14:59:59.999000Z,1770044400000,2026-02-02T15:00:00Z,1770074999999,2026-02-02T23:29:59.999000Z,NORMAL,LONG,0.006918,0.006804999999999999,0.0071779,0.006879,SESSION,-0.34513274336283084,False
AVAXUSDT,1770044399999,2026-02-02T14:59:59.999000Z,1770044400000,2026-02-02T15:00:00Z,1770065999999,2026-02-02T20:59:59.999000Z,NORMAL,LONG,10.2371,10.081900000000001,10.594059999999997,10.081900000000001,SL,-1.0,False
DOTUSDT,1770044399999,2026-02-02T14:59:59.999000Z,1770044400000,2026-02-02T15:00:00Z,1770074999999,2026-02-02T23:29:59.999000Z,NORMAL,LONG,1.5559999999999998,1.5260000000000002,1.624999999999999,1.542,SESSION,-0.4666666666666662,False
FILUSDT,1770044399999,2026-02-02T14:59:59.999000Z,1770044400000,2026-02-02T15:00:00Z,1770074999999,2026-02-02T23:29:59.999000Z,NORMAL,LONG,1.079,1.058,1.1272999999999997,1.081,SESSION,0.09523809523809575,False
NEARUSDT,1770044399999,2026-02-02T14:59:59.999000Z,1770044400000,2026-02-02T15:00:00Z,1770067799999,2026-02-02T21:29:59.999000Z,NORMAL,LONG,1.2231,1.1989,1.2787600000000001,1.204,EMA,-0.7892561983471122,False
PEOPLEUSDT,1770044399999,2026-02-02T14:59:59.999000Z,1770044400000,2026-02-02T15:00:00Z,1770064199999,2026-02-02T20:29:59.999000Z,NORMAL,LONG,0.00779,0.007640000000000001,0.008134999999999998,0.00769,EMA,-0.6666666666666724,False
ETCUSDT,1770046199999,2026-02-02T15:29:59.999000Z,1770046200000,2026-02-02T15:30:00Z,1770074999999,2026-02-02T23:29:59.999000Z,NORMAL,LONG,9.876999999999999,9.711,10.258799999999995,9.816,SESSION,-0.36746987951806437,False
ONTUSDT,1770046199999,2026-02-02T15:29:59.999000Z,1770046200000,2026-02-02T15:30:00Z,1770074999999,2026-02-02T23:29:59.999000Z,NORMAL,LONG,0.052300000000000006,0.0513,0.054600000000000024,0.0523,SESSION,-6.938893903907174e-15,False
SANDUSDT,1770046199999,2026-02-02T15:29:59.999000Z,1770046200000,2026-02-02T15:30:00Z,1770067799999,2026-02-02T21:29:59.999000Z,NORMAL,LONG,0.10319,0.10136,0.107399,0.10187,EMA,-0.7213114754098376,False
QTUMUSDT,1770047999999,2026-02-02T15:59:59.999000Z,1770048000000,2026-02-02T16:00:00Z,1770065999999,2026-02-02T20:59:59.999000Z,NORMAL,LONG,1.1079999999999999,1.0930000000000002,1.1424999999999992,1.0930000000000002,SL,-1.0,False
ETHUSDT,1770116399999,2026-02-03T10:59:59.999000Z,1770116400000,2026-02-03T11:00:00Z,1770121799999,2026-02-03T12:29:59.999000Z,NORMAL,SHORT,2274.99,2291.0200000000004,2238.1209999999983,2291.0200000000004,SL,-1.0,False
HBARUSDT,1770391799999,2026-02-06T15:29:59.999000Z,1770391800000,2026-02-06T15:30:00Z,1770395399999,2026-02-06T16:29:59.999000Z,NORMAL,LONG,0.09037,0.08888000000000001,0.09379699999999999,0.09379699999999999,TP,2.3,False
ETHUSDT,1770393599999,2026-02-06T15:59:59.999000Z,1770393600000,2026-02-06T16:00:00Z,1770398999999,2026-02-06T17:29:59.999000Z,NORMAL,LONG,1996.41,1968.54,2060.5110000000004,2060.5110000000004,TP,2.3,False
LITUSDT,1770395399999,2026-02-06T16:29:59.999000Z,1770395400000,2026-02-06T16:30:00Z,1770400799999,2026-02-06T17:59:59.999000Z,NORMAL,LONG,1.593,1.536,1.7240999999999997,1.7240999999999997,TP,2.3,False
XLMUSDT,1771324199999,2026-02-17T10:29:59.999000Z,1771324200000,2026-02-17T10:30:00Z,1771331399999,2026-02-17T12:29:59.999000Z,NORMAL,SHORT,0.16502,0.16597000000000003,0.16283499999999992,0.16597000000000003,SL,-1.0,False
KNCUSDT,1771401599999,2026-02-18T07:59:59.999000Z,1771401600000,2026-02-18T08:00:00Z,1771412399999,2026-02-18T10:59:59.999000Z,NORMAL,LONG,0.14201000000000003,0.14129,0.14366600000000007,0.14129,SL,-1.0,False
AXSUSDT,1771424999999,2026-02-18T14:29:59.999000Z,1771425000000,2026-02-18T14:30:00Z,1771426799999,2026-02-18T14:59:59.999000Z,NORMAL,SHORT,1.31699,1.3240100000000001,1.3008440000000001,1.3240100000000001,SL,-1.0,False
LPTUSDT,1771489799999,2026-02-19T08:29:59.999000Z,1771489800000,2026-02-19T08:30:00Z,1771509599999,2026-02-19T13:59:59.999000Z,NORMAL,SHORT,2.31,2.331,2.2617000000000003,2.2617000000000003,TP,2.3,False
DOTUSDT,1771495199999,2026-02-19T09:59:59.999000Z,1771495200000,2026-02-19T10:00:00Z,1771507799999,2026-02-19T13:29:59.999000Z,NORMAL,SHORT,1.2950000000000002,1.3039999999999998,1.2743000000000009,1.2743000000000009,TP,2.3,False
MASKUSDT,1771495199999,2026-02-19T09:59:59.999000Z,1771495200000,2026-02-19T10:00:00Z,1771509599999,2026-02-19T13:59:59.999000Z,NORMAL,SHORT,0.4435,0.4476,0.43407,0.43407,TP,2.3,False
TRXUSDT,1771603199999,2026-02-20T15:59:59.999000Z,1771603200000,2026-02-20T16:00:00Z,1771606799999,2026-02-20T16:59:59.999000Z,NORMAL,LONG,0.28647000000000006,0.28513,0.2895520000000002,0.28513,SL,-1.0,False
TRXUSDT,1771927199999,2026-02-24T09:59:59.999000Z,1771927200000,2026-02-24T10:00:00Z,1771936199999,2026-02-24T12:29:59.999000Z,NORMAL,SHORT,0.28013,0.28087,0.27842799999999995,0.28087,SL,-1.0,False
QTUMUSDT,1772004599999,2026-02-25T07:29:59.999000Z,1772004600000,2026-02-25T07:30:00Z,1772024399999,2026-02-25T12:59:59.999000Z,NORMAL,LONG,0.892,0.886,0.9058,0.9058,TP,2.3,False
AVAXUSDT,1772013599999,2026-02-25T09:59:59.999000Z,1772013600000,2026-02-25T10:00:00Z,1772018999999,2026-02-25T11:29:59.999000Z,NORMAL,LONG,8.7471,8.6659,8.933859999999997,8.933859999999997,TP,2.3,False
BNBUSDT,1772013599999,2026-02-25T09:59:59.999000Z,1772013600000,2026-02-25T10:00:00Z,1772024399999,2026-02-25T12:59:59.999000Z,NORMAL,LONG,603.391,599.999,611.1925999999999,611.1925999999999,TP,2.3,False
ONTUSDT,1772017199999,2026-02-25T10:59:59.999000Z,1772017200000,2026-02-25T11:00:00Z,1772040599999,2026-02-25T17:29:59.999000Z,NORMAL,LONG,0.042600000000000006,0.042,0.04398000000000001,0.04398000000000001,TP,2.3,False
BTCUSDT,1772029799999,2026-02-25T14:29:59.999000Z,1772029800000,2026-02-25T14:30:00Z,1772035199999,2026-02-25T15:59:59.999000Z,NORMAL,LONG,66588.81,66179.19,67530.93599999999,67530.93599999999,TP,2.3,False
ZENUSDT,1772036999999,2026-02-25T16:29:59.999000Z,1772037000000,2026-02-25T16:30:00Z,1772062199999,2026-02-25T23:29:59.999000Z,NORMAL,LONG,5.727,5.649,5.906400000000001,5.689,SESSION,-0.4871794871794886,False
XLMUSDT,1772179199999,2026-02-27T07:59:59.999000Z,1772179200000,2026-02-27T08:00:00Z,1772186399999,2026-02-27T09:59:59.999000Z,NORMAL,LONG,0.16616000000000003,0.1646,0.1697480000000001,0.1646,SL,-1.0,False
MASKUSDT,1772182799999,2026-02-27T08:59:59.999000Z,1772182800000,2026-02-27T09:00:00Z,1772186399999,2026-02-27T09:59:59.999000Z,NORMAL,LONG,0.44730000000000003,0.4439,0.4551200000000001,0.4439,SL,-1.0,False
ADAUSDT,1772207999999,2026-02-27T15:59:59.999000Z,1772208000000,2026-02-27T16:00:00Z,1772233199999,2026-02-27T22:59:59.999000Z,NORMAL,SHORT,0.27919,0.28181000000000006,0.27316399999999985,0.27316399999999985,TP,2.3,False
DASHUSDT,1772207999999,2026-02-27T15:59:59.999000Z,1772208000000,2026-02-27T16:00:00Z,1772231399999,2026-02-27T22:29:59.999000Z,NORMAL,SHORT,33.56,33.85,32.893,32.893,TP,2.3,False
ETCUSDT,1772211599999,2026-02-27T16:59:59.999000Z,1772211600000,2026-02-27T17:00:00Z,1772218799999,2026-02-27T18:59:59.999000Z,NORMAL,SHORT,8.600000000000001,8.674,8.429800000000006,8.674,SL,-1.0,False
RVNUSDT,1772528399999,2026-03-03T08:59:59.999000Z,1772528400000,2026-03-03T09:00:00Z,1772555399999,2026-03-03T16:29:59.999000Z,NORMAL,SHORT,0.005550000000000001,0.00564,0.005343000000000004,0.00564,SL,-1.0,False
BCHUSDT,1773673199999,2026-03-16T14:59:59.999000Z,1773673200000,2026-03-16T15:00:00Z,1773703799999,2026-03-16T23:29:59.999000Z,NORMAL,LONG,477.39,473.40000000000003,486.5669999999999,478.84,SESSION,0.3634085213032596,False
MASKUSDT,1774261799999,2026-03-23T10:29:59.999000Z,1774261800000,2026-03-23T10:30:00Z,1774265399999,2026-03-23T11:29:59.999000Z,NORMAL,SHORT,0.42590000000000006,0.42910000000000004,0.4185400000000001,0.42910000000000004,SL,-1.0,False
ETHUSDT,1774430999999,2026-03-25T09:29:59.999000Z,1774431000000,2026-03-25T09:30:00Z,1774441799999,2026-03-25T12:29:59.999000Z,NORMAL,LONG,2183.36,2173.77,2205.4170000000004,2173.77,SL,-1.0,False
AAVEUSDT,1774432799999,2026-03-25T09:59:59.999000Z,1774432800000,2026-03-25T10:00:00Z,1774439999999,2026-03-25T11:59:59.999000Z,NORMAL,LONG,113.721,112.90899999999999,115.58860000000003,115.58860000000003,TP,2.3,False
SOLUSDT,1774432799999,2026-03-25T09:59:59.999000Z,1774432800000,2026-03-25T10:00:00Z,1774448999999,2026-03-25T14:29:59.999000Z,NORMAL,LONG,92.6101,92.0899,93.80656,92.0899,SL,-1.0,False
ONTUSDT,1774519199999,2026-03-26T09:59:59.999000Z,1774519200000,2026-03-26T10:00:00Z,1774567799999,2026-03-26T23:29:59.999000Z,NORMAL,SHORT,0.0551,0.056100000000000004,0.0528,0.0539,SESSION,1.1999999999999986,False
1000SHIBUSDT,1774605599999,2026-03-27T09:59:59.999000Z,1774605600000,2026-03-27T10:00:00Z,1774609199999,2026-03-27T10:59:59.999000Z,NORMAL,SHORT,0.005822999999999999,0.005846,0.0057700999999999985,0.0057700999999999985,TP,2.3,False
LINKUSDT,1774605599999,2026-03-27T09:59:59.999000Z,1774605600000,2026-03-27T10:00:00Z,1774609199999,2026-03-27T10:59:59.999000Z,NORMAL,SHORT,8.774000000000001,8.822,8.663600000000004,8.663600000000004,TP,2.3,False
UNIUSDT,1774605599999,2026-03-27T09:59:59.999000Z,1774605600000,2026-03-27T10:00:00Z,1774609199999,2026-03-27T10:59:59.999000Z,NORMAL,SHORT,3.4729,3.4871000000000003,3.4402399999999997,3.4402399999999997,TP,2.3,False
HBARUSDT,1774607399999,2026-03-27T10:29:59.999000Z,1774607400000,2026-03-27T10:30:00Z,1774609199999,2026-03-27T10:59:59.999000Z,NORMAL,SHORT,0.09017000000000001,0.09048,0.08945700000000004,0.08945700000000004,TP,2.3,False
XMRUSDT,1774628999999,2026-03-27T16:29:59.999000Z,1774629000000,2026-03-27T16:30:00Z,1774639799999,2026-03-27T19:29:59.999000Z,NORMAL,SHORT,319.76,323.33,311.549,323.33,SL,-1.0,False
AXSUSDT,1774949399999,2026-03-31T09:29:59.999000Z,1774949400000,2026-03-31T09:30:00Z,1774967399999,2026-03-31T14:29:59.999000Z,NORMAL,SHORT,1.0989900000000001,1.10901,1.0759440000000002,1.10901,SL,-1.0,False
KNCUSDT,1774949399999,2026-03-31T09:29:59.999000Z,1774949400000,2026-03-31T09:30:00Z,1774967399999,2026-03-31T14:29:59.999000Z,NORMAL,SHORT,0.14099,0.14241,0.13772399999999999,0.14241,SL,-1.0,False
XRPUSDT,1774949399999,2026-03-31T09:29:59.999000Z,1774949400000,2026-03-31T09:30:00Z,1774958399999,2026-03-31T11:59:59.999000Z,NORMAL,SHORT,1.3079,1.316,1.2892700000000001,1.316,SL,-1.0,False
XLMUSDT,1775577599999,2026-04-07T15:59:59.999000Z,1775577600000,2026-04-07T16:00:00Z,1775584799999,2026-04-07T17:59:59.999000Z,NORMAL,SHORT,0.15367,0.15486000000000003,0.15093299999999996,0.15486000000000003,SL,-1.0,False
BNBUSDT,1776158999999,2026-04-14T09:29:59.999000Z,1776159000000,2026-04-14T09:30:00Z,1776164399999,2026-04-14T10:59:59.999000Z,NORMAL,LONG,619.081,617.6790000000001,622.3055999999998,617.6790000000001,SL,-1.0,False
ZENUSDT,1776184199999,2026-04-14T16:29:59.999000Z,1776184200000,2026-04-14T16:30:00Z,1776193199999,2026-04-14T18:59:59.999000Z,NORMAL,SHORT,5.795,5.856000000000001,5.654699999999998,5.654699999999998,TP,2.3,False
COTIUSDT,1776238199999,2026-04-15T07:29:59.999000Z,1776238200000,2026-04-15T07:30:00Z,1776239999999,2026-04-15T07:59:59.999000Z,NORMAL,LONG,0.013760000000000001,0.013620000000000002,0.014082,0.013620000000000002,SL,-1.0,False
COTIUSDT,1776241799999,2026-04-15T08:29:59.999000Z,1776241800000,2026-04-15T08:30:00Z,1776252599999,2026-04-15T11:29:59.999000Z,NORMAL,LONG,0.013770000000000001,0.013590000000000001,0.014184,0.013590000000000001,SL,-1.0,False
UNIUSDT,1776324599999,2026-04-16T07:29:59.999000Z,1776324600000,2026-04-16T07:30:00Z,1776326399999,2026-04-16T07:59:59.999000Z,NORMAL,LONG,3.2721000000000005,3.2539,3.313960000000002,3.2539,SL,-1.0,False
RUNEUSDT,1776936599999,2026-04-23T09:29:59.999000Z,1776936600000,2026-04-23T09:30:00Z,1776945599999,2026-04-23T11:59:59.999000Z,NORMAL,SHORT,0.4736,0.47900000000000004,0.46118,0.47900000000000004,SL,-1.0,False
BNBUSDT,1776938399999,2026-04-23T09:59:59.999000Z,1776938400000,2026-04-23T10:00:00Z,1776947399999,2026-04-23T12:29:59.999000Z,NORMAL,SHORT,632.3190000000001,634.401,627.5304000000003,634.401,SL,-1.0,False
AXSUSDT,1777287599999,2026-04-27T10:59:59.999000Z,1777287600000,2026-04-27T11:00:00Z,1777289399999,2026-04-27T11:29:59.999000Z,NORMAL,SHORT,1.3509900000000001,1.3610100000000003,1.3279439999999998,1.3610100000000003,SL,-1.0,False
RVNUSDT,1777287599999,2026-04-27T10:59:59.999000Z,1777287600000,2026-04-27T11:00:00Z,1777301999999,2026-04-27T14:59:59.999000Z,NORMAL,SHORT,0.005860000000000001,0.00591,0.005745000000000001,0.00591,SL,-1.0,False
ETCUSDT,1777305599999,2026-04-27T15:59:59.999000Z,1777305600000,2026-04-27T16:00:00Z,1777312799999,2026-04-27T17:59:59.999000Z,NORMAL,SHORT,8.260000000000002,8.315999999999999,8.131200000000007,8.315999999999999,SL,-1.0,False
PEOPLEUSDT,1777305599999,2026-04-27T15:59:59.999000Z,1777305600000,2026-04-27T16:00:00Z,1777328999999,2026-04-27T22:29:59.999000Z,NORMAL,SHORT,0.007490000000000001,0.0076,0.007237000000000003,0.0076,SL,-1.0,False
KNCUSDT,1777888799999,2026-05-04T09:59:59.999000Z,1777888800000,2026-05-04T10:00:00Z,1777903199999,2026-05-04T13:59:59.999000Z,NORMAL,SHORT,0.15429,0.15621000000000002,0.149874,0.15621000000000002,SL,-1.0,False
FILUSDT,1777966199999,2026-05-05T07:29:59.999000Z,1777966200000,2026-05-05T07:30:00Z,1778000399999,2026-05-05T16:59:59.999000Z,NORMAL,LONG,0.9560000000000001,0.9470000000000001,0.9767000000000001,0.9470000000000001,SL,-1.0,False
ZENUSDT,1777975199999,2026-05-05T09:59:59.999000Z,1777975200000,2026-05-05T10:00:00Z,1777978799999,2026-05-05T10:59:59.999000Z,NORMAL,SHORT,6.8149999999999995,6.918,6.578099999999998,6.918,SL,-1.0,False
ZECUSDT,1778684399999,2026-05-13T14:59:59.999000Z,1778684400000,2026-05-13T15:00:00Z,1778707799999,2026-05-13T21:29:59.999000Z,T+1,SHORT,535.69,542.88,519.1530000000002,519.1530000000002,TP,2.3,False
COTIUSDT,1779100199999,2026-05-18T10:29:59.999000Z,1779100200000,2026-05-18T10:30:00Z,1779105599999,2026-05-18T11:59:59.999000Z,NORMAL,SHORT,0.012240000000000001,0.012360000000000001,0.011964,0.012360000000000001,SL,-1.0,False
RUNEUSDT,1779375599999,2026-05-21T14:59:59.999000Z,1779375600000,2026-05-21T15:00:00Z,1779380999999,2026-05-21T16:29:59.999000Z,NORMAL,SHORT,0.4163,0.423,0.40089,0.423,SL,-1.0,False
SANDUSDT,1779699599999,2026-05-25T08:59:59.999000Z,1779699600000,2026-05-25T09:00:00Z,1779710399999,2026-05-25T11:59:59.999000Z,NORMAL,LONG,0.0718,0.07148000000000002,0.07253599999999998,0.07148000000000002,SL,-1.0,False
XLMUSDT,1781162999999,2026-06-11T07:29:59.999000Z,1781163000000,2026-06-11T07:30:00Z,1781170199999,2026-06-11T09:29:59.999000Z,T+1,LONG,0.19210000000000002,0.1898,0.19739000000000007,0.1898,SL,-1.0,False
PEOPLEUSDT,1781166599999,2026-06-11T08:29:59.999000Z,1781166600000,2026-06-11T08:30:00Z,1781173799999,2026-06-11T10:29:59.999000Z,T+1,LONG,0.00541,0.005320000000000001,0.005616999999999997,0.005320000000000001,SL,-1.0,False
UNIUSDT,1781166599999,2026-06-11T08:29:59.999000Z,1781166600000,2026-06-11T08:30:00Z,1781180999999,2026-06-11T12:29:59.999000Z,T+1,LONG,2.5321000000000002,2.4999,2.6061600000000014,2.4999,SL,-1.0,False
CRVUSDT,1781859599999,2026-06-19T08:59:59.999000Z,1781859600000,2026-06-19T09:00:00Z,1781877599999,2026-06-19T13:59:59.999000Z,T+1,SHORT,0.213,0.217,0.20379999999999998,0.217,SL,-1.0,False
ETCUSDT,1782232199999,2026-06-23T16:29:59.999000Z,1782232200000,2026-06-23T16:30:00Z,1782242999999,2026-06-23T19:29:59.999000Z,NORMAL,SHORT,6.8759999999999994,6.924,6.765599999999997,6.924,SL,-1.0,False
MASKUSDT,1783069199999,2026-07-03T08:59:59.999000Z,1783069200000,2026-07-03T09:00:00Z,1783072799999,2026-07-03T09:59:59.999000Z,T+1,LONG,0.398,0.39540000000000003,0.40398,0.40398,TP,2.3,False
ETHUSDT,1783070999999,2026-07-03T09:29:59.999000Z,1783071000000,2026-07-03T09:30:00Z,1783112399999,2026-07-03T20:59:59.999000Z,T+1,LONG,1729.26,1716.18,1759.3439999999998,1759.3439999999998,TP,2.3,False
XLMUSDT,1783076399999,2026-07-03T10:59:59.999000Z,1783076400000,2026-07-03T11:00:00Z,1783110599999,2026-07-03T20:29:59.999000Z,T+1,LONG,0.20147000000000004,0.19925,0.2065760000000001,0.2065760000000001,TP,2.3,False
ZECUSDT,1783090799999,2026-07-03T14:59:59.999000Z,1783090800000,2026-07-03T15:00:00Z,1783097999999,2026-07-03T16:59:59.999000Z,T+1,LONG,463.65,456.99,478.9679999999999,456.99,SL,-1.0,False
DUSKUSDT,1783330199999,2026-07-06T09:29:59.999000Z,1783330200000,2026-07-06T09:30:00Z,1783333799999,2026-07-06T10:29:59.999000Z,NORMAL,SHORT,0.07769000000000001,0.07819,0.07654000000000004,0.07819,SL,-1.0,False
XLMUSDT,1783411199999,2026-07-07T07:59:59.999000Z,1783411200000,2026-07-07T08:00:00Z,1783423799999,2026-07-07T11:29:59.999000Z,NORMAL,SHORT,0.195,0.19599000000000003,0.19272299999999998,0.19272299999999998,TP,2.3,False
LPTUSDT,1783421999999,2026-07-07T10:59:59.999000Z,1783422000000,2026-07-07T11:00:00Z,1783425599999,2026-07-07T11:59:59.999000Z,NORMAL,SHORT,1.5750000000000002,1.585,1.5520000000000007,1.585,SL,-1.0,False
TRXUSDT,1783434599999,2026-07-07T14:29:59.999000Z,1783434600000,2026-07-07T14:30:00Z,1783441799999,2026-07-07T16:29:59.999000Z,NORMAL,LONG,0.33107000000000003,0.3306,0.3321510000000001,0.3321510000000001,TP,2.3,False
AAVEUSDT,1783520999999,2026-07-08T14:29:59.999000Z,1783521000000,2026-07-08T14:30:00Z,1783528199999,2026-07-08T16:29:59.999000Z,NORMAL,SHORT,86.919,87.721,85.07439999999998,87.721,SL,-1.0,False
FILUSDT,1784618999999,2026-07-21T07:29:59.999000Z,1784619000000,2026-07-21T07:30:00Z,1784624399999,2026-07-21T08:59:59.999000Z,NORMAL,LONG,0.745,0.74,0.7565,0.7565,TP,2.3,False
NEARUSDT,1784649599999,2026-07-21T15:59:59.999000Z,1784649600000,2026-07-21T16:00:00Z,1784676599999,2026-07-21T23:29:59.999000Z,NORMAL,SHORT,1.9459000000000002,1.9611,1.9109400000000005,1.934,SESSION,0.7828947368421275,False
KNCUSDT,1784739599999,2026-07-22T16:59:59.999000Z,1784739600000,2026-07-22T17:00:00Z,1784746799999,2026-07-22T18:59:59.999000Z,NORMAL,LONG,0.11161,0.11079000000000001,0.11349599999999997,0.11079000000000001,SL,-1.0,False
FILUSDT,1784822399999,2026-07-23T15:59:59.999000Z,1784822400000,2026-07-23T16:00:00Z,1784827799999,2026-07-23T17:29:59.999000Z,NORMAL,SHORT,0.724,0.73,0.7101999999999999,0.73,SL,-1.0,False
SANDUSDT,1784888999999,2026-07-24T10:29:59.999000Z,1784889000000,2026-07-24T10:30:00Z,1784899799999,2026-07-24T13:29:59.999000Z,NORMAL,SHORT,0.04512,0.04535000000000001,0.044590999999999985,0.044590999999999985,TP,2.3,False
AVAXUSDT,1784903399999,2026-07-24T14:29:59.999000Z,1784903400000,2026-07-24T14:30:00Z,1784906999999,2026-07-24T15:29:59.999000Z,NORMAL,SHORT,6.171900000000001,6.2071000000000005,6.090940000000002,6.2071000000000005,SL,-1.0,False
LITUSDT,1784906999999,2026-07-24T15:29:59.999000Z,1784907000000,2026-07-24T15:30:00Z,1784915999999,2026-07-24T17:59:59.999000Z,NORMAL,SHORT,2.069,2.104,1.9884999999999997,2.104,SL,-1.0,False
ZECUSDT,1784910599999,2026-07-24T16:29:59.999000Z,1784910600000,2026-07-24T16:30:00Z,1784917799999,2026-07-24T18:29:59.999000Z,NORMAL,SHORT,490.76,495.48,479.90399999999994,495.48,SL,-1.0,False
MASKUSDT,1785148199999,2026-07-27T10:29:59.999000Z,1785148200000,2026-07-27T10:30:00Z,1785160799999,2026-07-27T13:59:59.999000Z,NORMAL,SHORT,0.3729,0.3743,0.36968,0.3743,SL,-1.0,False
XRPUSDT,1785511799999,2026-07-31T15:29:59.999000Z,1785511800000,2026-07-31T15:30:00Z,1785518999999,2026-07-31T17:29:59.999000Z,T+1,SHORT,1.0597,1.0647,1.0482000000000002,1.0647,SL,-1.0,False
LINKUSDT,1785743999999,2026-08-03T07:59:59.999000Z,1785744000000,2026-08-03T08:00:00Z,1785751199999,2026-08-03T09:59:59.999000Z,NORMAL,SHORT,8.21,8.25,8.118000000000002,8.25,SL,-1.0,False
BNBUSDT,1785770999999,2026-08-03T15:29:59.999000Z,1785771000000,2026-08-03T15:30:00Z,1785794399999,2026-08-03T21:59:59.999000Z,NORMAL,LONG,592.951,589.769,600.2696000000001,590.41,EMA,-0.7985543683218229,False
