symbol,gate,variant,signal_ms,entry_ms,exit_ms,tclass,side,e,s,t,exit_price,reason,R
ETHUSDT,BASE,canonical,1736147099999,1736147100000,1736158199999,NORMAL,S,3657.35,3667.4,3634.2349999999997,3634.2349999999997,TP,2.3
ETHUSDT,BASE,canonical,1736996099999,1736996100000,1736997599999,T+1,S,3382.62,3389.6800000000003,3366.381999999999,3366.381999999999,TP,2.3
ETHUSDT,BASE,canonical,1737355199999,1737355200000,1737355799999,NORMAL,L,3323.3,3302.99,3370.0130000000013,3370.0130000000013,TP,2.3
ETHUSDT,BASE,canonical,1737527099999,1737527100000,1737530699999,NORMAL,S,3310.74,3316.76,3296.893999999999,3296.893999999999,TP,2.3
ETHUSDT,BASE,canonical,1737530999999,1737531000000,1737533099999,NORMAL,S,3296.4199999999996,3302.01,3283.5629999999983,3283.5629999999983,TP,2.3
ETHUSDT,BASE,canonical,1737554399999,1737554400000,1737555299999,NORMAL,S,3279.27,3288.21,3258.7079999999996,3288.21,SL,-1.0
ETHUSDT,BASE,canonical,1737562499999,1737562500000,1737562799999,NORMAL,S,3260.35,3269.5800000000004,3239.1209999999987,3269.5800000000004,SL,-1.0
ETHUSDT,BASE,canonical,1738293599999,1738293600000,1738300499999,T+1,S,3228.41,3238.7900000000004,3204.5359999999987,3233.0,EMA,-0.4421965317918975
ETHUSDT,BASE,canonical,1738568099999,1738568100000,1738569599999,NORMAL,L,2572.57,2554.02,2615.2350000000006,2615.2350000000006,TP,2.3
ETHUSDT,BASE,canonical,1739435999999,1739436000000,1739437799999,T+1,S,2666.49,2674.8100000000004,2647.3539999999985,2674.8100000000004,SL,-1.0
ETHUSDT,BASE,canonical,1739447999999,1739448000000,1739449199999,T+1,S,2650.41,2657.4300000000003,2634.2639999999988,2657.4300000000003,SL,-1.0
ETHUSDT,BASE,canonical,1739959499999,1739959500000,1739961299999,NORMAL,L,2730.01,2722.8199999999997,2746.5470000000014,2722.8199999999997,SL,-1.0
ETHUSDT,BASE,canonical,1740521099999,1740521100000,1740521999999,NORMAL,L,2523.32,2509.1099999999997,2556.0030000000015,2509.1099999999997,SL,-1.0
ETHUSDT,BASE,canonical,1741088099999,1741088100000,1741088699999,NORMAL,L,2111.9100000000003,2104.18,2129.689000000001,2104.18,SL,-1.0
ETHUSDT,BASE,canonical,1741204499999,1741204500000,1741206299999,T-1,L,2220.3100000000004,2212.8599999999997,2237.445000000002,2212.8599999999997,SL,-1.0
ETHUSDT,BASE,canonical,1742172299999,1742172300000,1742173499999,NORMAL,L,1898.86,1894.72,1908.3819999999996,1908.3819999999996,TP,2.3
ETHUSDT,BASE,canonical,1742327099999,1742327100000,1742327699999,T-1,L,1898.34,1894.82,1906.436,1906.436,TP,2.3
ETHUSDT,BASE,canonical,1742856599999,1742856600000,1742858399999,NORMAL,S,2076.6699999999996,2080.0800000000004,2068.826999999998,2068.826999999998,TP,2.3
ETHUSDT,BASE,canonical,1742974799999,1742974800000,1742975399999,NORMAL,L,2069.46,2067.25,2074.543,2067.25,SL,-1.0
ETHUSDT,BASE,canonical,1742986799999,1742986800000,1742987399999,NORMAL,L,2073.01,2071.47,2076.552000000001,2071.47,SL,-1.0
ETHUSDT,BASE,canonical,1743022199999,1743022200000,1743022499999,NORMAL,L,2013.35,2010.65,2019.5599999999995,2010.65,SL,-1.0
ETHUSDT,BASE,canonical,1743121499999,1743121500000,1743122699999,NORMAL,S,1996.99,1999.9,1990.2969999999998,1999.9,SL,-1.0
ETHUSDT,BASE,canonical,1743177599999,1743177600000,1743177899999,NORMAL,S,1870.5,1875.91,1858.0569999999998,1875.91,SL,-1.0
ETHUSDT,BASE,canonical,1744178399999,1744178400000,1744179299999,T-1,L,1458.35,1453.4,1469.7349999999994,1469.7349999999994,TP,2.3
ETHUSDT,BASE,canonical,1744769099999,1744769100000,1744771199999,NORMAL,L,1600.01,1594.78,1612.039,1594.78,SL,-1.0
ETHUSDT,BASE,canonical,1744801799999,1744801800000,1744802699999,NORMAL,L,1583.6,1578.99,1594.2029999999997,1578.99,SL,-1.0
ETHUSDT,BASE,canonical,1745230199999,1745230200000,1745231699999,NORMAL,S,1637.19,1641.07,1628.2660000000003,1628.2660000000003,TP,2.3
ETHUSDT,BASE,canonical,1745822699999,1745822700000,1745823299999,NORMAL,L,1805.01,1801.18,1813.8189999999997,1801.18,SL,-1.0
ETHUSDT,BASE,canonical,1746092999999,1746093000000,1746093599999,T-1,L,1821.0,1819.07,1825.439,1819.07,SL,-1.0
ETHUSDT,BASE,canonical,1746604499999,1746604500000,1746605099999,T-1,L,1835.82,1833.52,1841.11,1841.11,TP,2.3
ETHUSDT,BASE,canonical,1747011899999,1747011900000,1747012799999,T-1,L,2535.7900000000004,2527.2599999999998,2555.409000000002,2527.2599999999998,SL,-1.0
ETHUSDT,BASE,canonical,1747773299999,1747773300000,1747775699999,NORMAL,L,2509.36,2501.4399999999996,2527.5760000000014,2501.4399999999996,SL,-1.0
ETHUSDT,BASE,canonical,1747798499999,1747798500000,1747799699999,NORMAL,L,2549.5,2542.99,2564.4730000000004,2542.99,SL,-1.0
ETHUSDT,BASE,canonical,1748321399999,1748321400000,1748321999999,NORMAL,L,2566.6000000000004,2560.0299999999997,2581.7110000000016,2560.0299999999997,SL,-1.0
ETHUSDT,BASE,canonical,1748432099999,1748432100000,1748435099999,NORMAL,L,2649.61,2642.0499999999997,2666.998000000001,2666.998000000001,TP,2.3
ETHUSDT,BASE,canonical,1748557199999,1748557200000,1748557799999,NORMAL,L,2663.13,2658.99,2672.652000000001,2658.99,SL,-1.0
ETHUSDT,BASE,canonical,1748857499999,1748857500000,1748858699999,NORMAL,S,2478.7099999999996,2482.9900000000002,2468.865999999998,2482.9900000000002,SL,-1.0
ETHUSDT,BASE,canonical,1748934299999,1748934300000,1748934599999,NORMAL,L,2618.9300000000003,2615.41,2627.026000000001,2615.41,SL,-1.0
ETHUSDT,BASE,canonical,1749064199999,1749064200000,1749066299999,T-1,S,2623.22,2630.6600000000003,2606.107999999999,2630.6600000000003,SL,-1.0
ETHUSDT,BASE,canonical,1749134099999,1749134100000,1749134399999,T-1,S,2574.6,2583.48,2554.1759999999995,2583.48,SL,-1.0
ETHUSDT,BASE,canonical,1750826399999,1750826400000,1750827899999,NORMAL,S,2432.1099999999997,2437.48,2419.758999999999,2437.48,SL,-1.0
ETHUSDT,BASE,canonical,1750881599999,1750881600000,1750883099999,NORMAL,L,2431.92,2426.99,2443.259000000001,2426.99,SL,-1.0
ETHUSDT,BASE,canonical,1751885999999,1751886000000,1751886299999,NORMAL,S,2557.1099999999997,2560.6000000000004,2549.0829999999983,2560.6000000000004,SL,-1.0
ETHUSDT,BASE,canonical,1752114299999,1752114300000,1752114899999,NORMAL,L,2788.55,2782.6299999999997,2802.1660000000015,2782.6299999999997,SL,-1.0
ETHUSDT,BASE,canonical,1752140399999,1752140400000,1752142199999,NORMAL,S,2779.99,2783.3,2772.376999999999,2772.376999999999,TP,2.3
ETHUSDT,BASE,canonical,1752150299999,1752150300000,1752150599999,NORMAL,S,2768.58,2771.4300000000003,2762.024999999999,2771.4300000000003,SL,-1.0
ETHUSDT,BASE,canonical,1753116599999,1753116600000,1753117799999,NORMAL,S,3756.5899999999997,3779.82,3703.1609999999987,3779.82,SL,-1.0
ETHUSDT,BASE,canonical,1753127099999,1753127100000,1753128599999,NORMAL,S,3730.43,3741.11,3705.865999999999,3741.11,SL,-1.0
ETHUSDT,BASE,canonical,1753159799999,1753159800000,1753161899999,NORMAL,S,3678.9599999999996,3693.63,3645.2189999999982,3693.63,SL,-1.0
ETHUSDT,BASE,canonical,1753310699999,1753310700000,1753311599999,NORMAL,L,3613.9500000000003,3606.4599999999996,3631.177000000002,3606.4599999999996,SL,-1.0
ETHUSDT,BASE,canonical,1754494499999,1754494500000,1754502599999,NORMAL,L,3641.78,3626.2,3677.614000000001,3677.614000000001,TP,2.3
ETHUSDT,BASE,canonical,1754855399999,1754855400000,1754856299999,T-1,L,4256.610000000001,4246.34,4280.231000000002,4246.34,SL,-1.0
ETHUSDT,BASE,canonical,1754922599999,1754922600000,1754923799999,T-1,L,4290.820000000001,4269.32,4340.270000000002,4269.32,SL,-1.0
ETHUSDT,BASE,canonical,1754927999999,1754928000000,1754930699999,T-1,L,4331.51,4313.51,4372.91,4313.51,SL,-1.0
ETHUSDT,BASE,canonical,1755450599999,1755450600000,1755452099999,NORMAL,S,4513.469999999999,4524.25,4488.675999999998,4524.25,SL,-1.0
ETHUSDT,BASE,canonical,1755497999999,1755498000000,1755504599999,NORMAL,S,4263.98,4284.8,4216.093999999998,4270.08,EMA,-0.2929875120076937
ETHUSDT,BASE,canonical,1755621599999,1755621600000,1755624899999,NORMAL,S,4157.99,4184.51,4096.993999999999,4179.24,EMA,-0.8012820512820381
ETHUSDT,BASE,canonical,1755735599999,1755735600000,1755736499999,NORMAL,S,4306.0,4321.96,4269.2919999999995,4321.96,SL,-1.0
ETHUSDT,BASE,canonical,1756143899999,1756143900000,1756144499999,NORMAL,S,4572.59,4591.030000000001,4530.177999999999,4591.030000000001,SL,-1.0
ETHUSDT,BASE,canonical,1756979999999,1756980000000,1756980899999,T-1,L,4393.45,4385.98,4410.631,4410.631,TP,2.3
ETHUSDT,BASE,canonical,1757471099999,1757471100000,1757473499999,T-1,L,4318.89,4311.71,4335.404000000001,4311.71,SL,-1.0
ETHUSDT,BASE,canonical,1757489099999,1757489100000,1757495399999,T-1,L,4321.71,4315.79,4335.326,4315.79,SL,-1.0
ETHUSDT,BASE,canonical,1757654399999,1757654400000,1757656199999,T+1,L,4523.650000000001,4514.4,4544.925000000003,4544.925000000003,TP,2.3
ETHUSDT,BASE,canonical,1757696399999,1757696400000,1757696699999,T+1,L,4574.77,4566.28,4594.297000000002,4566.28,SL,-1.0
ETHUSDT,BASE,canonical,1758061499999,1758061500000,1758061799999,T-1,L,4511.96,4505.87,4525.967000000001,4505.87,SL,-1.0
ETHUSDT,BASE,canonical,1758570299999,1758570300000,1758572099999,NORMAL,S,4137.96,4147.45,4116.133000000001,4147.45,SL,-1.0
ETHUSDT,BASE,canonical,1758905999999,1758906000000,1758906599999,NORMAL,L,3990.9900000000002,3980.99,4013.990000000001,3980.99,SL,-1.0
ETHUSDT,BASE,canonical,1759261499999,1759261500000,1759262099999,NORMAL,L,4136.67,4123.66,4166.593000000001,4166.593000000001,TP,2.3
ETHUSDT,BASE,canonical,1759427399999,1759427400000,1759427699999,NORMAL,L,4474.360000000001,4464.99,4495.911000000003,4464.99,SL,-1.0
ETHUSDT,BASE,canonical,1759470299999,1759470300000,1759470899999,NORMAL,S,4470.33,4475.610000000001,4458.185999999999,4475.610000000001,SL,-1.0
ETHUSDT,BASE,canonical,1759475999999,1759476000000,1759479599999,NORMAL,S,4456.55,4466.21,4434.332,4434.332,TP,2.3
ETHUSDT,BASE,canonical,1759758599999,1759758600000,1759759799999,NORMAL,L,4612.66,4594.46,4654.5199999999995,4654.5199999999995,TP,2.3
ETHUSDT,BASE,canonical,1759786499999,1759786500000,1759787099999,NORMAL,S,4673.67,4687.33,4642.252,4687.33,SL,-1.0
ETHUSDT,BASE,canonical,1760382899999,1760382900000,1760389199999,NORMAL,L,4251.280000000001,4236.76,4284.676000000001,4284.676000000001,TP,2.3
ETHUSDT,BASE,canonical,1760408999999,1760409000000,1760411099999,NORMAL,S,4188.929999999999,4203.16,4156.200999999998,4156.200999999998,TP,2.3
ETHUSDT,BASE,canonical,1760500799999,1760500800000,1760501699999,NORMAL,S,4078.49,4083.86,4066.138999999999,4083.86,SL,-1.0
ETHUSDT,BASE,canonical,1760659499999,1760659500000,1760661599999,NORMAL,L,3896.01,3886.14,3918.711000000001,3918.711000000001,TP,2.3
ETHUSDT,BASE,canonical,1760918999999,1760919000000,1760919899999,NORMAL,S,3962.39,3971.82,3940.700999999999,3940.700999999999,TP,2.3
ETHUSDT,BASE,canonical,1761200099999,1761200100000,1761200399999,T-1,L,3853.01,3845.81,3869.5700000000006,3869.5700000000006,TP,2.3
ETHUSDT,BASE,canonical,1761712199999,1761712200000,1761715199999,T-1,L,4009.32,4005.0899999999997,4019.0490000000013,4019.0490000000013,TP,2.3
ETHUSDT,BASE,canonical,1762286399999,1762286400000,1762287599999,NORMAL,S,3224.99,3255.69,3154.379999999999,3154.379999999999,TP,2.3
ETHUSDT,BASE,canonical,1762311299999,1762311300000,1762321799999,NORMAL,L,3313.4500000000003,3292.58,3361.451000000001,3326.83,EMA,0.6411116435073998
ETHUSDT,BASE,canonical,1762838099999,1762838100000,1762838699999,NORMAL,S,3555.99,3567.59,3529.309999999999,3567.59,SL,-1.0
ETHUSDT,BASE,canonical,1763050799999,1763050800000,1763053499999,NORMAL,S,3366.99,3392.4300000000003,3308.4779999999987,3308.4779999999987,TP,2.3
ETHUSDT,BASE,canonical,1763064899999,1763064900000,1763066099999,NORMAL,S,3169.3199999999997,3186.75,3129.230999999999,3186.75,SL,-1.0
ETHUSDT,BASE,canonical,1763363999999,1763364000000,1763364599999,NORMAL,L,3203.4100000000003,3192.31,3228.940000000001,3192.31,SL,-1.0
ETHUSDT,BASE,canonical,1764696899999,1764696900000,1764697199999,NORMAL,L,3029.7000000000003,3022.0,3047.4100000000008,3022.0,SL,-1.0
ETHUSDT,BASE,canonical,1764736499999,1764736500000,1764741899999,NORMAL,L,3049.9100000000003,3041.2999999999997,3069.7130000000016,3069.7130000000016,TP,2.3
ETHUSDT,BASE,canonical,1764925799999,1764925800000,1764926399999,NORMAL,S,3144.02,3151.6000000000004,3126.5859999999993,3126.5859999999993,TP,2.3
ETHUSDT,BASE,canonical,1765790099999,1765790100000,1765792499999,T-1,L,3144.6000000000004,3138.7099999999996,3158.147000000002,3158.147000000002,TP,2.3
ETHUSDT,BASE,canonical,1766961599999,1766961600000,1766962199999,NORMAL,L,2941.57,2937.9799999999996,2949.8270000000016,2949.8270000000016,TP,2.3
ETHUSDT,BASE,canonical,1766968199999,1766968200000,1766968499999,NORMAL,L,2957.4500000000003,2952.74,2968.2830000000013,2968.2830000000013,TP,2.3
ETHUSDT,BASE,canonical,1767230099999,1767230100000,1767230699999,NORMAL,L,2985.78,2982.1899999999996,2994.0370000000016,2982.1899999999996,SL,-1.0
ETHUSDT,BASE,canonical,1767347099999,1767347100000,1767348599999,NORMAL,L,3043.71,3037.04,3059.0510000000004,3059.0510000000004,TP,2.3
ETHUSDT,BASE,canonical,1767592199999,1767592200000,1767594899999,NORMAL,S,3151.99,3157.0600000000004,3140.3289999999984,3140.3289999999984,TP,2.3
ETHUSDT,BASE,canonical,1767608699999,1767608700000,1767609599999,NORMAL,L,3175.01,3169.99,3186.5560000000014,3169.99,SL,-1.0
ETHUSDT,BASE,canonical,1767619799999,1767619800000,1767620699999,NORMAL,S,3157.85,3161.01,3150.5819999999994,3150.5819999999994,TP,2.3
ETHUSDT,BASE,canonical,1768861799999,1768861800000,1768862999999,NORMAL,S,3204.95,3210.4700000000003,3192.253999999999,3192.253999999999,TP,2.3
ETHUSDT,BASE,canonical,1769024699999,1769024700000,1769026499999,NORMAL,L,3037.0200000000004,3020.0099999999998,3076.143000000002,3020.0099999999998,SL,-1.0
ETHUSDT,BASE,canonical,1769142599999,1769142600000,1769142899999,NORMAL,L,2973.0,2970.9799999999996,2977.646000000001,2977.646000000001,TP,2.3
ETHUSDT,BASE,canonical,1769365499999,1769365500000,1769366099999,NORMAL,S,2864.99,2874.67,2842.725999999999,2842.725999999999,TP,2.3
ETHUSDT,BASE,canonical,1769591699999,1769591700000,1769592299999,T-1,S,2988.77,2992.2700000000004,2980.719999999999,2992.2700000000004,SL,-1.0
ETHUSDT,BASE,canonical,1769712599999,1769712600000,1769715299999,T+1,S,2787.1899999999996,2802.8700000000003,2751.125999999998,2802.8700000000003,SL,-1.0
ETHUSDT,BASE,canonical,1770212399999,1770212400000,1770215699999,NORMAL,S,2214.2099999999996,2226.17,2186.7019999999984,2186.7019999999984,TP,2.3
ETHUSDT,BASE,canonical,1770263699999,1770263700000,1770265199999,NORMAL,S,2106.6299999999997,2117.5600000000004,2081.490999999998,2081.490999999998,TP,2.3
ETHUSDT,BASE,canonical,1770341699999,1770341700000,1770344699999,NORMAL,L,1909.36,1889.99,1953.9109999999996,1889.99,SL,-1.0
ETHUSDT,BASE,canonical,1771337099999,1771337100000,1771338299999,NORMAL,L,1993.91,1987.26,2009.2050000000004,1987.26,SL,-1.0
ETHUSDT,BASE,canonical,1771386599999,1771386600000,1771387499999,NORMAL,L,1997.93,1994.98,2004.7150000000001,1994.98,SL,-1.0
ETHUSDT,BASE,canonical,1771388399999,1771388400000,1771388699999,NORMAL,L,1998.73,1995.99,2005.032,1995.99,SL,-1.0
ETHUSDT,BASE,canonical,1771501499999,1771501500000,1771502099999,NORMAL,S,1955.99,1957.72,1952.011,1952.011,TP,2.3
ETHUSDT,BASE,canonical,1771534499999,1771534500000,1771534799999,NORMAL,L,1949.35,1946.58,1955.7209999999998,1946.58,SL,-1.0
ETHUSDT,BASE,canonical,1771547099999,1771547100000,1771547399999,NORMAL,L,1954.19,1950.99,1961.5500000000002,1961.5500000000002,TP,2.3
ETHUSDT,BASE,canonical,1772021399999,1772021400000,1772023199999,NORMAL,L,1927.53,1921.22,1942.043,1942.043,TP,2.3
ETHUSDT,BASE,canonical,1772081699999,1772081700000,1772081999999,NORMAL,L,2077.23,2073.74,2085.2570000000005,2073.74,SL,-1.0
ETHUSDT,BASE,canonical,1772100299999,1772100300000,1772100899999,NORMAL,L,2076.82,2073.0499999999997,2085.4910000000013,2073.0499999999997,SL,-1.0
ETHUSDT,BASE,canonical,1773844799999,1773844800000,1773845099999,T-1,S,2217.99,2223.6800000000003,2204.9029999999984,2204.9029999999984,TP,2.3
ETHUSDT,BASE,canonical,1774524299999,1774524300000,1774525499999,NORMAL,S,2066.1299999999997,2072.2400000000002,2052.0769999999984,2072.2400000000002,SL,-1.0
ETHUSDT,BASE,canonical,1774962899999,1774962900000,1774963499999,NORMAL,L,2059.76,2055.7599999999998,2068.9600000000014,2055.7599999999998,SL,-1.0
ETHUSDT,BASE,canonical,1774964399999,1774964400000,1774965899999,NORMAL,L,2066.51,2058.1,2085.853000000001,2085.853000000001,TP,2.3
ETHUSDT,BASE,canonical,1775131499999,1775131500000,1775136599999,T-1,S,2026.8,2032.4,2013.9199999999996,2032.4,SL,-1.0
ETHUSDT,BASE,canonical,1775141699999,1775141700000,1775143499999,T-1,L,2063.51,2055.18,2082.6690000000012,2055.18,SL,-1.0
ETHUSDT,BASE,canonical,1775731199999,1775731200000,1775732099999,T-1,L,2192.1200000000003,2189.6299999999997,2197.847000000002,2189.6299999999997,SL,-1.0
ETHUSDT,BASE,canonical,1776166199999,1776166200000,1776166799999,NORMAL,S,2367.3199999999997,2371.98,2356.601999999999,2371.98,SL,-1.0
ETHUSDT,BASE,canonical,1776188099999,1776188100000,1776189599999,NORMAL,S,2325.2599999999998,2336.2000000000003,2300.0979999999986,2336.2000000000003,SL,-1.0
ETHUSDT,BASE,canonical,1777233299999,1777233300000,1777233899999,NORMAL,L,2368.8300000000004,2364.9799999999996,2377.685000000002,2364.9799999999996,SL,-1.0
ETHUSDT,BASE,canonical,1777869299999,1777869300000,1777869599999,NORMAL,L,2392.63,2389.27,2400.358,2389.27,SL,-1.0
ETHUSDT,BASE,canonical,1778000099999,1778000100000,1778000699999,NORMAL,S,2363.56,2368.48,2352.2439999999997,2368.48,SL,-1.0
ETHUSDT,BASE,canonical,1778090399999,1778090400000,1778091299999,T-1,S,2348.08,2351.86,2339.3859999999995,2339.3859999999995,TP,2.3
ETHUSDT,BASE,canonical,1778643899999,1778643900000,1778645999999,T+1,L,2302.3,2298.4399999999996,2311.1780000000017,2298.4399999999996,SL,-1.0
ETHUSDT,BASE,canonical,1778646599999,1778646600000,1778646899999,T+1,L,2300.46,2299.35,2303.0130000000004,2303.0130000000004,TP,2.3
ETHUSDT,BASE,canonical,1778687699999,1778687700000,1778689499999,T+1,S,2242.66,2249.1400000000003,2227.755999999999,2249.1400000000003,SL,-1.0
ETHUSDT,BASE,canonical,1779277799999,1779277800000,1779278399999,NORMAL,S,2124.9399999999996,2127.15,2119.8569999999986,2127.15,SL,-1.0
ETHUSDT,BASE,canonical,1779454199999,1779454200000,1779455399999,NORMAL,L,2133.4300000000003,2131.45,2137.9840000000013,2131.45,SL,-1.0
ETHUSDT,BASE,canonical,1779701099999,1779701100000,1779701699999,NORMAL,L,2118.3500000000004,2116.3399999999997,2122.973000000002,2122.973000000002,TP,2.3
ETHUSDT,BASE,canonical,1779741599999,1779741600000,1779742799999,NORMAL,S,2113.27,2116.3300000000004,2106.231999999999,2106.231999999999,TP,2.3
ETHUSDT,BASE,canonical,1779840599999,1779840600000,1779841199999,NORMAL,L,2078.76,2075.8599999999997,2085.4300000000017,2075.8599999999997,SL,-1.0
ETHUSDT,BASE,canonical,1779905099999,1779905100000,1779907499999,NORMAL,S,2047.77,2053.71,2034.108,2053.71,SL,-1.0
ETHUSDT,BASE,canonical,1780035599999,1780035600000,1780036499999,NORMAL,L,2016.3799999999999,2014.32,2021.1179999999997,2014.32,SL,-1.0
ETHUSDT,BASE,canonical,1780037399999,1780037400000,1780040099999,NORMAL,L,2015.34,2013.65,2019.2269999999994,2013.65,SL,-1.0
ETHUSDT,BASE,canonical,1780295099999,1780295100000,1780300199999,NORMAL,S,1985.76,1990.83,1974.0990000000002,1974.0990000000002,TP,2.3
ETHUSDT,BASE,canonical,1780365299999,1780365300000,1780365899999,NORMAL,S,1982.29,1985.9,1973.9869999999996,1973.9869999999996,TP,2.3
ETHUSDT,BASE,canonical,1780538099999,1780538100000,1780538699999,T-1,S,1755.86,1772.42,1717.7719999999995,1717.7719999999995,TP,2.3
ETHUSDT,BASE,canonical,1781712899999,1781712900000,1781713799999,T-1,L,1775.36,1770.04,1787.5959999999998,1787.5959999999998,TP,2.3
ETHUSDT,BASE,canonical,1781863199999,1781863200000,1781863799999,T+1,S,1688.1,1690.04,1683.6379999999997,1690.04,SL,-1.0
ETHUSDT,BASE,canonical,1782201899999,1782201900000,1782202799999,NORMAL,S,1678.21,1683.89,1665.146,1665.146,TP,2.3
ETHUSDT,BASE,canonical,1782269999999,1782270000000,1782272099999,NORMAL,S,1662.67,1665.49,1656.1840000000002,1665.49,SL,-1.0
ETHUSDT,BASE,canonical,1782873599999,1782873600000,1782875999999,T-1,L,1587.87,1583.27,1598.4499999999996,1583.27,SL,-1.0
ETHUSDT,BASE,canonical,1783075199999,1783075200000,1783081199999,T+1,L,1741.59,1734.86,1757.069,1734.86,SL,-1.0
ETHUSDT,BASE,canonical,1784821499999,1784821500000,1784821799999,NORMAL,S,1889.85,1893.42,1881.6389999999994,1893.42,SL,-1.0
ETHUSDT,BASE,canonical,1785148799999,1785148800000,1785149999999,NORMAL,L,1968.97,1966.24,1975.249,1966.24,SL,-1.0
ETHUSDT,BASE,canonical,1785276299999,1785276300000,1785276899999,T-1,L,1925.99,1921.61,1936.0640000000003,1921.61,SL,-1.0
ETHUSDT,BASE,canonical,1785325499999,1785325500000,1785325799999,T-1,S,1910.82,1912.49,1906.9789999999998,1912.49,SL,-1.0
ETHUSDT,BASE,canonical,1785491099999,1785491100000,1785491699999,T+1,S,1882.09,1883.77,1878.2259999999999,1883.77,SL,-1.0
ETHUSDT,BASE,canonical,1785844199999,1785844200000,1785845099999,NORMAL,L,1873.53,1869.51,1882.7759999999998,1869.51,SL,-1.0
ETHUSDT,BASE,canonical,1786563599999,1786563600000,1786566599999,T+1,S,1881.53,1884.26,1875.251,1883.44,EMA,-0.6996336996337249
ETHUSDT,BASE,canonical,1786619999999,1786620000000,1786620899999,T+1,S,1879.02,1880.6,1875.3860000000002,1875.3860000000002,TP,2.3
ETHUSDT,BASE,fixed,1736147099999,1736147100000,1736158199999,NORMAL,S,3657.35,3667.4,3634.2349999999997,3634.2349999999997,TP,2.3
ETHUSDT,BASE,fixed,1736996099999,1736996100000,1736997599999,T+1,S,3382.62,3389.6800000000003,3366.381999999999,3366.381999999999,TP,2.3
ETHUSDT,BASE,fixed,1737355199999,1737355200000,1737355799999,NORMAL,L,3323.3,3302.99,3370.0130000000013,3370.0130000000013,TP,2.3
ETHUSDT,BASE,fixed,1737527099999,1737527100000,1737530699999,NORMAL,S,3310.74,3316.76,3296.893999999999,3296.893999999999,TP,2.3
ETHUSDT,BASE,fixed,1737530999999,1737531000000,1737533099999,NORMAL,S,3296.4199999999996,3302.01,3283.5629999999983,3283.5629999999983,TP,2.3
ETHUSDT,BASE,fixed,1737554399999,1737554400000,1737555299999,NORMAL,S,3279.27,3288.21,3258.7079999999996,3288.21,SL,-1.0
ETHUSDT,BASE,fixed,1737562499999,1737562500000,1737562799999,NORMAL,S,3260.35,3269.5800000000004,3239.1209999999987,3269.5800000000004,SL,-1.0
ETHUSDT,BASE,fixed,1738293599999,1738293600000,1738300799999,T+1,S,3228.41,3238.7900000000004,3204.5359999999987,3238.7900000000004,SL,-1.0
ETHUSDT,BASE,fixed,1738568099999,1738568100000,1738569599999,NORMAL,L,2572.57,2554.02,2615.2350000000006,2615.2350000000006,TP,2.3
ETHUSDT,BASE,fixed,1739435999999,1739436000000,1739437799999,T+1,S,2666.49,2674.8100000000004,2647.3539999999985,2674.8100000000004,SL,-1.0
ETHUSDT,BASE,fixed,1739447999999,1739448000000,1739449199999,T+1,S,2650.41,2657.4300000000003,2634.2639999999988,2657.4300000000003,SL,-1.0
ETHUSDT,BASE,fixed,1739959499999,1739959500000,1739961299999,NORMAL,L,2730.01,2722.8199999999997,2746.5470000000014,2722.8199999999997,SL,-1.0
ETHUSDT,BASE,fixed,1740521099999,1740521100000,1740521999999,NORMAL,L,2523.32,2509.1099999999997,2556.0030000000015,2509.1099999999997,SL,-1.0
ETHUSDT,BASE,fixed,1741088099999,1741088100000,1741088699999,NORMAL,L,2111.9100000000003,2104.18,2129.689000000001,2104.18,SL,-1.0
ETHUSDT,BASE,fixed,1741204499999,1741204500000,1741206299999,T-1,L,2220.3100000000004,2212.8599999999997,2237.445000000002,2212.8599999999997,SL,-1.0
ETHUSDT,BASE,fixed,1742172299999,1742172300000,1742173499999,NORMAL,L,1898.86,1894.72,1908.3819999999996,1908.3819999999996,TP,2.3
ETHUSDT,BASE,fixed,1742327099999,1742327100000,1742327699999,T-1,L,1898.34,1894.82,1906.436,1906.436,TP,2.3
ETHUSDT,BASE,fixed,1742856599999,1742856600000,1742858399999,NORMAL,S,2076.6699999999996,2080.0800000000004,2068.826999999998,2068.826999999998,TP,2.3
ETHUSDT,BASE,fixed,1742974799999,1742974800000,1742975399999,NORMAL,L,2069.46,2067.25,2074.543,2067.25,SL,-1.0
ETHUSDT,BASE,fixed,1742986799999,1742986800000,1742987399999,NORMAL,L,2073.01,2071.47,2076.552000000001,2071.47,SL,-1.0
ETHUSDT,BASE,fixed,1743022199999,1743022200000,1743022499999,NORMAL,L,2013.35,2010.65,2019.5599999999995,2010.65,SL,-1.0
ETHUSDT,BASE,fixed,1743121499999,1743121500000,1743122699999,NORMAL,S,1996.99,1999.9,1990.2969999999998,1999.9,SL,-1.0
ETHUSDT,BASE,fixed,1743177599999,1743177600000,1743177899999,NORMAL,S,1870.5,1875.91,1858.0569999999998,1875.91,SL,-1.0
ETHUSDT,BASE,fixed,1744178399999,1744178400000,1744179299999,T-1,L,1458.35,1453.4,1469.7349999999994,1469.7349999999994,TP,2.3
ETHUSDT,BASE,fixed,1744769099999,1744769100000,1744771199999,NORMAL,L,1600.01,1594.78,1612.039,1594.78,SL,-1.0
ETHUSDT,BASE,fixed,1744801799999,1744801800000,1744802699999,NORMAL,L,1583.6,1578.99,1594.2029999999997,1578.99,SL,-1.0
ETHUSDT,BASE,fixed,1745230199999,1745230200000,1745231699999,NORMAL,S,1637.19,1641.07,1628.2660000000003,1628.2660000000003,TP,2.3
ETHUSDT,BASE,fixed,1745822699999,1745822700000,1745823299999,NORMAL,L,1805.01,1801.18,1813.8189999999997,1801.18,SL,-1.0
ETHUSDT,BASE,fixed,1746092999999,1746093000000,1746093599999,T-1,L,1821.0,1819.07,1825.439,1819.07,SL,-1.0
ETHUSDT,BASE,fixed,1746604499999,1746604500000,1746605099999,T-1,L,1835.82,1833.52,1841.11,1841.11,TP,2.3
ETHUSDT,BASE,fixed,1747011899999,1747011900000,1747012799999,T-1,L,2535.7900000000004,2527.2599999999998,2555.409000000002,2527.2599999999998,SL,-1.0
ETHUSDT,BASE,fixed,1747773299999,1747773300000,1747775699999,NORMAL,L,2509.36,2501.4399999999996,2527.5760000000014,2501.4399999999996,SL,-1.0
ETHUSDT,BASE,fixed,1747798499999,1747798500000,1747799699999,NORMAL,L,2549.5,2542.99,2564.4730000000004,2542.99,SL,-1.0
ETHUSDT,BASE,fixed,1748321399999,1748321400000,1748321999999,NORMAL,L,2566.6000000000004,2560.0299999999997,2581.7110000000016,2560.0299999999997,SL,-1.0
ETHUSDT,BASE,fixed,1748432099999,1748432100000,1748435099999,NORMAL,L,2649.61,2642.0499999999997,2666.998000000001,2666.998000000001,TP,2.3
ETHUSDT,BASE,fixed,1748557199999,1748557200000,1748557799999,NORMAL,L,2663.13,2658.99,2672.652000000001,2658.99,SL,-1.0
ETHUSDT,BASE,fixed,1748857499999,1748857500000,1748858699999,NORMAL,S,2478.7099999999996,2482.9900000000002,2468.865999999998,2482.9900000000002,SL,-1.0
ETHUSDT,BASE,fixed,1748934299999,1748934300000,1748934599999,NORMAL,L,2618.9300000000003,2615.41,2627.026000000001,2615.41,SL,-1.0
ETHUSDT,BASE,fixed,1749064199999,1749064200000,1749066299999,T-1,S,2623.22,2630.6600000000003,2606.107999999999,2630.6600000000003,SL,-1.0
ETHUSDT,BASE,fixed,1749134099999,1749134100000,1749134399999,T-1,S,2574.6,2583.48,2554.1759999999995,2583.48,SL,-1.0
ETHUSDT,BASE,fixed,1750826399999,1750826400000,1750827899999,NORMAL,S,2432.1099999999997,2437.48,2419.758999999999,2437.48,SL,-1.0
ETHUSDT,BASE,fixed,1750881599999,1750881600000,1750883099999,NORMAL,L,2431.92,2426.99,2443.259000000001,2426.99,SL,-1.0
ETHUSDT,BASE,fixed,1751885999999,1751886000000,1751886299999,NORMAL,S,2557.1099999999997,2560.6000000000004,2549.0829999999983,2560.6000000000004,SL,-1.0
ETHUSDT,BASE,fixed,1752114299999,1752114300000,1752114899999,NORMAL,L,2788.55,2782.6299999999997,2802.1660000000015,2782.6299999999997,SL,-1.0
ETHUSDT,BASE,fixed,1752140399999,1752140400000,1752142199999,NORMAL,S,2779.99,2783.3,2772.376999999999,2772.376999999999,TP,2.3
ETHUSDT,BASE,fixed,1752150299999,1752150300000,1752150599999,NORMAL,S,2768.58,2771.4300000000003,2762.024999999999,2771.4300000000003,SL,-1.0
ETHUSDT,BASE,fixed,1753116599999,1753116600000,1753117799999,NORMAL,S,3756.5899999999997,3779.82,3703.1609999999987,3779.82,SL,-1.0
ETHUSDT,BASE,fixed,1753127099999,1753127100000,1753128599999,NORMAL,S,3730.43,3741.11,3705.865999999999,3741.11,SL,-1.0
ETHUSDT,BASE,fixed,1753159799999,1753159800000,1753161899999,NORMAL,S,3678.9599999999996,3693.63,3645.2189999999982,3693.63,SL,-1.0
ETHUSDT,BASE,fixed,1753310699999,1753310700000,1753311599999,NORMAL,L,3613.9500000000003,3606.4599999999996,3631.177000000002,3606.4599999999996,SL,-1.0
ETHUSDT,BASE,fixed,1754494499999,1754494500000,1754502599999,NORMAL,L,3641.78,3626.2,3677.614000000001,3677.614000000001,TP,2.3
ETHUSDT,BASE,fixed,1754855399999,1754855400000,1754856299999,T-1,L,4256.610000000001,4246.34,4280.231000000002,4246.34,SL,-1.0
ETHUSDT,BASE,fixed,1754922599999,1754922600000,1754923799999,T-1,L,4290.820000000001,4269.32,4340.270000000002,4269.32,SL,-1.0
ETHUSDT,BASE,fixed,1754927999999,1754928000000,1754930699999,T-1,L,4331.51,4313.51,4372.91,4313.51,SL,-1.0
ETHUSDT,BASE,fixed,1755450599999,1755450600000,1755452099999,NORMAL,S,4513.469999999999,4524.25,4488.675999999998,4524.25,SL,-1.0
ETHUSDT,BASE,fixed,1755497999999,1755498000000,1755506099999,NORMAL,S,4263.98,4284.8,4216.093999999998,4284.8,SL,-1.0
ETHUSDT,BASE,fixed,1755621599999,1755621600000,1755626399999,NORMAL,S,4157.99,4184.51,4096.993999999999,4184.51,SL,-1.0
ETHUSDT,BASE,fixed,1755735599999,1755735600000,1755736499999,NORMAL,S,4306.0,4321.96,4269.2919999999995,4321.96,SL,-1.0
ETHUSDT,BASE,fixed,1756143899999,1756143900000,1756144499999,NORMAL,S,4572.59,4591.030000000001,4530.177999999999,4591.030000000001,SL,-1.0
ETHUSDT,BASE,fixed,1756979999999,1756980000000,1756980899999,T-1,L,4393.45,4385.98,4410.631,4410.631,TP,2.3
ETHUSDT,BASE,fixed,1757471099999,1757471100000,1757473499999,T-1,L,4318.89,4311.71,4335.404000000001,4311.71,SL,-1.0
ETHUSDT,BASE,fixed,1757489099999,1757489100000,1757495399999,T-1,L,4321.71,4315.79,4335.326,4315.79,SL,-1.0
ETHUSDT,BASE,fixed,1757654399999,1757654400000,1757656199999,T+1,L,4523.650000000001,4514.4,4544.925000000003,4544.925000000003,TP,2.3
ETHUSDT,BASE,fixed,1757696399999,1757696400000,1757696699999,T+1,L,4574.77,4566.28,4594.297000000002,4566.28,SL,-1.0
ETHUSDT,BASE,fixed,1758061499999,1758061500000,1758061799999,T-1,L,4511.96,4505.87,4525.967000000001,4505.87,SL,-1.0
ETHUSDT,BASE,fixed,1758570299999,1758570300000,1758572099999,NORMAL,S,4137.96,4147.45,4116.133000000001,4147.45,SL,-1.0
ETHUSDT,BASE,fixed,1758905999999,1758906000000,1758906599999,NORMAL,L,3990.9900000000002,3980.99,4013.990000000001,3980.99,SL,-1.0
ETHUSDT,BASE,fixed,1759261499999,1759261500000,1759262099999,NORMAL,L,4136.67,4123.66,4166.593000000001,4166.593000000001,TP,2.3
ETHUSDT,BASE,fixed,1759427399999,1759427400000,1759427699999,NORMAL,L,4474.360000000001,4464.99,4495.911000000003,4464.99,SL,-1.0
ETHUSDT,BASE,fixed,1759470299999,1759470300000,1759470899999,NORMAL,S,4470.33,4475.610000000001,4458.185999999999,4475.610000000001,SL,-1.0
ETHUSDT,BASE,fixed,1759475999999,1759476000000,1759479599999,NORMAL,S,4456.55,4466.21,4434.332,4434.332,TP,2.3
ETHUSDT,BASE,fixed,1759758599999,1759758600000,1759759799999,NORMAL,L,4612.66,4594.46,4654.5199999999995,4654.5199999999995,TP,2.3
ETHUSDT,BASE,fixed,1759786499999,1759786500000,1759787099999,NORMAL,S,4673.67,4687.33,4642.252,4687.33,SL,-1.0
ETHUSDT,BASE,fixed,1760382899999,1760382900000,1760389199999,NORMAL,L,4251.280000000001,4236.76,4284.676000000001,4284.676000000001,TP,2.3
ETHUSDT,BASE,fixed,1760408999999,1760409000000,1760411099999,NORMAL,S,4188.929999999999,4203.16,4156.200999999998,4156.200999999998,TP,2.3
ETHUSDT,BASE,fixed,1760500799999,1760500800000,1760501699999,NORMAL,S,4078.49,4083.86,4066.138999999999,4083.86,SL,-1.0
ETHUSDT,BASE,fixed,1760659499999,1760659500000,1760661599999,NORMAL,L,3896.01,3886.14,3918.711000000001,3918.711000000001,TP,2.3
ETHUSDT,BASE,fixed,1760918999999,1760919000000,1760919899999,NORMAL,S,3962.39,3971.82,3940.700999999999,3940.700999999999,TP,2.3
ETHUSDT,BASE,fixed,1761200099999,1761200100000,1761200399999,T-1,L,3853.01,3845.81,3869.5700000000006,3869.5700000000006,TP,2.3
ETHUSDT,BASE,fixed,1761712199999,1761712200000,1761715199999,T-1,L,4009.32,4005.0899999999997,4019.0490000000013,4019.0490000000013,TP,2.3
ETHUSDT,BASE,fixed,1762286399999,1762286400000,1762287599999,NORMAL,S,3224.99,3255.69,3154.379999999999,3154.379999999999,TP,2.3
ETHUSDT,BASE,fixed,1762311299999,1762311300000,1762331099999,NORMAL,L,3313.4500000000003,3292.58,3361.451000000001,3292.58,SL,-1.0
ETHUSDT,BASE,fixed,1762838099999,1762838100000,1762838699999,NORMAL,S,3555.99,3567.59,3529.309999999999,3567.59,SL,-1.0
ETHUSDT,BASE,fixed,1763050799999,1763050800000,1763053499999,NORMAL,S,3366.99,3392.4300000000003,3308.4779999999987,3308.4779999999987,TP,2.3
ETHUSDT,BASE,fixed,1763064899999,1763064900000,1763066099999,NORMAL,S,3169.3199999999997,3186.75,3129.230999999999,3186.75,SL,-1.0
ETHUSDT,BASE,fixed,1763363999999,1763364000000,1763364599999,NORMAL,L,3203.4100000000003,3192.31,3228.940000000001,3192.31,SL,-1.0
ETHUSDT,BASE,fixed,1764696899999,1764696900000,1764697199999,NORMAL,L,3029.7000000000003,3022.0,3047.4100000000008,3022.0,SL,-1.0
ETHUSDT,BASE,fixed,1764736499999,1764736500000,1764741899999,NORMAL,L,3049.9100000000003,3041.2999999999997,3069.7130000000016,3069.7130000000016,TP,2.3
ETHUSDT,BASE,fixed,1764925799999,1764925800000,1764926399999,NORMAL,S,3144.02,3151.6000000000004,3126.5859999999993,3126.5859999999993,TP,2.3
ETHUSDT,BASE,fixed,1765790099999,1765790100000,1765792499999,T-1,L,3144.6000000000004,3138.7099999999996,3158.147000000002,3158.147000000002,TP,2.3
ETHUSDT,BASE,fixed,1766961599999,1766961600000,1766962199999,NORMAL,L,2941.57,2937.9799999999996,2949.8270000000016,2949.8270000000016,TP,2.3
ETHUSDT,BASE,fixed,1766968199999,1766968200000,1766968499999,NORMAL,L,2957.4500000000003,2952.74,2968.2830000000013,2968.2830000000013,TP,2.3
ETHUSDT,BASE,fixed,1767230099999,1767230100000,1767230699999,NORMAL,L,2985.78,2982.1899999999996,2994.0370000000016,2982.1899999999996,SL,-1.0
ETHUSDT,BASE,fixed,1767347099999,1767347100000,1767348599999,NORMAL,L,3043.71,3037.04,3059.0510000000004,3059.0510000000004,TP,2.3
ETHUSDT,BASE,fixed,1767592199999,1767592200000,1767594899999,NORMAL,S,3151.99,3157.0600000000004,3140.3289999999984,3140.3289999999984,TP,2.3
ETHUSDT,BASE,fixed,1767608699999,1767608700000,1767609599999,NORMAL,L,3175.01,3169.99,3186.5560000000014,3169.99,SL,-1.0
ETHUSDT,BASE,fixed,1767619799999,1767619800000,1767620699999,NORMAL,S,3157.85,3161.01,3150.5819999999994,3150.5819999999994,TP,2.3
ETHUSDT,BASE,fixed,1768861799999,1768861800000,1768862999999,NORMAL,S,3204.95,3210.4700000000003,3192.253999999999,3192.253999999999,TP,2.3
ETHUSDT,BASE,fixed,1769024699999,1769024700000,1769026499999,NORMAL,L,3037.0200000000004,3020.0099999999998,3076.143000000002,3020.0099999999998,SL,-1.0
ETHUSDT,BASE,fixed,1769142599999,1769142600000,1769142899999,NORMAL,L,2973.0,2970.9799999999996,2977.646000000001,2977.646000000001,TP,2.3
ETHUSDT,BASE,fixed,1769365499999,1769365500000,1769366099999,NORMAL,S,2864.99,2874.67,2842.725999999999,2842.725999999999,TP,2.3
ETHUSDT,BASE,fixed,1769591699999,1769591700000,1769592299999,T-1,S,2988.77,2992.2700000000004,2980.719999999999,2992.2700000000004,SL,-1.0
ETHUSDT,BASE,fixed,1769712599999,1769712600000,1769715299999,T+1,S,2787.1899999999996,2802.8700000000003,2751.125999999998,2802.8700000000003,SL,-1.0
ETHUSDT,BASE,fixed,1770212399999,1770212400000,1770215699999,NORMAL,S,2214.2099999999996,2226.17,2186.7019999999984,2186.7019999999984,TP,2.3
ETHUSDT,BASE,fixed,1770263699999,1770263700000,1770265199999,NORMAL,S,2106.6299999999997,2117.5600000000004,2081.490999999998,2081.490999999998,TP,2.3
ETHUSDT,BASE,fixed,1770341699999,1770341700000,1770344699999,NORMAL,L,1909.36,1889.99,1953.9109999999996,1889.99,SL,-1.0
ETHUSDT,BASE,fixed,1771337099999,1771337100000,1771338299999,NORMAL,L,1993.91,1987.26,2009.2050000000004,1987.26,SL,-1.0
ETHUSDT,BASE,fixed,1771386599999,1771386600000,1771387499999,NORMAL,L,1997.93,1994.98,2004.7150000000001,1994.98,SL,-1.0
ETHUSDT,BASE,fixed,1771388399999,1771388400000,1771388699999,NORMAL,L,1998.73,1995.99,2005.032,1995.99,SL,-1.0
ETHUSDT,BASE,fixed,1771501499999,1771501500000,1771502099999,NORMAL,S,1955.99,1957.72,1952.011,1952.011,TP,2.3
ETHUSDT,BASE,fixed,1771534499999,1771534500000,1771534799999,NORMAL,L,1949.35,1946.58,1955.7209999999998,1946.58,SL,-1.0
ETHUSDT,BASE,fixed,1771547099999,1771547100000,1771547399999,NORMAL,L,1954.19,1950.99,1961.5500000000002,1961.5500000000002,TP,2.3
ETHUSDT,BASE,fixed,1772021399999,1772021400000,1772023199999,NORMAL,L,1927.53,1921.22,1942.043,1942.043,TP,2.3
ETHUSDT,BASE,fixed,1772081699999,1772081700000,1772081999999,NORMAL,L,2077.23,2073.74,2085.2570000000005,2073.74,SL,-1.0
ETHUSDT,BASE,fixed,1772100299999,1772100300000,1772100899999,NORMAL,L,2076.82,2073.0499999999997,2085.4910000000013,2073.0499999999997,SL,-1.0
ETHUSDT,BASE,fixed,1773844799999,1773844800000,1773845099999,T-1,S,2217.99,2223.6800000000003,2204.9029999999984,2204.9029999999984,TP,2.3
ETHUSDT,BASE,fixed,1774524299999,1774524300000,1774525499999,NORMAL,S,2066.1299999999997,2072.2400000000002,2052.0769999999984,2072.2400000000002,SL,-1.0
ETHUSDT,BASE,fixed,1774962899999,1774962900000,1774963499999,NORMAL,L,2059.76,2055.7599999999998,2068.9600000000014,2055.7599999999998,SL,-1.0
ETHUSDT,BASE,fixed,1774964399999,1774964400000,1774965899999,NORMAL,L,2066.51,2058.1,2085.853000000001,2085.853000000001,TP,2.3
ETHUSDT,BASE,fixed,1775131499999,1775131500000,1775136599999,T-1,S,2026.8,2032.4,2013.9199999999996,2032.4,SL,-1.0
ETHUSDT,BASE,fixed,1775141699999,1775141700000,1775143499999,T-1,L,2063.51,2055.18,2082.6690000000012,2055.18,SL,-1.0
ETHUSDT,BASE,fixed,1775731199999,1775731200000,1775732099999,T-1,L,2192.1200000000003,2189.6299999999997,2197.847000000002,2189.6299999999997,SL,-1.0
ETHUSDT,BASE,fixed,1776166199999,1776166200000,1776166799999,NORMAL,S,2367.3199999999997,2371.98,2356.601999999999,2371.98,SL,-1.0
ETHUSDT,BASE,fixed,1776188099999,1776188100000,1776189599999,NORMAL,S,2325.2599999999998,2336.2000000000003,2300.0979999999986,2336.2000000000003,SL,-1.0
ETHUSDT,BASE,fixed,1777233299999,1777233300000,1777233899999,NORMAL,L,2368.8300000000004,2364.9799999999996,2377.685000000002,2364.9799999999996,SL,-1.0
ETHUSDT,BASE,fixed,1777869299999,1777869300000,1777869599999,NORMAL,L,2392.63,2389.27,2400.358,2389.27,SL,-1.0
ETHUSDT,BASE,fixed,1778000099999,1778000100000,1778000699999,NORMAL,S,2363.56,2368.48,2352.2439999999997,2368.48,SL,-1.0
ETHUSDT,BASE,fixed,1778090399999,1778090400000,1778091299999,T-1,S,2348.08,2351.86,2339.3859999999995,2339.3859999999995,TP,2.3
ETHUSDT,BASE,fixed,1778643899999,1778643900000,1778645999999,T+1,L,2302.3,2298.4399999999996,2311.1780000000017,2298.4399999999996,SL,-1.0
ETHUSDT,BASE,fixed,1778646599999,1778646600000,1778646899999,T+1,L,2300.46,2299.35,2303.0130000000004,2303.0130000000004,TP,2.3
ETHUSDT,BASE,fixed,1778687699999,1778687700000,1778689499999,T+1,S,2242.66,2249.1400000000003,2227.755999999999,2249.1400000000003,SL,-1.0
ETHUSDT,BASE,fixed,1779277799999,1779277800000,1779278399999,NORMAL,S,2124.9399999999996,2127.15,2119.8569999999986,2127.15,SL,-1.0
ETHUSDT,BASE,fixed,1779454199999,1779454200000,1779455399999,NORMAL,L,2133.4300000000003,2131.45,2137.9840000000013,2131.45,SL,-1.0
ETHUSDT,BASE,fixed,1779701099999,1779701100000,1779701699999,NORMAL,L,2118.3500000000004,2116.3399999999997,2122.973000000002,2122.973000000002,TP,2.3
ETHUSDT,BASE,fixed,1779741599999,1779741600000,1779742799999,NORMAL,S,2113.27,2116.3300000000004,2106.231999999999,2106.231999999999,TP,2.3
ETHUSDT,BASE,fixed,1779840599999,1779840600000,1779841199999,NORMAL,L,2078.76,2075.8599999999997,2085.4300000000017,2075.8599999999997,SL,-1.0
ETHUSDT,BASE,fixed,1779905099999,1779905100000,1779907499999,NORMAL,S,2047.77,2053.71,2034.108,2053.71,SL,-1.0
ETHUSDT,BASE,fixed,1780035599999,1780035600000,1780036499999,NORMAL,L,2016.3799999999999,2014.32,2021.1179999999997,2014.32,SL,-1.0
ETHUSDT,BASE,fixed,1780037399999,1780037400000,1780040099999,NORMAL,L,2015.34,2013.65,2019.2269999999994,2013.65,SL,-1.0
ETHUSDT,BASE,fixed,1780295099999,1780295100000,1780300199999,NORMAL,S,1985.76,1990.83,1974.0990000000002,1974.0990000000002,TP,2.3
ETHUSDT,BASE,fixed,1780365299999,1780365300000,1780365899999,NORMAL,S,1982.29,1985.9,1973.9869999999996,1973.9869999999996,TP,2.3
ETHUSDT,BASE,fixed,1780538099999,1780538100000,1780538699999,T-1,S,1755.86,1772.42,1717.7719999999995,1717.7719999999995,TP,2.3
ETHUSDT,BASE,fixed,1781712899999,1781712900000,1781713799999,T-1,L,1775.36,1770.04,1787.5959999999998,1787.5959999999998,TP,2.3
ETHUSDT,BASE,fixed,1781863199999,1781863200000,1781863799999,T+1,S,1688.1,1690.04,1683.6379999999997,1690.04,SL,-1.0
ETHUSDT,BASE,fixed,1782201899999,1782201900000,1782202799999,NORMAL,S,1678.21,1683.89,1665.146,1665.146,TP,2.3
ETHUSDT,BASE,fixed,1782269999999,1782270000000,1782272099999,NORMAL,S,1662.67,1665.49,1656.1840000000002,1665.49,SL,-1.0
ETHUSDT,BASE,fixed,1782873599999,1782873600000,1782875999999,T-1,L,1587.87,1583.27,1598.4499999999996,1583.27,SL,-1.0
ETHUSDT,BASE,fixed,1783075199999,1783075200000,1783081199999,T+1,L,1741.59,1734.86,1757.069,1734.86,SL,-1.0
ETHUSDT,BASE,fixed,1784821499999,1784821500000,1784821799999,NORMAL,S,1889.85,1893.42,1881.6389999999994,1893.42,SL,-1.0
ETHUSDT,BASE,fixed,1785148799999,1785148800000,1785149999999,NORMAL,L,1968.97,1966.24,1975.249,1966.24,SL,-1.0
ETHUSDT,BASE,fixed,1785276299999,1785276300000,1785276899999,T-1,L,1925.99,1921.61,1936.0640000000003,1921.61,SL,-1.0
ETHUSDT,BASE,fixed,1785325499999,1785325500000,1785325799999,T-1,S,1910.82,1912.49,1906.9789999999998,1912.49,SL,-1.0
ETHUSDT,BASE,fixed,1785491099999,1785491100000,1785491699999,T+1,S,1882.09,1883.77,1878.2259999999999,1883.77,SL,-1.0
ETHUSDT,BASE,fixed,1785844199999,1785844200000,1785845099999,NORMAL,L,1873.53,1869.51,1882.7759999999998,1869.51,SL,-1.0
ETHUSDT,BASE,fixed,1786563599999,1786563600000,1786566899999,T+1,S,1881.53,1884.26,1875.251,1884.26,SL,-1.0
ETHUSDT,BASE,fixed,1786619999999,1786620000000,1786620899999,T+1,S,1879.02,1880.6,1875.3860000000002,1875.3860000000002,TP,2.3
ETHUSDT,COST06,canonical,1737355199999,1737355200000,1737355799999,NORMAL,L,3323.3,3302.99,3370.0130000000013,3370.0130000000013,TP,2.3
ETHUSDT,COST06,canonical,1738568099999,1738568100000,1738569599999,NORMAL,L,2572.57,2554.02,2615.2350000000006,2615.2350000000006,TP,2.3
ETHUSDT,COST06,canonical,1753116599999,1753116600000,1753117799999,NORMAL,S,3756.5899999999997,3779.82,3703.1609999999987,3779.82,SL,-1.0
ETHUSDT,COST06,canonical,1755621599999,1755621600000,1755624899999,NORMAL,S,4157.99,4184.51,4096.993999999999,4179.24,EMA,-0.8012820512820381
ETHUSDT,COST06,canonical,1762286399999,1762286400000,1762287599999,NORMAL,S,3224.99,3255.69,3154.379999999999,3154.379999999999,TP,2.3
ETHUSDT,COST06,canonical,1762311299999,1762311300000,1762321799999,NORMAL,L,3313.4500000000003,3292.58,3361.451000000001,3326.83,EMA,0.6411116435073998
ETHUSDT,COST06,canonical,1763050799999,1763050800000,1763053499999,NORMAL,S,3366.99,3392.4300000000003,3308.4779999999987,3308.4779999999987,TP,2.3
ETHUSDT,COST06,canonical,1770341699999,1770341700000,1770344699999,NORMAL,L,1909.36,1889.99,1953.9109999999996,1889.99,SL,-1.0
ETHUSDT,COST06,canonical,1780538099999,1780538100000,1780538699999,T-1,S,1755.86,1772.42,1717.7719999999995,1717.7719999999995,TP,2.3
ETHUSDT,COST06,fixed,1737355199999,1737355200000,1737355799999,NORMAL,L,3323.3,3302.99,3370.0130000000013,3370.0130000000013,TP,2.3
ETHUSDT,COST06,fixed,1738568099999,1738568100000,1738569599999,NORMAL,L,2572.57,2554.02,2615.2350000000006,2615.2350000000006,TP,2.3
ETHUSDT,COST06,fixed,1753116599999,1753116600000,1753117799999,NORMAL,S,3756.5899999999997,3779.82,3703.1609999999987,3779.82,SL,-1.0
ETHUSDT,COST06,fixed,1755621599999,1755621600000,1755626399999,NORMAL,S,4157.99,4184.51,4096.993999999999,4184.51,SL,-1.0
ETHUSDT,COST06,fixed,1762286399999,1762286400000,1762287599999,NORMAL,S,3224.99,3255.69,3154.379999999999,3154.379999999999,TP,2.3
ETHUSDT,COST06,fixed,1762311299999,1762311300000,1762331099999,NORMAL,L,3313.4500000000003,3292.58,3361.451000000001,3292.58,SL,-1.0
ETHUSDT,COST06,fixed,1763050799999,1763050800000,1763053499999,NORMAL,S,3366.99,3392.4300000000003,3308.4779999999987,3308.4779999999987,TP,2.3
ETHUSDT,COST06,fixed,1770341699999,1770341700000,1770344699999,NORMAL,L,1909.36,1889.99,1953.9109999999996,1889.99,SL,-1.0
ETHUSDT,COST06,fixed,1780538099999,1780538100000,1780538699999,T-1,S,1755.86,1772.42,1717.7719999999995,1717.7719999999995,TP,2.3
ETHUSDT,M15CONF,canonical,1736147699999,1736147700000,1736152199999,NORMAL,S,3655.99,3662.61,3640.763999999999,3662.61,SL,-1.0
ETHUSDT,M15CONF,canonical,1736996099999,1736996100000,1736997599999,T+1,S,3382.62,3389.6800000000003,3366.381999999999,3366.381999999999,TP,2.3
ETHUSDT,M15CONF,canonical,1737355199999,1737355200000,1737355799999,NORMAL,L,3323.3,3302.99,3370.0130000000013,3370.0130000000013,TP,2.3
ETHUSDT,M15CONF,canonical,1737527099999,1737527100000,1737530699999,NORMAL,S,3310.74,3316.76,3296.893999999999,3296.893999999999,TP,2.3
ETHUSDT,M15CONF,canonical,1737530999999,1737531000000,1737533099999,NORMAL,S,3296.4199999999996,3302.01,3283.5629999999983,3283.5629999999983,TP,2.3
ETHUSDT,M15CONF,canonical,1737554399999,1737554400000,1737555299999,NORMAL,S,3279.27,3288.21,3258.7079999999996,3288.21,SL,-1.0
ETHUSDT,M15CONF,canonical,1737562499999,1737562500000,1737562799999,NORMAL,S,3260.35,3269.5800000000004,3239.1209999999987,3269.5800000000004,SL,-1.0
ETHUSDT,M15CONF,canonical,1738293599999,1738293600000,1738300499999,T+1,S,3228.41,3238.7900000000004,3204.5359999999987,3233.0,EMA,-0.4421965317918975
ETHUSDT,M15CONF,canonical,1738568099999,1738568100000,1738569599999,NORMAL,L,2572.57,2554.02,2615.2350000000006,2615.2350000000006,TP,2.3
ETHUSDT,M15CONF,canonical,1739435999999,1739436000000,1739437799999,T+1,S,2666.49,2674.8100000000004,2647.3539999999985,2674.8100000000004,SL,-1.0
ETHUSDT,M15CONF,canonical,1739447999999,1739448000000,1739449199999,T+1,S,2650.41,2657.4300000000003,2634.2639999999988,2657.4300000000003,SL,-1.0
ETHUSDT,M15CONF,canonical,1739959499999,1739959500000,1739961299999,NORMAL,L,2730.01,2722.8199999999997,2746.5470000000014,2722.8199999999997,SL,-1.0
ETHUSDT,M15CONF,canonical,1740521099999,1740521100000,1740521999999,NORMAL,L,2523.32,2509.1099999999997,2556.0030000000015,2509.1099999999997,SL,-1.0
ETHUSDT,M15CONF,canonical,1741088099999,1741088100000,1741088699999,NORMAL,L,2111.9100000000003,2104.18,2129.689000000001,2104.18,SL,-1.0
ETHUSDT,M15CONF,canonical,1741204499999,1741204500000,1741206299999,T-1,L,2220.3100000000004,2212.8599999999997,2237.445000000002,2212.8599999999997,SL,-1.0
ETHUSDT,M15CONF,canonical,1742172299999,1742172300000,1742173499999,NORMAL,L,1898.86,1894.72,1908.3819999999996,1908.3819999999996,TP,2.3
ETHUSDT,M15CONF,canonical,1742327099999,1742327100000,1742327699999,T-1,L,1898.34,1894.82,1906.436,1906.436,TP,2.3
ETHUSDT,M15CONF,canonical,1742856599999,1742856600000,1742858399999,NORMAL,S,2076.6699999999996,2080.0800000000004,2068.826999999998,2068.826999999998,TP,2.3
ETHUSDT,M15CONF,canonical,1742974799999,1742974800000,1742975399999,NORMAL,L,2069.46,2067.25,2074.543,2067.25,SL,-1.0
ETHUSDT,M15CONF,canonical,1742986799999,1742986800000,1742987399999,NORMAL,L,2073.01,2071.47,2076.552000000001,2071.47,SL,-1.0
ETHUSDT,M15CONF,canonical,1743022199999,1743022200000,1743022499999,NORMAL,L,2013.35,2010.65,2019.5599999999995,2010.65,SL,-1.0
ETHUSDT,M15CONF,canonical,1743121499999,1743121500000,1743122699999,NORMAL,S,1996.99,1999.9,1990.2969999999998,1999.9,SL,-1.0
ETHUSDT,M15CONF,canonical,1743177599999,1743177600000,1743177899999,NORMAL,S,1870.5,1875.91,1858.0569999999998,1875.91,SL,-1.0
ETHUSDT,M15CONF,canonical,1744178399999,1744178400000,1744179299999,T-1,L,1458.35,1453.4,1469.7349999999994,1469.7349999999994,TP,2.3
ETHUSDT,M15CONF,canonical,1744801799999,1744801800000,1744802699999,NORMAL,L,1583.6,1578.99,1594.2029999999997,1578.99,SL,-1.0
ETHUSDT,M15CONF,canonical,1745822699999,1745822700000,1745823299999,NORMAL,L,1805.01,1801.18,1813.8189999999997,1801.18,SL,-1.0
ETHUSDT,M15CONF,canonical,1746092999999,1746093000000,1746093599999,T-1,L,1821.0,1819.07,1825.439,1819.07,SL,-1.0
ETHUSDT,M15CONF,canonical,1746604499999,1746604500000,1746605099999,T-1,L,1835.82,1833.52,1841.11,1841.11,TP,2.3
ETHUSDT,M15CONF,canonical,1747011899999,1747011900000,1747012799999,T-1,L,2535.7900000000004,2527.2599999999998,2555.409000000002,2527.2599999999998,SL,-1.0
ETHUSDT,M15CONF,canonical,1747773299999,1747773300000,1747775699999,NORMAL,L,2509.36,2501.4399999999996,2527.5760000000014,2501.4399999999996,SL,-1.0
ETHUSDT,M15CONF,canonical,1747798499999,1747798500000,1747799699999,NORMAL,L,2549.5,2542.99,2564.4730000000004,2542.99,SL,-1.0
ETHUSDT,M15CONF,canonical,1748321399999,1748321400000,1748321999999,NORMAL,L,2566.6000000000004,2560.0299999999997,2581.7110000000016,2560.0299999999997,SL,-1.0
ETHUSDT,M15CONF,canonical,1748432099999,1748432100000,1748435099999,NORMAL,L,2649.61,2642.0499999999997,2666.998000000001,2666.998000000001,TP,2.3
ETHUSDT,M15CONF,canonical,1748557199999,1748557200000,1748557799999,NORMAL,L,2663.13,2658.99,2672.652000000001,2658.99,SL,-1.0
ETHUSDT,M15CONF,canonical,1748857499999,1748857500000,1748858699999,NORMAL,S,2478.7099999999996,2482.9900000000002,2468.865999999998,2482.9900000000002,SL,-1.0
ETHUSDT,M15CONF,canonical,1748934299999,1748934300000,1748934599999,NORMAL,L,2618.9300000000003,2615.41,2627.026000000001,2615.41,SL,-1.0
ETHUSDT,M15CONF,canonical,1749064199999,1749064200000,1749066299999,T-1,S,2623.22,2630.6600000000003,2606.107999999999,2630.6600000000003,SL,-1.0
ETHUSDT,M15CONF,canonical,1749134099999,1749134100000,1749134399999,T-1,S,2574.6,2583.48,2554.1759999999995,2583.48,SL,-1.0
ETHUSDT,M15CONF,canonical,1750826399999,1750826400000,1750827899999,NORMAL,S,2432.1099999999997,2437.48,2419.758999999999,2437.48,SL,-1.0
ETHUSDT,M15CONF,canonical,1750881599999,1750881600000,1750883099999,NORMAL,L,2431.92,2426.99,2443.259000000001,2426.99,SL,-1.0
ETHUSDT,M15CONF,canonical,1751885999999,1751886000000,1751886299999,NORMAL,S,2557.1099999999997,2560.6000000000004,2549.0829999999983,2560.6000000000004,SL,-1.0
ETHUSDT,M15CONF,canonical,1752114299999,1752114300000,1752114899999,NORMAL,L,2788.55,2782.6299999999997,2802.1660000000015,2782.6299999999997,SL,-1.0
ETHUSDT,M15CONF,canonical,1752140399999,1752140400000,1752142199999,NORMAL,S,2779.99,2783.3,2772.376999999999,2772.376999999999,TP,2.3
ETHUSDT,M15CONF,canonical,1752150299999,1752150300000,1752150599999,NORMAL,S,2768.58,2771.4300000000003,2762.024999999999,2771.4300000000003,SL,-1.0
ETHUSDT,M15CONF,canonical,1753116599999,1753116600000,1753117799999,NORMAL,S,3756.5899999999997,3779.82,3703.1609999999987,3779.82,SL,-1.0
ETHUSDT,M15CONF,canonical,1753127099999,1753127100000,1753128599999,NORMAL,S,3730.43,3741.11,3705.865999999999,3741.11,SL,-1.0
ETHUSDT,M15CONF,canonical,1753159799999,1753159800000,1753161899999,NORMAL,S,3678.9599999999996,3693.63,3645.2189999999982,3693.63,SL,-1.0
ETHUSDT,M15CONF,canonical,1753310699999,1753310700000,1753311599999,NORMAL,L,3613.9500000000003,3606.4599999999996,3631.177000000002,3606.4599999999996,SL,-1.0
ETHUSDT,M15CONF,canonical,1754494499999,1754494500000,1754502599999,NORMAL,L,3641.78,3626.2,3677.614000000001,3677.614000000001,TP,2.3
ETHUSDT,M15CONF,canonical,1754855399999,1754855400000,1754856299999,T-1,L,4256.610000000001,4246.34,4280.231000000002,4246.34,SL,-1.0
ETHUSDT,M15CONF,canonical,1754922599999,1754922600000,1754923799999,T-1,L,4290.820000000001,4269.32,4340.270000000002,4269.32,SL,-1.0
ETHUSDT,M15CONF,canonical,1754927999999,1754928000000,1754930699999,T-1,L,4331.51,4313.51,4372.91,4313.51,SL,-1.0
ETHUSDT,M15CONF,canonical,1755450599999,1755450600000,1755452099999,NORMAL,S,4513.469999999999,4524.25,4488.675999999998,4524.25,SL,-1.0
ETHUSDT,M15CONF,canonical,1755497999999,1755498000000,1755504599999,NORMAL,S,4263.98,4284.8,4216.093999999998,4270.08,EMA,-0.2929875120076937
ETHUSDT,M15CONF,canonical,1755621599999,1755621600000,1755624899999,NORMAL,S,4157.99,4184.51,4096.993999999999,4179.24,EMA,-0.8012820512820381
ETHUSDT,M15CONF,canonical,1755735599999,1755735600000,1755736499999,NORMAL,S,4306.0,4321.96,4269.2919999999995,4321.96,SL,-1.0
ETHUSDT,M15CONF,canonical,1756143899999,1756143900000,1756144499999,NORMAL,S,4572.59,4591.030000000001,4530.177999999999,4591.030000000001,SL,-1.0
ETHUSDT,M15CONF,canonical,1756979999999,1756980000000,1756980899999,T-1,L,4393.45,4385.98,4410.631,4410.631,TP,2.3
ETHUSDT,M15CONF,canonical,1757471099999,1757471100000,1757473499999,T-1,L,4318.89,4311.71,4335.404000000001,4311.71,SL,-1.0
ETHUSDT,M15CONF,canonical,1757489099999,1757489100000,1757495399999,T-1,L,4321.71,4315.79,4335.326,4315.79,SL,-1.0
ETHUSDT,M15CONF,canonical,1757654399999,1757654400000,1757656199999,T+1,L,4523.650000000001,4514.4,4544.925000000003,4544.925000000003,TP,2.3
ETHUSDT,M15CONF,canonical,1757696399999,1757696400000,1757696699999,T+1,L,4574.77,4566.28,4594.297000000002,4566.28,SL,-1.0
ETHUSDT,M15CONF,canonical,1758061499999,1758061500000,1758061799999,T-1,L,4511.96,4505.87,4525.967000000001,4505.87,SL,-1.0
ETHUSDT,M15CONF,canonical,1758570299999,1758570300000,1758572099999,NORMAL,S,4137.96,4147.45,4116.133000000001,4147.45,SL,-1.0
ETHUSDT,M15CONF,canonical,1758905999999,1758906000000,1758906599999,NORMAL,L,3990.9900000000002,3980.99,4013.990000000001,3980.99,SL,-1.0
ETHUSDT,M15CONF,canonical,1759261499999,1759261500000,1759262099999,NORMAL,L,4136.67,4123.66,4166.593000000001,4166.593000000001,TP,2.3
ETHUSDT,M15CONF,canonical,1759427399999,1759427400000,1759427699999,NORMAL,L,4474.360000000001,4464.99,4495.911000000003,4464.99,SL,-1.0
ETHUSDT,M15CONF,canonical,1759470299999,1759470300000,1759470899999,NORMAL,S,4470.33,4475.610000000001,4458.185999999999,4475.610000000001,SL,-1.0
ETHUSDT,M15CONF,canonical,1759475999999,1759476000000,1759479599999,NORMAL,S,4456.55,4466.21,4434.332,4434.332,TP,2.3
ETHUSDT,M15CONF,canonical,1759758599999,1759758600000,1759759799999,NORMAL,L,4612.66,4594.46,4654.5199999999995,4654.5199999999995,TP,2.3
ETHUSDT,M15CONF,canonical,1760382899999,1760382900000,1760389199999,NORMAL,L,4251.280000000001,4236.76,4284.676000000001,4284.676000000001,TP,2.3
ETHUSDT,M15CONF,canonical,1760408999999,1760409000000,1760411099999,NORMAL,S,4188.929999999999,4203.16,4156.200999999998,4156.200999999998,TP,2.3
ETHUSDT,M15CONF,canonical,1760500799999,1760500800000,1760501699999,NORMAL,S,4078.49,4083.86,4066.138999999999,4083.86,SL,-1.0
ETHUSDT,M15CONF,canonical,1760659499999,1760659500000,1760661599999,NORMAL,L,3896.01,3886.14,3918.711000000001,3918.711000000001,TP,2.3
ETHUSDT,M15CONF,canonical,1760918999999,1760919000000,1760919899999,NORMAL,S,3962.39,3971.82,3940.700999999999,3940.700999999999,TP,2.3
ETHUSDT,M15CONF,canonical,1761200099999,1761200100000,1761200399999,T-1,L,3853.01,3845.81,3869.5700000000006,3869.5700000000006,TP,2.3
ETHUSDT,M15CONF,canonical,1761712199999,1761712200000,1761715199999,T-1,L,4009.32,4005.0899999999997,4019.0490000000013,4019.0490000000013,TP,2.3
ETHUSDT,M15CONF,canonical,1762286399999,1762286400000,1762287599999,NORMAL,S,3224.99,3255.69,3154.379999999999,3154.379999999999,TP,2.3
ETHUSDT,M15CONF,canonical,1762311299999,1762311300000,1762321799999,NORMAL,L,3313.4500000000003,3292.58,3361.451000000001,3326.83,EMA,0.6411116435073998
ETHUSDT,M15CONF,canonical,1762838099999,1762838100000,1762838699999,NORMAL,S,3555.99,3567.59,3529.309999999999,3567.59,SL,-1.0
ETHUSDT,M15CONF,canonical,1763050799999,1763050800000,1763053499999,NORMAL,S,3366.99,3392.4300000000003,3308.4779999999987,3308.4779999999987,TP,2.3
ETHUSDT,M15CONF,canonical,1763064899999,1763064900000,1763066099999,NORMAL,S,3169.3199999999997,3186.75,3129.230999999999,3186.75,SL,-1.0
ETHUSDT,M15CONF,canonical,1763363999999,1763364000000,1763364599999,NORMAL,L,3203.4100000000003,3192.31,3228.940000000001,3192.31,SL,-1.0
ETHUSDT,M15CONF,canonical,1764696899999,1764696900000,1764697199999,NORMAL,L,3029.7000000000003,3022.0,3047.4100000000008,3022.0,SL,-1.0
ETHUSDT,M15CONF,canonical,1764736499999,1764736500000,1764741899999,NORMAL,L,3049.9100000000003,3041.2999999999997,3069.7130000000016,3069.7130000000016,TP,2.3
ETHUSDT,M15CONF,canonical,1764925799999,1764925800000,1764926399999,NORMAL,S,3144.02,3151.6000000000004,3126.5859999999993,3126.5859999999993,TP,2.3
ETHUSDT,M15CONF,canonical,1765790099999,1765790100000,1765792499999,T-1,L,3144.6000000000004,3138.7099999999996,3158.147000000002,3158.147000000002,TP,2.3
ETHUSDT,M15CONF,canonical,1766961599999,1766961600000,1766962199999,NORMAL,L,2941.57,2937.9799999999996,2949.8270000000016,2949.8270000000016,TP,2.3
ETHUSDT,M15CONF,canonical,1766968199999,1766968200000,1766968499999,NORMAL,L,2957.4500000000003,2952.74,2968.2830000000013,2968.2830000000013,TP,2.3
ETHUSDT,M15CONF,canonical,1767230099999,1767230100000,1767230699999,NORMAL,L,2985.78,2982.1899999999996,2994.0370000000016,2982.1899999999996,SL,-1.0
ETHUSDT,M15CONF,canonical,1767347099999,1767347100000,1767348599999,NORMAL,L,3043.71,3037.04,3059.0510000000004,3059.0510000000004,TP,2.3
ETHUSDT,M15CONF,canonical,1767592199999,1767592200000,1767594899999,NORMAL,S,3151.99,3157.0600000000004,3140.3289999999984,3140.3289999999984,TP,2.3
ETHUSDT,M15CONF,canonical,1767608699999,1767608700000,1767609599999,NORMAL,L,3175.01,3169.99,3186.5560000000014,3169.99,SL,-1.0
ETHUSDT,M15CONF,canonical,1767619799999,1767619800000,1767620699999,NORMAL,S,3157.85,3161.01,3150.5819999999994,3150.5819999999994,TP,2.3
ETHUSDT,M15CONF,canonical,1768861799999,1768861800000,1768862999999,NORMAL,S,3204.95,3210.4700000000003,3192.253999999999,3192.253999999999,TP,2.3
ETHUSDT,M15CONF,canonical,1769024699999,1769024700000,1769026499999,NORMAL,L,3037.0200000000004,3020.0099999999998,3076.143000000002,3020.0099999999998,SL,-1.0
ETHUSDT,M15CONF,canonical,1769142599999,1769142600000,1769142899999,NORMAL,L,2973.0,2970.9799999999996,2977.646000000001,2977.646000000001,TP,2.3
ETHUSDT,M15CONF,canonical,1769365499999,1769365500000,1769366099999,NORMAL,S,2864.99,2874.67,2842.725999999999,2842.725999999999,TP,2.3
ETHUSDT,M15CONF,canonical,1769591699999,1769591700000,1769592299999,T-1,S,2988.77,2992.2700000000004,2980.719999999999,2992.2700000000004,SL,-1.0
ETHUSDT,M15CONF,canonical,1769712599999,1769712600000,1769715299999,T+1,S,2787.1899999999996,2802.8700000000003,2751.125999999998,2802.8700000000003,SL,-1.0
ETHUSDT,M15CONF,canonical,1770212399999,1770212400000,1770215699999,NORMAL,S,2214.2099999999996,2226.17,2186.7019999999984,2186.7019999999984,TP,2.3
ETHUSDT,M15CONF,canonical,1770263699999,1770263700000,1770265199999,NORMAL,S,2106.6299999999997,2117.5600000000004,2081.490999999998,2081.490999999998,TP,2.3
ETHUSDT,M15CONF,canonical,1770341699999,1770341700000,1770344699999,NORMAL,L,1909.36,1889.99,1953.9109999999996,1889.99,SL,-1.0
ETHUSDT,M15CONF,canonical,1771337099999,1771337100000,1771338299999,NORMAL,L,1993.91,1987.26,2009.2050000000004,1987.26,SL,-1.0
ETHUSDT,M15CONF,canonical,1771386599999,1771386600000,1771387499999,NORMAL,L,1997.93,1994.98,2004.7150000000001,1994.98,SL,-1.0
ETHUSDT,M15CONF,canonical,1771388399999,1771388400000,1771388699999,NORMAL,L,1998.73,1995.99,2005.032,1995.99,SL,-1.0
ETHUSDT,M15CONF,canonical,1771501499999,1771501500000,1771502099999,NORMAL,S,1955.99,1957.72,1952.011,1952.011,TP,2.3
ETHUSDT,M15CONF,canonical,1771534499999,1771534500000,1771534799999,NORMAL,L,1949.35,1946.58,1955.7209999999998,1946.58,SL,-1.0
ETHUSDT,M15CONF,canonical,1771547099999,1771547100000,1771547399999,NORMAL,L,1954.19,1950.99,1961.5500000000002,1961.5500000000002,TP,2.3
ETHUSDT,M15CONF,canonical,1772021399999,1772021400000,1772023199999,NORMAL,L,1927.53,1921.22,1942.043,1942.043,TP,2.3
ETHUSDT,M15CONF,canonical,1772081699999,1772081700000,1772081999999,NORMAL,L,2077.23,2073.74,2085.2570000000005,2073.74,SL,-1.0
ETHUSDT,M15CONF,canonical,1772100299999,1772100300000,1772100899999,NORMAL,L,2076.82,2073.0499999999997,2085.4910000000013,2073.0499999999997,SL,-1.0
ETHUSDT,M15CONF,canonical,1773844799999,1773844800000,1773845099999,T-1,S,2217.99,2223.6800000000003,2204.9029999999984,2204.9029999999984,TP,2.3
ETHUSDT,M15CONF,canonical,1774524299999,1774524300000,1774525499999,NORMAL,S,2066.1299999999997,2072.2400000000002,2052.0769999999984,2072.2400000000002,SL,-1.0
ETHUSDT,M15CONF,canonical,1774962899999,1774962900000,1774963499999,NORMAL,L,2059.76,2055.7599999999998,2068.9600000000014,2055.7599999999998,SL,-1.0
ETHUSDT,M15CONF,canonical,1774964399999,1774964400000,1774965899999,NORMAL,L,2066.51,2058.1,2085.853000000001,2085.853000000001,TP,2.3
ETHUSDT,M15CONF,canonical,1775131499999,1775131500000,1775136599999,T-1,S,2026.8,2032.4,2013.9199999999996,2032.4,SL,-1.0
ETHUSDT,M15CONF,canonical,1775141699999,1775141700000,1775143499999,T-1,L,2063.51,2055.18,2082.6690000000012,2055.18,SL,-1.0
ETHUSDT,M15CONF,canonical,1775731199999,1775731200000,1775732099999,T-1,L,2192.1200000000003,2189.6299999999997,2197.847000000002,2189.6299999999997,SL,-1.0
ETHUSDT,M15CONF,canonical,1776166199999,1776166200000,1776166799999,NORMAL,S,2367.3199999999997,2371.98,2356.601999999999,2371.98,SL,-1.0
ETHUSDT,M15CONF,canonical,1776188099999,1776188100000,1776189599999,NORMAL,S,2325.2599999999998,2336.2000000000003,2300.0979999999986,2336.2000000000003,SL,-1.0
ETHUSDT,M15CONF,canonical,1777233299999,1777233300000,1777233899999,NORMAL,L,2368.8300000000004,2364.9799999999996,2377.685000000002,2364.9799999999996,SL,-1.0
ETHUSDT,M15CONF,canonical,1777869299999,1777869300000,1777869599999,NORMAL,L,2392.63,2389.27,2400.358,2389.27,SL,-1.0
ETHUSDT,M15CONF,canonical,1778000099999,1778000100000,1778000699999,NORMAL,S,2363.56,2368.48,2352.2439999999997,2368.48,SL,-1.0
ETHUSDT,M15CONF,canonical,1778090399999,1778090400000,1778091299999,T-1,S,2348.08,2351.86,2339.3859999999995,2339.3859999999995,TP,2.3
ETHUSDT,M15CONF,canonical,1778643899999,1778643900000,1778645999999,T+1,L,2302.3,2298.4399999999996,2311.1780000000017,2298.4399999999996,SL,-1.0
ETHUSDT,M15CONF,canonical,1778646599999,1778646600000,1778646899999,T+1,L,2300.46,2299.35,2303.0130000000004,2303.0130000000004,TP,2.3
ETHUSDT,M15CONF,canonical,1778687699999,1778687700000,1778689499999,T+1,S,2242.66,2249.1400000000003,2227.755999999999,2249.1400000000003,SL,-1.0
ETHUSDT,M15CONF,canonical,1779277799999,1779277800000,1779278399999,NORMAL,S,2124.9399999999996,2127.15,2119.8569999999986,2127.15,SL,-1.0
ETHUSDT,M15CONF,canonical,1779454199999,1779454200000,1779455399999,NORMAL,L,2133.4300000000003,2131.45,2137.9840000000013,2131.45,SL,-1.0
ETHUSDT,M15CONF,canonical,1779701099999,1779701100000,1779701699999,NORMAL,L,2118.3500000000004,2116.3399999999997,2122.973000000002,2122.973000000002,TP,2.3
ETHUSDT,M15CONF,canonical,1779741599999,1779741600000,1779742799999,NORMAL,S,2113.27,2116.3300000000004,2106.231999999999,2106.231999999999,TP,2.3
ETHUSDT,M15CONF,canonical,1779905099999,1779905100000,1779907499999,NORMAL,S,2047.77,2053.71,2034.108,2053.71,SL,-1.0
ETHUSDT,M15CONF,canonical,1780035599999,1780035600000,1780036499999,NORMAL,L,2016.3799999999999,2014.32,2021.1179999999997,2014.32,SL,-1.0
ETHUSDT,M15CONF,canonical,1780037399999,1780037400000,1780040099999,NORMAL,L,2015.34,2013.65,2019.2269999999994,2013.65,SL,-1.0
ETHUSDT,M15CONF,canonical,1780295099999,1780295100000,1780300199999,NORMAL,S,1985.76,1990.83,1974.0990000000002,1974.0990000000002,TP,2.3
ETHUSDT,M15CONF,canonical,1780365299999,1780365300000,1780365899999,NORMAL,S,1982.29,1985.9,1973.9869999999996,1973.9869999999996,TP,2.3
ETHUSDT,M15CONF,canonical,1780538099999,1780538100000,1780538699999,T-1,S,1755.86,1772.42,1717.7719999999995,1717.7719999999995,TP,2.3
ETHUSDT,M15CONF,canonical,1781712899999,1781712900000,1781713799999,T-1,L,1775.36,1770.04,1787.5959999999998,1787.5959999999998,TP,2.3
ETHUSDT,M15CONF,canonical,1781863199999,1781863200000,1781863799999,T+1,S,1688.1,1690.04,1683.6379999999997,1690.04,SL,-1.0
ETHUSDT,M15CONF,canonical,1782201899999,1782201900000,1782202799999,NORMAL,S,1678.21,1683.89,1665.146,1665.146,TP,2.3
ETHUSDT,M15CONF,canonical,1782269999999,1782270000000,1782272099999,NORMAL,S,1662.67,1665.49,1656.1840000000002,1665.49,SL,-1.0
ETHUSDT,M15CONF,canonical,1782873599999,1782873600000,1782875999999,T-1,L,1587.87,1583.27,1598.4499999999996,1583.27,SL,-1.0
ETHUSDT,M15CONF,canonical,1783075199999,1783075200000,1783081199999,T+1,L,1741.59,1734.86,1757.069,1734.86,SL,-1.0
ETHUSDT,M15CONF,canonical,1784821499999,1784821500000,1784821799999,NORMAL,S,1889.85,1893.42,1881.6389999999994,1893.42,SL,-1.0
ETHUSDT,M15CONF,canonical,1785148799999,1785148800000,1785149999999,NORMAL,L,1968.97,1966.24,1975.249,1966.24,SL,-1.0
ETHUSDT,M15CONF,canonical,1785276299999,1785276300000,1785276899999,T-1,L,1925.99,1921.61,1936.0640000000003,1921.61,SL,-1.0
ETHUSDT,M15CONF,canonical,1785325499999,1785325500000,1785325799999,T-1,S,1910.82,1912.49,1906.9789999999998,1912.49,SL,-1.0
ETHUSDT,M15CONF,canonical,1785491099999,1785491100000,1785491699999,T+1,S,1882.09,1883.77,1878.2259999999999,1883.77,SL,-1.0
ETHUSDT,M15CONF,canonical,1785844199999,1785844200000,1785845099999,NORMAL,L,1873.53,1869.51,1882.7759999999998,1869.51,SL,-1.0
ETHUSDT,M15CONF,canonical,1786563599999,1786563600000,1786566599999,T+1,S,1881.53,1884.26,1875.251,1883.44,EMA,-0.6996336996337249
ETHUSDT,M15CONF,canonical,1786619999999,1786620000000,1786620899999,T+1,S,1879.02,1880.6,1875.3860000000002,1875.3860000000002,TP,2.3
ETHUSDT,M15CONF,fixed,1736147699999,1736147700000,1736152199999,NORMAL,S,3655.99,3662.61,3640.763999999999,3662.61,SL,-1.0
ETHUSDT,M15CONF,fixed,1736996099999,1736996100000,1736997599999,T+1,S,3382.62,3389.6800000000003,3366.381999999999,3366.381999999999,TP,2.3
ETHUSDT,M15CONF,fixed,1737355199999,1737355200000,1737355799999,NORMAL,L,3323.3,3302.99,3370.0130000000013,3370.0130000000013,TP,2.3
ETHUSDT,M15CONF,fixed,1737527099999,1737527100000,1737530699999,NORMAL,S,3310.74,3316.76,3296.893999999999,3296.893999999999,TP,2.3
ETHUSDT,M15CONF,fixed,1737530999999,1737531000000,1737533099999,NORMAL,S,3296.4199999999996,3302.01,3283.5629999999983,3283.5629999999983,TP,2.3
ETHUSDT,M15CONF,fixed,1737554399999,1737554400000,1737555299999,NORMAL,S,3279.27,3288.21,3258.7079999999996,3288.21,SL,-1.0
ETHUSDT,M15CONF,fixed,1737562499999,1737562500000,1737562799999,NORMAL,S,3260.35,3269.5800000000004,3239.1209999999987,3269.5800000000004,SL,-1.0
ETHUSDT,M15CONF,fixed,1738293599999,1738293600000,1738300799999,T+1,S,3228.41,3238.7900000000004,3204.5359999999987,3238.7900000000004,SL,-1.0
ETHUSDT,M15CONF,fixed,1738568099999,1738568100000,1738569599999,NORMAL,L,2572.57,2554.02,2615.2350000000006,2615.2350000000006,TP,2.3
ETHUSDT,M15CONF,fixed,1739435999999,1739436000000,1739437799999,T+1,S,2666.49,2674.8100000000004,2647.3539999999985,2674.8100000000004,SL,-1.0
ETHUSDT,M15CONF,fixed,1739447999999,1739448000000,1739449199999,T+1,S,2650.41,2657.4300000000003,2634.2639999999988,2657.4300000000003,SL,-1.0
ETHUSDT,M15CONF,fixed,1739959499999,1739959500000,1739961299999,NORMAL,L,2730.01,2722.8199999999997,2746.5470000000014,2722.8199999999997,SL,-1.0
ETHUSDT,M15CONF,fixed,1740521099999,1740521100000,1740521999999,NORMAL,L,2523.32,2509.1099999999997,2556.0030000000015,2509.1099999999997,SL,-1.0
ETHUSDT,M15CONF,fixed,1741088099999,1741088100000,1741088699999,NORMAL,L,2111.9100000000003,2104.18,2129.689000000001,2104.18,SL,-1.0
ETHUSDT,M15CONF,fixed,1741204499999,1741204500000,1741206299999,T-1,L,2220.3100000000004,2212.8599999999997,2237.445000000002,2212.8599999999997,SL,-1.0
ETHUSDT,M15CONF,fixed,1742172299999,1742172300000,1742173499999,NORMAL,L,1898.86,1894.72,1908.3819999999996,1908.3819999999996,TP,2.3
ETHUSDT,M15CONF,fixed,1742327099999,1742327100000,1742327699999,T-1,L,1898.34,1894.82,1906.436,1906.436,TP,2.3
ETHUSDT,M15CONF,fixed,1742856599999,1742856600000,1742858399999,NORMAL,S,2076.6699999999996,2080.0800000000004,2068.826999999998,2068.826999999998,TP,2.3
ETHUSDT,M15CONF,fixed,1742974799999,1742974800000,1742975399999,NORMAL,L,2069.46,2067.25,2074.543,2067.25,SL,-1.0
ETHUSDT,M15CONF,fixed,1742986799999,1742986800000,1742987399999,NORMAL,L,2073.01,2071.47,2076.552000000001,2071.47,SL,-1.0
ETHUSDT,M15CONF,fixed,1743022199999,1743022200000,1743022499999,NORMAL,L,2013.35,2010.65,2019.5599999999995,2010.65,SL,-1.0
ETHUSDT,M15CONF,fixed,1743121499999,1743121500000,1743122699999,NORMAL,S,1996.99,1999.9,1990.2969999999998,1999.9,SL,-1.0
ETHUSDT,M15CONF,fixed,1743177599999,1743177600000,1743177899999,NORMAL,S,1870.5,1875.91,1858.0569999999998,1875.91,SL,-1.0
ETHUSDT,M15CONF,fixed,1744178399999,1744178400000,1744179299999,T-1,L,1458.35,1453.4,1469.7349999999994,1469.7349999999994,TP,2.3
ETHUSDT,M15CONF,fixed,1744801799999,1744801800000,1744802699999,NORMAL,L,1583.6,1578.99,1594.2029999999997,1578.99,SL,-1.0
ETHUSDT,M15CONF,fixed,1745822699999,1745822700000,1745823299999,NORMAL,L,1805.01,1801.18,1813.8189999999997,1801.18,SL,-1.0
ETHUSDT,M15CONF,fixed,1746092999999,1746093000000,1746093599999,T-1,L,1821.0,1819.07,1825.439,1819.07,SL,-1.0
ETHUSDT,M15CONF,fixed,1746604499999,1746604500000,1746605099999,T-1,L,1835.82,1833.52,1841.11,1841.11,TP,2.3
ETHUSDT,M15CONF,fixed,1747011899999,1747011900000,1747012799999,T-1,L,2535.7900000000004,2527.2599999999998,2555.409000000002,2527.2599999999998,SL,-1.0
ETHUSDT,M15CONF,fixed,1747773299999,1747773300000,1747775699999,NORMAL,L,2509.36,2501.4399999999996,2527.5760000000014,2501.4399999999996,SL,-1.0
ETHUSDT,M15CONF,fixed,1747798499999,1747798500000,1747799699999,NORMAL,L,2549.5,2542.99,2564.4730000000004,2542.99,SL,-1.0
ETHUSDT,M15CONF,fixed,1748321399999,1748321400000,1748321999999,NORMAL,L,2566.6000000000004,2560.0299999999997,2581.7110000000016,2560.0299999999997,SL,-1.0
ETHUSDT,M15CONF,fixed,1748432099999,1748432100000,1748435099999,NORMAL,L,2649.61,2642.0499999999997,2666.998000000001,2666.998000000001,TP,2.3
ETHUSDT,M15CONF,fixed,1748557199999,1748557200000,1748557799999,NORMAL,L,2663.13,2658.99,2672.652000000001,2658.99,SL,-1.0
ETHUSDT,M15CONF,fixed,1748857499999,1748857500000,1748858699999,NORMAL,S,2478.7099999999996,2482.9900000000002,2468.865999999998,2482.9900000000002,SL,-1.0
ETHUSDT,M15CONF,fixed,1748934299999,1748934300000,1748934599999,NORMAL,L,2618.9300000000003,2615.41,2627.026000000001,2615.41,SL,-1.0
ETHUSDT,M15CONF,fixed,1749064199999,1749064200000,1749066299999,T-1,S,2623.22,2630.6600000000003,2606.107999999999,2630.6600000000003,SL,-1.0
ETHUSDT,M15CONF,fixed,1749134099999,1749134100000,1749134399999,T-1,S,2574.6,2583.48,2554.1759999999995,2583.48,SL,-1.0
ETHUSDT,M15CONF,fixed,1750826399999,1750826400000,1750827899999,NORMAL,S,2432.1099999999997,2437.48,2419.758999999999,2437.48,SL,-1.0
ETHUSDT,M15CONF,fixed,1750881599999,1750881600000,1750883099999,NORMAL,L,2431.92,2426.99,2443.259000000001,2426.99,SL,-1.0
ETHUSDT,M15CONF,fixed,1751885999999,1751886000000,1751886299999,NORMAL,S,2557.1099999999997,2560.6000000000004,2549.0829999999983,2560.6000000000004,SL,-1.0
ETHUSDT,M15CONF,fixed,1752114299999,1752114300000,1752114899999,NORMAL,L,2788.55,2782.6299999999997,2802.1660000000015,2782.6299999999997,SL,-1.0
ETHUSDT,M15CONF,fixed,1752140399999,1752140400000,1752142199999,NORMAL,S,2779.99,2783.3,2772.376999999999,2772.376999999999,TP,2.3
ETHUSDT,M15CONF,fixed,1752150299999,1752150300000,1752150599999,NORMAL,S,2768.58,2771.4300000000003,2762.024999999999,2771.4300000000003,SL,-1.0
ETHUSDT,M15CONF,fixed,1753116599999,1753116600000,1753117799999,NORMAL,S,3756.5899999999997,3779.82,3703.1609999999987,3779.82,SL,-1.0
ETHUSDT,M15CONF,fixed,1753127099999,1753127100000,1753128599999,NORMAL,S,3730.43,3741.11,3705.865999999999,3741.11,SL,-1.0
ETHUSDT,M15CONF,fixed,1753159799999,1753159800000,1753161899999,NORMAL,S,3678.9599999999996,3693.63,3645.2189999999982,3693.63,SL,-1.0
ETHUSDT,M15CONF,fixed,1753310699999,1753310700000,1753311599999,NORMAL,L,3613.9500000000003,3606.4599999999996,3631.177000000002,3606.4599999999996,SL,-1.0
ETHUSDT,M15CONF,fixed,1754494499999,1754494500000,1754502599999,NORMAL,L,3641.78,3626.2,3677.614000000001,3677.614000000001,TP,2.3
ETHUSDT,M15CONF,fixed,1754855399999,1754855400000,1754856299999,T-1,L,4256.610000000001,4246.34,4280.231000000002,4246.34,SL,-1.0
ETHUSDT,M15CONF,fixed,1754922599999,1754922600000,1754923799999,T-1,L,4290.820000000001,4269.32,4340.270000000002,4269.32,SL,-1.0
ETHUSDT,M15CONF,fixed,1754927999999,1754928000000,1754930699999,T-1,L,4331.51,4313.51,4372.91,4313.51,SL,-1.0
ETHUSDT,M15CONF,fixed,1755450599999,1755450600000,1755452099999,NORMAL,S,4513.469999999999,4524.25,4488.675999999998,4524.25,SL,-1.0
ETHUSDT,M15CONF,fixed,1755497999999,1755498000000,1755506099999,NORMAL,S,4263.98,4284.8,4216.093999999998,4284.8,SL,-1.0
ETHUSDT,M15CONF,fixed,1755621599999,1755621600000,1755626399999,NORMAL,S,4157.99,4184.51,4096.993999999999,4184.51,SL,-1.0
ETHUSDT,M15CONF,fixed,1755735599999,1755735600000,1755736499999,NORMAL,S,4306.0,4321.96,4269.2919999999995,4321.96,SL,-1.0
ETHUSDT,M15CONF,fixed,1756143899999,1756143900000,1756144499999,NORMAL,S,4572.59,4591.030000000001,4530.177999999999,4591.030000000001,SL,-1.0
ETHUSDT,M15CONF,fixed,1756979999999,1756980000000,1756980899999,T-1,L,4393.45,4385.98,4410.631,4410.631,TP,2.3
ETHUSDT,M15CONF,fixed,1757471099999,1757471100000,1757473499999,T-1,L,4318.89,4311.71,4335.404000000001,4311.71,SL,-1.0
ETHUSDT,M15CONF,fixed,1757489099999,1757489100000,1757495399999,T-1,L,4321.71,4315.79,4335.326,4315.79,SL,-1.0
ETHUSDT,M15CONF,fixed,1757654399999,1757654400000,1757656199999,T+1,L,4523.650000000001,4514.4,4544.925000000003,4544.925000000003,TP,2.3
ETHUSDT,M15CONF,fixed,1757696399999,1757696400000,1757696699999,T+1,L,4574.77,4566.28,4594.297000000002,4566.28,SL,-1.0
ETHUSDT,M15CONF,fixed,1758061499999,1758061500000,1758061799999,T-1,L,4511.96,4505.87,4525.967000000001,4505.87,SL,-1.0
ETHUSDT,M15CONF,fixed,1758570299999,1758570300000,1758572099999,NORMAL,S,4137.96,4147.45,4116.133000000001,4147.45,SL,-1.0
ETHUSDT,M15CONF,fixed,1758905999999,1758906000000,1758906599999,NORMAL,L,3990.9900000000002,3980.99,4013.990000000001,3980.99,SL,-1.0
ETHUSDT,M15CONF,fixed,1759261499999,1759261500000,1759262099999,NORMAL,L,4136.67,4123.66,4166.593000000001,4166.593000000001,TP,2.3
ETHUSDT,M15CONF,fixed,1759427399999,1759427400000,1759427699999,NORMAL,L,4474.360000000001,4464.99,4495.911000000003,4464.99,SL,-1.0
ETHUSDT,M15CONF,fixed,1759470299999,1759470300000,1759470899999,NORMAL,S,4470.33,4475.610000000001,4458.185999999999,4475.610000000001,SL,-1.0
ETHUSDT,M15CONF,fixed,1759475999999,1759476000000,1759479599999,NORMAL,S,4456.55,4466.21,4434.332,4434.332,TP,2.3
ETHUSDT,M15CONF,fixed,1759758599999,1759758600000,1759759799999,NORMAL,L,4612.66,4594.46,4654.5199999999995,4654.5199999999995,TP,2.3
ETHUSDT,M15CONF,fixed,1760382899999,1760382900000,1760389199999,NORMAL,L,4251.280000000001,4236.76,4284.676000000001,4284.676000000001,TP,2.3
ETHUSDT,M15CONF,fixed,1760408999999,1760409000000,1760411099999,NORMAL,S,4188.929999999999,4203.16,4156.200999999998,4156.200999999998,TP,2.3
ETHUSDT,M15CONF,fixed,1760500799999,1760500800000,1760501699999,NORMAL,S,4078.49,4083.86,4066.138999999999,4083.86,SL,-1.0
ETHUSDT,M15CONF,fixed,1760659499999,1760659500000,1760661599999,NORMAL,L,3896.01,3886.14,3918.711000000001,3918.711000000001,TP,2.3
ETHUSDT,M15CONF,fixed,1760918999999,1760919000000,1760919899999,NORMAL,S,3962.39,3971.82,3940.700999999999,3940.700999999999,TP,2.3
ETHUSDT,M15CONF,fixed,1761200099999,1761200100000,1761200399999,T-1,L,3853.01,3845.81,3869.5700000000006,3869.5700000000006,TP,2.3
ETHUSDT,M15CONF,fixed,1761712199999,1761712200000,1761715199999,T-1,L,4009.32,4005.0899999999997,4019.0490000000013,4019.0490000000013,TP,2.3
ETHUSDT,M15CONF,fixed,1762286399999,1762286400000,1762287599999,NORMAL,S,3224.99,3255.69,3154.379999999999,3154.379999999999,TP,2.3
ETHUSDT,M15CONF,fixed,1762311299999,1762311300000,1762331099999,NORMAL,L,3313.4500000000003,3292.58,3361.451000000001,3292.58,SL,-1.0
ETHUSDT,M15CONF,fixed,1762838099999,1762838100000,1762838699999,NORMAL,S,3555.99,3567.59,3529.309999999999,3567.59,SL,-1.0
ETHUSDT,M15CONF,fixed,1763050799999,1763050800000,1763053499999,NORMAL,S,3366.99,3392.4300000000003,3308.4779999999987,3308.4779999999987,TP,2.3
ETHUSDT,M15CONF,fixed,1763064899999,1763064900000,1763066099999,NORMAL,S,3169.3199999999997,3186.75,3129.230999999999,3186.75,SL,-1.0
ETHUSDT,M15CONF,fixed,1763363999999,1763364000000,1763364599999,NORMAL,L,3203.4100000000003,3192.31,3228.940000000001,3192.31,SL,-1.0
ETHUSDT,M15CONF,fixed,1764696899999,1764696900000,1764697199999,NORMAL,L,3029.7000000000003,3022.0,3047.4100000000008,3022.0,SL,-1.0
ETHUSDT,M15CONF,fixed,1764736499999,1764736500000,1764741899999,NORMAL,L,3049.9100000000003,3041.2999999999997,3069.7130000000016,3069.7130000000016,TP,2.3
ETHUSDT,M15CONF,fixed,1764925799999,1764925800000,1764926399999,NORMAL,S,3144.02,3151.6000000000004,3126.5859999999993,3126.5859999999993,TP,2.3
ETHUSDT,M15CONF,fixed,1765790099999,1765790100000,1765792499999,T-1,L,3144.6000000000004,3138.7099999999996,3158.147000000002,3158.147000000002,TP,2.3
ETHUSDT,M15CONF,fixed,1766961599999,1766961600000,1766962199999,NORMAL,L,2941.57,2937.9799999999996,2949.8270000000016,2949.8270000000016,TP,2.3
ETHUSDT,M15CONF,fixed,1766968199999,1766968200000,1766968499999,NORMAL,L,2957.4500000000003,2952.74,2968.2830000000013,2968.2830000000013,TP,2.3
ETHUSDT,M15CONF,fixed,1767230099999,1767230100000,1767230699999,NORMAL,L,2985.78,2982.1899999999996,2994.0370000000016,2982.1899999999996,SL,-1.0
ETHUSDT,M15CONF,fixed,1767347099999,1767347100000,1767348599999,NORMAL,L,3043.71,3037.04,3059.0510000000004,3059.0510000000004,TP,2.3
ETHUSDT,M15CONF,fixed,1767592199999,1767592200000,1767594899999,NORMAL,S,3151.99,3157.0600000000004,3140.3289999999984,3140.3289999999984,TP,2.3
ETHUSDT,M15CONF,fixed,1767608699999,1767608700000,1767609599999,NORMAL,L,3175.01,3169.99,3186.5560000000014,3169.99,SL,-1.0
ETHUSDT,M15CONF,fixed,1767619799999,1767619800000,1767620699999,NORMAL,S,3157.85,3161.01,3150.5819999999994,3150.5819999999994,TP,2.3
ETHUSDT,M15CONF,fixed,1768861799999,1768861800000,1768862999999,NORMAL,S,3204.95,3210.4700000000003,3192.253999999999,3192.253999999999,TP,2.3
ETHUSDT,M15CONF,fixed,1769024699999,1769024700000,1769026499999,NORMAL,L,3037.0200000000004,3020.0099999999998,3076.143000000002,3020.0099999999998,SL,-1.0
ETHUSDT,M15CONF,fixed,1769142599999,1769142600000,1769142899999,NORMAL,L,2973.0,2970.9799999999996,2977.646000000001,2977.646000000001,TP,2.3
ETHUSDT,M15CONF,fixed,1769365499999,1769365500000,1769366099999,NORMAL,S,2864.99,2874.67,2842.725999999999,2842.725999999999,TP,2.3
ETHUSDT,M15CONF,fixed,1769591699999,1769591700000,1769592299999,T-1,S,2988.77,2992.2700000000004,2980.719999999999,2992.2700000000004,SL,-1.0
ETHUSDT,M15CONF,fixed,1769712599999,1769712600000,1769715299999,T+1,S,2787.1899999999996,2802.8700000000003,2751.125999999998,2802.8700000000003,SL,-1.0
ETHUSDT,M15CONF,fixed,1770212399999,1770212400000,1770215699999,NORMAL,S,2214.2099999999996,2226.17,2186.7019999999984,2186.7019999999984,TP,2.3
ETHUSDT,M15CONF,fixed,1770263699999,1770263700000,1770265199999,NORMAL,S,2106.6299999999997,2117.5600000000004,2081.490999999998,2081.490999999998,TP,2.3
ETHUSDT,M15CONF,fixed,1770341699999,1770341700000,1770344699999,NORMAL,L,1909.36,1889.99,1953.9109999999996,1889.99,SL,-1.0
ETHUSDT,M15CONF,fixed,1771337099999,1771337100000,1771338299999,NORMAL,L,1993.91,1987.26,2009.2050000000004,1987.26,SL,-1.0
ETHUSDT,M15CONF,fixed,1771386599999,1771386600000,1771387499999,NORMAL,L,1997.93,1994.98,2004.7150000000001,1994.98,SL,-1.0
ETHUSDT,M15CONF,fixed,1771388399999,1771388400000,1771388699999,NORMAL,L,1998.73,1995.99,2005.032,1995.99,SL,-1.0
ETHUSDT,M15CONF,fixed,1771501499999,1771501500000,1771502099999,NORMAL,S,1955.99,1957.72,1952.011,1952.011,TP,2.3
ETHUSDT,M15CONF,fixed,1771534499999,1771534500000,1771534799999,NORMAL,L,1949.35,1946.58,1955.7209999999998,1946.58,SL,-1.0
ETHUSDT,M15CONF,fixed,1771547099999,1771547100000,1771547399999,NORMAL,L,1954.19,1950.99,1961.5500000000002,1961.5500000000002,TP,2.3
ETHUSDT,M15CONF,fixed,1772021399999,1772021400000,1772023199999,NORMAL,L,1927.53,1921.22,1942.043,1942.043,TP,2.3
ETHUSDT,M15CONF,fixed,1772081699999,1772081700000,1772081999999,NORMAL,L,2077.23,2073.74,2085.2570000000005,2073.74,SL,-1.0
ETHUSDT,M15CONF,fixed,1772100299999,1772100300000,1772100899999,NORMAL,L,2076.82,2073.0499999999997,2085.4910000000013,2073.0499999999997,SL,-1.0
ETHUSDT,M15CONF,fixed,1773844799999,1773844800000,1773845099999,T-1,S,2217.99,2223.6800000000003,2204.9029999999984,2204.9029999999984,TP,2.3
ETHUSDT,M15CONF,fixed,1774524299999,1774524300000,1774525499999,NORMAL,S,2066.1299999999997,2072.2400000000002,2052.0769999999984,2072.2400000000002,SL,-1.0
ETHUSDT,M15CONF,fixed,1774962899999,1774962900000,1774963499999,NORMAL,L,2059.76,2055.7599999999998,2068.9600000000014,2055.7599999999998,SL,-1.0
ETHUSDT,M15CONF,fixed,1774964399999,1774964400000,1774965899999,NORMAL,L,2066.51,2058.1,2085.853000000001,2085.853000000001,TP,2.3
ETHUSDT,M15CONF,fixed,1775131499999,1775131500000,1775136599999,T-1,S,2026.8,2032.4,2013.9199999999996,2032.4,SL,-1.0
ETHUSDT,M15CONF,fixed,1775141699999,1775141700000,1775143499999,T-1,L,2063.51,2055.18,2082.6690000000012,2055.18,SL,-1.0
ETHUSDT,M15CONF,fixed,1775731199999,1775731200000,1775732099999,T-1,L,2192.1200000000003,2189.6299999999997,2197.847000000002,2189.6299999999997,SL,-1.0
ETHUSDT,M15CONF,fixed,1776166199999,1776166200000,1776166799999,NORMAL,S,2367.3199999999997,2371.98,2356.601999999999,2371.98,SL,-1.0
ETHUSDT,M15CONF,fixed,1776188099999,1776188100000,1776189599999,NORMAL,S,2325.2599999999998,2336.2000000000003,2300.0979999999986,2336.2000000000003,SL,-1.0
ETHUSDT,M15CONF,fixed,1777233299999,1777233300000,1777233899999,NORMAL,L,2368.8300000000004,2364.9799999999996,2377.685000000002,2364.9799999999996,SL,-1.0
ETHUSDT,M15CONF,fixed,1777869299999,1777869300000,1777869599999,NORMAL,L,2392.63,2389.27,2400.358,2389.27,SL,-1.0
ETHUSDT,M15CONF,fixed,1778000099999,1778000100000,1778000699999,NORMAL,S,2363.56,2368.48,2352.2439999999997,2368.48,SL,-1.0
ETHUSDT,M15CONF,fixed,1778090399999,1778090400000,1778091299999,T-1,S,2348.08,2351.86,2339.3859999999995,2339.3859999999995,TP,2.3
ETHUSDT,M15CONF,fixed,1778643899999,1778643900000,1778645999999,T+1,L,2302.3,2298.4399999999996,2311.1780000000017,2298.4399999999996,SL,-1.0
ETHUSDT,M15CONF,fixed,1778646599999,1778646600000,1778646899999,T+1,L,2300.46,2299.35,2303.0130000000004,2303.0130000000004,TP,2.3
ETHUSDT,M15CONF,fixed,1778687699999,1778687700000,1778689499999,T+1,S,2242.66,2249.1400000000003,2227.755999999999,2249.1400000000003,SL,-1.0
ETHUSDT,M15CONF,fixed,1779277799999,1779277800000,1779278399999,NORMAL,S,2124.9399999999996,2127.15,2119.8569999999986,2127.15,SL,-1.0
ETHUSDT,M15CONF,fixed,1779454199999,1779454200000,1779455399999,NORMAL,L,2133.4300000000003,2131.45,2137.9840000000013,2131.45,SL,-1.0
ETHUSDT,M15CONF,fixed,1779701099999,1779701100000,1779701699999,NORMAL,L,2118.3500000000004,2116.3399999999997,2122.973000000002,2122.973000000002,TP,2.3
ETHUSDT,M15CONF,fixed,1779741599999,1779741600000,1779742799999,NORMAL,S,2113.27,2116.3300000000004,2106.231999999999,2106.231999999999,TP,2.3
ETHUSDT,M15CONF,fixed,1779905099999,1779905100000,1779907499999,NORMAL,S,2047.77,2053.71,2034.108,2053.71,SL,-1.0
ETHUSDT,M15CONF,fixed,1780035599999,1780035600000,1780036499999,NORMAL,L,2016.3799999999999,2014.32,2021.1179999999997,2014.32,SL,-1.0
ETHUSDT,M15CONF,fixed,1780037399999,1780037400000,1780040099999,NORMAL,L,2015.34,2013.65,2019.2269999999994,2013.65,SL,-1.0
ETHUSDT,M15CONF,fixed,1780295099999,1780295100000,1780300199999,NORMAL,S,1985.76,1990.83,1974.0990000000002,1974.0990000000002,TP,2.3
ETHUSDT,M15CONF,fixed,1780365299999,1780365300000,1780365899999,NORMAL,S,1982.29,1985.9,1973.9869999999996,1973.9869999999996,TP,2.3
ETHUSDT,M15CONF,fixed,1780538099999,1780538100000,1780538699999,T-1,S,1755.86,1772.42,1717.7719999999995,1717.7719999999995,TP,2.3
ETHUSDT,M15CONF,fixed,1781712899999,1781712900000,1781713799999,T-1,L,1775.36,1770.04,1787.5959999999998,1787.5959999999998,TP,2.3
ETHUSDT,M15CONF,fixed,1781863199999,1781863200000,1781863799999,T+1,S,1688.1,1690.04,1683.6379999999997,1690.04,SL,-1.0
ETHUSDT,M15CONF,fixed,1782201899999,1782201900000,1782202799999,NORMAL,S,1678.21,1683.89,1665.146,1665.146,TP,2.3
ETHUSDT,M15CONF,fixed,1782269999999,1782270000000,1782272099999,NORMAL,S,1662.67,1665.49,1656.1840000000002,1665.49,SL,-1.0
ETHUSDT,M15CONF,fixed,1782873599999,1782873600000,1782875999999,T-1,L,1587.87,1583.27,1598.4499999999996,1583.27,SL,-1.0
ETHUSDT,M15CONF,fixed,1783075199999,1783075200000,1783081199999,T+1,L,1741.59,1734.86,1757.069,1734.86,SL,-1.0
ETHUSDT,M15CONF,fixed,1784821499999,1784821500000,1784821799999,NORMAL,S,1889.85,1893.42,1881.6389999999994,1893.42,SL,-1.0
ETHUSDT,M15CONF,fixed,1785148799999,1785148800000,1785149999999,NORMAL,L,1968.97,1966.24,1975.249,1966.24,SL,-1.0
ETHUSDT,M15CONF,fixed,1785276299999,1785276300000,1785276899999,T-1,L,1925.99,1921.61,1936.0640000000003,1921.61,SL,-1.0
ETHUSDT,M15CONF,fixed,1785325499999,1785325500000,1785325799999,T-1,S,1910.82,1912.49,1906.9789999999998,1912.49,SL,-1.0
ETHUSDT,M15CONF,fixed,1785491099999,1785491100000,1785491699999,T+1,S,1882.09,1883.77,1878.2259999999999,1883.77,SL,-1.0
ETHUSDT,M15CONF,fixed,1785844199999,1785844200000,1785845099999,NORMAL,L,1873.53,1869.51,1882.7759999999998,1869.51,SL,-1.0
ETHUSDT,M15CONF,fixed,1786563599999,1786563600000,1786566899999,T+1,S,1881.53,1884.26,1875.251,1884.26,SL,-1.0
ETHUSDT,M15CONF,fixed,1786619999999,1786620000000,1786620899999,T+1,S,1879.02,1880.6,1875.3860000000002,1875.3860000000002,TP,2.3
ETHUSDT,COST06_M15,canonical,1737355199999,1737355200000,1737355799999,NORMAL,L,3323.3,3302.99,3370.0130000000013,3370.0130000000013,TP,2.3
ETHUSDT,COST06_M15,canonical,1738568099999,1738568100000,1738569599999,NORMAL,L,2572.57,2554.02,2615.2350000000006,2615.2350000000006,TP,2.3
ETHUSDT,COST06_M15,canonical,1753116599999,1753116600000,1753117799999,NORMAL,S,3756.5899999999997,3779.82,3703.1609999999987,3779.82,SL,-1.0
ETHUSDT,COST06_M15,canonical,1755621599999,1755621600000,1755624899999,NORMAL,S,4157.99,4184.51,4096.993999999999,4179.24,EMA,-0.8012820512820381
ETHUSDT,COST06_M15,canonical,1762286399999,1762286400000,1762287599999,NORMAL,S,3224.99,3255.69,3154.379999999999,3154.379999999999,TP,2.3
ETHUSDT,COST06_M15,canonical,1762311299999,1762311300000,1762321799999,NORMAL,L,3313.4500000000003,3292.58,3361.451000000001,3326.83,EMA,0.6411116435073998
ETHUSDT,COST06_M15,canonical,1763050799999,1763050800000,1763053499999,NORMAL,S,3366.99,3392.4300000000003,3308.4779999999987,3308.4779999999987,TP,2.3
ETHUSDT,COST06_M15,canonical,1770341699999,1770341700000,1770344699999,NORMAL,L,1909.36,1889.99,1953.9109999999996,1889.99,SL,-1.0
ETHUSDT,COST06_M15,canonical,1780538099999,1780538100000,1780538699999,T-1,S,1755.86,1772.42,1717.7719999999995,1717.7719999999995,TP,2.3
ETHUSDT,COST06_M15,fixed,1737355199999,1737355200000,1737355799999,NORMAL,L,3323.3,3302.99,3370.0130000000013,3370.0130000000013,TP,2.3
ETHUSDT,COST06_M15,fixed,1738568099999,1738568100000,1738569599999,NORMAL,L,2572.57,2554.02,2615.2350000000006,2615.2350000000006,TP,2.3
ETHUSDT,COST06_M15,fixed,1753116599999,1753116600000,1753117799999,NORMAL,S,3756.5899999999997,3779.82,3703.1609999999987,3779.82,SL,-1.0
ETHUSDT,COST06_M15,fixed,1755621599999,1755621600000,1755626399999,NORMAL,S,4157.99,4184.51,4096.993999999999,4184.51,SL,-1.0
ETHUSDT,COST06_M15,fixed,1762286399999,1762286400000,1762287599999,NORMAL,S,3224.99,3255.69,3154.379999999999,3154.379999999999,TP,2.3
ETHUSDT,COST06_M15,fixed,1762311299999,1762311300000,1762331099999,NORMAL,L,3313.4500000000003,3292.58,3361.451000000001,3292.58,SL,-1.0
ETHUSDT,COST06_M15,fixed,1763050799999,1763050800000,1763053499999,NORMAL,S,3366.99,3392.4300000000003,3308.4779999999987,3308.4779999999987,TP,2.3
ETHUSDT,COST06_M15,fixed,1770341699999,1770341700000,1770344699999,NORMAL,L,1909.36,1889.99,1953.9109999999996,1889.99,SL,-1.0
ETHUSDT,COST06_M15,fixed,1780538099999,1780538100000,1780538699999,T-1,S,1755.86,1772.42,1717.7719999999995,1717.7719999999995,TP,2.3
SOLUSDT,BASE,canonical,1735704299999,1735704300000,1735706099999,NORMAL,S,190.039,190.311,189.41339999999994,189.41339999999994,TP,2.3
SOLUSDT,BASE,canonical,1735759199999,1735759200000,1735760099999,NORMAL,L,192.391,191.879,193.5686,191.879,SL,-1.0
SOLUSDT,BASE,canonical,1735785599999,1735785600000,1735789199999,NORMAL,L,198.761,197.859,200.83559999999997,197.859,SL,-1.0
SOLUSDT,BASE,canonical,1735802699999,1735802700000,1735802999999,NORMAL,L,205.901,205.509,206.80260000000007,206.80260000000007,TP,2.3
SOLUSDT,BASE,canonical,1735904999999,1735905000000,1735905299999,NORMAL,L,213.201,212.489,214.83859999999996,214.83859999999996,TP,2.3
SOLUSDT,BASE,canonical,1736155799999,1736155800000,1736157299999,NORMAL,S,213.339,213.991,211.83939999999996,213.991,SL,-1.0
SOLUSDT,BASE,canonical,1736218799999,1736218800000,1736219399999,NORMAL,S,216.429,216.80100000000002,215.57339999999996,216.80100000000002,SL,-1.0
SOLUSDT,BASE,canonical,1736226899999,1736226900000,1736229599999,NORMAL,S,215.789,216.291,214.63439999999997,216.291,SL,-1.0
SOLUSDT,BASE,canonical,1736237699999,1736237700000,1736238599999,NORMAL,S,215.41899999999998,215.741,214.67839999999993,215.741,SL,-1.0
SOLUSDT,BASE,canonical,1736801399999,1736801400000,1736811899999,T-1,L,181.151,179.999,183.80060000000003,183.2,SESSION,1.7786458333332908
SOLUSDT,BASE,canonical,1736864999999,1736865000000,1736865299999,T-1,L,189.121,188.509,190.52860000000007,188.509,SL,-1.0
SOLUSDT,BASE,canonical,1737482099999,1737482100000,1737484499999,NORMAL,L,249.001,247.709,251.9726,251.9726,TP,2.3
SOLUSDT,BASE,canonical,1738154399999,1738154400000,1738156199999,T-1,S,229.219,230.08100000000002,227.23639999999995,227.23639999999995,TP,2.3
SOLUSDT,BASE,canonical,1738589399999,1738589400000,1738590299999,NORMAL,S,193.299,195.251,188.8094,195.251,SL,-1.0
SOLUSDT,BASE,canonical,1738808099999,1738808100000,1738811699999,T-1,L,200.591,199.609,202.8496,199.609,SL,-1.0
SOLUSDT,BASE,canonical,1738815599999,1738815600000,1738819199999,T-1,L,201.661,200.759,203.73560000000003,200.759,SL,-1.0
SOLUSDT,BASE,canonical,1739795999999,1739796000000,1739798399999,NORMAL,L,185.921,185.189,187.60459999999998,185.189,SL,-1.0
SOLUSDT,BASE,canonical,1739805899999,1739805900000,1739807399999,NORMAL,S,182.609,183.541,180.46540000000005,180.46540000000005,TP,2.3
SOLUSDT,BASE,canonical,1739985599999,1739985600000,1739986199999,NORMAL,L,172.201,171.769,173.19459999999995,171.769,SL,-1.0
SOLUSDT,BASE,canonical,1740023699999,1740023700000,1740024899999,NORMAL,L,172.621,172.249,173.47660000000005,173.47660000000005,TP,2.3
SOLUSDT,BASE,canonical,1740066299999,1740066300000,1740066899999,NORMAL,S,172.22899999999998,172.671,171.21239999999997,171.21239999999997,TP,2.3
SOLUSDT,BASE,canonical,1740515699999,1740515700000,1740517199999,NORMAL,L,145.651,144.13899999999998,149.12860000000006,144.13899999999998,SL,-1.0
SOLUSDT,BASE,canonical,1740635699999,1740635700000,1740638399999,NORMAL,L,139.761,139.249,140.9386,140.9386,TP,2.3
SOLUSDT,BASE,canonical,1741215299999,1741215300000,1741215599999,T-1,L,146.221,145.88899999999998,146.98460000000006,145.88899999999998,SL,-1.0
SOLUSDT,BASE,canonical,1741266299999,1741266300000,1741268999999,T-1,S,148.529,149.221,146.93739999999997,146.93739999999997,TP,2.3
SOLUSDT,BASE,canonical,1741683599999,1741683600000,1741683899999,T-1,L,124.131,123.87899999999999,124.71060000000003,124.71060000000003,TP,2.3
SOLUSDT,BASE,canonical,1742175599999,1742175600000,1742176199999,NORMAL,L,127.90100000000001,127.619,128.54960000000003,128.54960000000003,TP,2.3
SOLUSDT,BASE,canonical,1742192999999,1742193000000,1742193899999,NORMAL,S,127.09899999999999,127.501,126.17439999999995,127.501,SL,-1.0
SOLUSDT,BASE,canonical,1742338799999,1742338800000,1742341499999,T-1,L,125.191,124.87899999999999,125.90860000000004,125.1,SESSION,-0.29166666666668184
SOLUSDT,BASE,canonical,1742854199999,1742854200000,1742856899999,NORMAL,S,141.009,141.371,140.17639999999994,140.17639999999994,TP,2.3
SOLUSDT,BASE,canonical,1743009599999,1743009600000,1743015599999,NORMAL,S,138.509,139.071,137.21639999999996,137.21639999999996,TP,2.3
SOLUSDT,BASE,canonical,1743041099999,1743041100000,1743044099999,NORMAL,L,138.77100000000002,138.239,139.99460000000005,139.99460000000005,TP,2.3
SOLUSDT,BASE,canonical,1743103499999,1743103500000,1743105299999,NORMAL,L,139.321,138.97899999999998,140.10760000000002,138.97899999999998,SL,-1.0
SOLUSDT,BASE,canonical,1743476399999,1743476400000,1743478799999,NORMAL,L,126.241,125.829,127.18860000000001,125.829,SL,-1.0
SOLUSDT,BASE,canonical,1744365299999,1744365300000,1744365899999,T+1,L,118.101,117.809,118.7726,117.809,SL,-1.0
SOLUSDT,BASE,canonical,1744576799999,1744576800000,1744581599999,NORMAL,S,126.79899999999999,127.93100000000001,124.19539999999995,127.31,EMA,-0.45141342756183855
SOLUSDT,BASE,canonical,1744738499999,1744738500000,1744738799999,NORMAL,S,128.659,129.071,127.71139999999998,129.071,SL,-1.0
SOLUSDT,BASE,canonical,1745253899999,1745253900000,1745255099999,NORMAL,S,136.359,137.151,134.53740000000002,134.53740000000002,TP,2.3
SOLUSDT,BASE,canonical,1745363099999,1745363100000,1745363999999,NORMAL,L,150.061,149.029,152.43460000000005,149.029,SL,-1.0
SOLUSDT,BASE,canonical,1745597999999,1745598000000,1745599499999,NORMAL,S,151.549,152.221,150.00340000000003,152.221,SL,-1.0
SOLUSDT,BASE,canonical,1745795399999,1745795400000,1745795999999,NORMAL,S,147.97899999999998,148.351,147.12339999999995,148.351,SL,-1.0
SOLUSDT,BASE,canonical,1745847599999,1745847600000,1745847899999,NORMAL,S,148.439,149.05100000000002,147.03139999999993,149.05100000000002,SL,-1.0
SOLUSDT,BASE,canonical,1745848199999,1745848200000,1745848499999,NORMAL,S,148.489,149.041,147.2194,149.041,SL,-1.0
SOLUSDT,BASE,canonical,1745910299999,1745910300000,1745913299999,NORMAL,L,148.091,147.829,148.6936,148.6936,TP,2.3
SOLUSDT,BASE,canonical,1746034499999,1746034500000,1746034799999,T-1,L,143.441,143.049,144.3426,144.3426,TP,2.3
SOLUSDT,BASE,canonical,1746555599999,1746555600000,1746560099999,T-1,L,144.211,143.789,145.18160000000006,145.18160000000006,TP,2.3
SOLUSDT,BASE,canonical,1746576899999,1746576900000,1746577499999,T-1,L,147.191,146.689,148.34560000000002,148.34560000000002,TP,2.3
SOLUSDT,BASE,canonical,1747594199999,1747594200000,1747595099999,NORMAL,S,169.529,170.491,167.31639999999996,170.491,SL,-1.0
SOLUSDT,BASE,canonical,1747624499999,1747624500000,1747625099999,NORMAL,S,165.719,166.481,163.9664,166.481,SL,-1.0
SOLUSDT,BASE,canonical,1747724699999,1747724700000,1747728899999,NORMAL,S,167.88899999999998,168.421,166.66539999999995,166.66539999999995,TP,2.3
SOLUSDT,BASE,canonical,1747739099999,1747739100000,1747740899999,NORMAL,S,165.819,166.481,164.29639999999998,166.481,SL,-1.0
SOLUSDT,BASE,canonical,1748279399999,1748279400000,1748279999999,NORMAL,S,175.719,175.941,175.20839999999998,175.20839999999998,TP,2.3
SOLUSDT,BASE,canonical,1748469299999,1748469300000,1748469599999,NORMAL,L,171.481,171.239,172.03759999999997,171.239,SL,-1.0
SOLUSDT,BASE,canonical,1748814599999,1748814600000,1748816099999,NORMAL,L,156.791,156.559,157.3246,157.3246,TP,2.3
SOLUSDT,BASE,canonical,1748833799999,1748833800000,1748841299999,NORMAL,S,155.909,156.451,154.6624,155.99,EMA,-0.1494464944649761
SOLUSDT,BASE,canonical,1750251599999,1750251600000,1750253099999,T-1,S,144.879,145.33100000000002,143.83939999999993,143.83939999999993,TP,2.3
SOLUSDT,BASE,canonical,1750394399999,1750394400000,1750397999999,T+1,S,144.739,145.141,143.81440000000003,145.141,SL,-1.0
SOLUSDT,BASE,canonical,1750427999999,1750428000000,1750429799999,T+1,S,146.469,146.86100000000002,145.56739999999994,145.56739999999994,TP,2.3
SOLUSDT,BASE,canonical,1750614899999,1750614900000,1750616399999,NORMAL,L,130.55100000000002,129.969,131.88960000000006,129.969,SL,-1.0
SOLUSDT,BASE,canonical,1750708499999,1750708500000,1750716299999,NORMAL,L,139.891,138.869,142.24159999999998,142.24159999999998,TP,2.3
SOLUSDT,BASE,canonical,1750792199999,1750792200000,1750792799999,NORMAL,S,143.179,143.691,142.0014,143.691,SL,-1.0
SOLUSDT,BASE,canonical,1750930199999,1750930200000,1750932899999,NORMAL,S,143.829,144.091,143.2264,144.091,SL,-1.0
SOLUSDT,BASE,canonical,1750978499999,1750978500000,1750981499999,NORMAL,S,138.879,139.52100000000002,137.40239999999994,138.87,SESSION,0.014018691588762911
SOLUSDT,BASE,canonical,1751235299999,1751235300000,1751235599999,NORMAL,L,152.36100000000002,151.959,153.28560000000004,153.28560000000004,TP,2.3
SOLUSDT,BASE,canonical,1751259599999,1751259600000,1751260199999,NORMAL,S,150.879,151.27100000000002,149.97739999999993,151.27100000000002,SL,-1.0
SOLUSDT,BASE,canonical,1751260499999,1751260500000,1751262599999,NORMAL,S,150.879,151.151,150.25339999999994,151.151,SL,-1.0
SOLUSDT,BASE,canonical,1751467199999,1751467200000,1751467499999,T-1,L,149.921,149.309,151.3286,149.309,SL,-1.0
SOLUSDT,BASE,canonical,1751597099999,1751597100000,1751598899999,T+1,S,151.079,151.491,150.13139999999999,151.491,SL,-1.0
SOLUSDT,BASE,canonical,1751912999999,1751913000000,1751913599999,NORMAL,S,149.099,149.541,148.08239999999998,149.541,SL,-1.0
SOLUSDT,BASE,canonical,1752059399999,1752059400000,1752060299999,NORMAL,L,153.27100000000002,153.159,153.52860000000007,153.159,SL,-1.0
SOLUSDT,BASE,canonical,1752459899999,1752459900000,1752461399999,T-1,L,163.951,163.399,165.2206,165.2206,TP,2.3
SOLUSDT,BASE,canonical,1752601799999,1752601800000,1752604499999,T+1,L,162.681,162.059,164.11160000000004,162.059,SL,-1.0
SOLUSDT,BASE,canonical,1753137599999,1753137600000,1753138499999,NORMAL,L,196.821,196.589,197.3546,197.3546,TP,2.3
SOLUSDT,BASE,canonical,1753702499999,1753702500000,1753702799999,NORMAL,S,190.619,191.251,189.16539999999998,191.251,SL,-1.0
SOLUSDT,BASE,canonical,1754389499999,1754389500000,1754389799999,NORMAL,L,169.441,168.929,170.61860000000001,170.61860000000001,TP,2.3
SOLUSDT,BASE,canonical,1754403599999,1754403600000,1754414699999,NORMAL,S,164.499,165.701,161.7344,164.08,EMA,0.34858569051579313
SOLUSDT,BASE,canonical,1754489999999,1754490000000,1754490299999,NORMAL,L,165.33100000000002,164.47899999999998,167.2906000000001,164.47899999999998,SL,-1.0
SOLUSDT,BASE,canonical,1754504099999,1754504100000,1754504699999,NORMAL,L,169.751,169.299,170.7906,169.299,SL,-1.0
SOLUSDT,BASE,canonical,1754897699999,1754897700000,1754901599999,T-1,S,183.299,183.921,181.86840000000004,183.921,SL,-1.0
SOLUSDT,BASE,canonical,1755638999999,1755639000000,1755641099999,NORMAL,L,178.83100000000002,178.369,179.89360000000005,178.369,SL,-1.0
SOLUSDT,BASE,canonical,1755849899999,1755849900000,1755852899999,NORMAL,L,184.291,183.879,185.23860000000002,183.879,SL,-1.0
SOLUSDT,BASE,canonical,1755857399999,1755857400000,1755859199999,NORMAL,S,182.149,182.491,181.36239999999998,181.36239999999998,TP,2.3
SOLUSDT,BASE,canonical,1756187399999,1756187400000,1756187999999,NORMAL,L,189.371,189.059,190.08860000000004,189.059,SL,-1.0
SOLUSDT,BASE,canonical,1756226999999,1756227000000,1756230299999,NORMAL,L,192.86100000000002,192.22899999999998,194.3146000000001,192.22899999999998,SL,-1.0
SOLUSDT,BASE,canonical,1756316699999,1756316700000,1756321199999,NORMAL,L,209.86100000000002,208.819,212.25760000000008,208.819,SL,-1.0
SOLUSDT,BASE,canonical,1756324799999,1756324800000,1756325399999,NORMAL,S,206.22899999999998,207.171,204.06239999999997,204.06239999999997,TP,2.3
SOLUSDT,BASE,canonical,1756793099999,1756793100000,1756797299999,NORMAL,L,203.791,203.049,205.49759999999998,203.13,EMA,-0.8908355795148384
SOLUSDT,BASE,canonical,1756823699999,1756823700000,1756823999999,NORMAL,L,204.61100000000002,204.079,205.83460000000005,204.079,SL,-1.0
SOLUSDT,BASE,canonical,1756955099999,1756955100000,1756955999999,T-1,S,207.66899999999998,208.311,206.19239999999994,208.311,SL,-1.0
SOLUSDT,BASE,canonical,1757488499999,1757488500000,1757489399999,T-1,L,219.911,219.289,221.34160000000003,221.34160000000003,TP,2.3
SOLUSDT,BASE,canonical,1757676299999,1757676300000,1757677199999,T+1,L,239.30100000000002,238.749,240.57060000000007,238.749,SL,-1.0
SOLUSDT,BASE,canonical,1758042899999,1758042900000,1758044399999,T-1,L,239.55100000000002,238.859,241.14260000000004,238.859,SL,-1.0
SOLUSDT,BASE,canonical,1758902999999,1758903000000,1758903899999,NORMAL,L,197.52100000000002,196.789,199.20460000000008,199.20460000000008,TP,2.3
SOLUSDT,BASE,canonical,1759081199999,1759081200000,1759086599999,NORMAL,L,205.121,204.499,206.55160000000004,206.55160000000004,TP,2.3
SOLUSDT,BASE,canonical,1759142399999,1759142400000,1759148399999,NORMAL,S,206.859,207.481,205.42840000000004,207.16,EMA,-0.48392282958198496
SOLUSDT,BASE,canonical,1759220399999,1759220400000,1759221299999,NORMAL,S,208.47899999999998,208.791,207.76139999999995,207.76139999999995,TP,2.3
SOLUSDT,BASE,canonical,1759306499999,1759306500000,1759306799999,NORMAL,L,210.491,209.939,211.76060000000007,209.939,SL,-1.0
SOLUSDT,BASE,canonical,1759694099999,1759694100000,1759694999999,NORMAL,S,226.769,227.421,225.26940000000005,227.421,SL,-1.0
SOLUSDT,BASE,canonical,1759731899999,1759731900000,1759736099999,NORMAL,L,233.731,232.91899999999998,235.59860000000003,232.91899999999998,SL,-1.0
SOLUSDT,BASE,canonical,1759753499999,1759753500000,1759754099999,NORMAL,L,234.321,233.789,235.54460000000003,233.789,SL,-1.0
SOLUSDT,BASE,canonical,1759850699999,1759850700000,1759851599999,NORMAL,S,223.94899999999998,224.571,222.51839999999996,222.51839999999996,TP,2.3
SOLUSDT,BASE,canonical,1759997699999,1759997700000,1759998599999,NORMAL,S,223.029,223.77100000000002,221.32239999999996,221.32239999999996,TP,2.3
SOLUSDT,BASE,canonical,1760020499999,1760020500000,1760021099999,NORMAL,S,219.739,220.991,216.8594,220.991,SL,-1.0
SOLUSDT,BASE,canonical,1760618999999,1760619000000,1760619899999,NORMAL,L,197.411,196.819,198.77260000000004,196.819,SL,-1.0
SOLUSDT,BASE,canonical,1760661599999,1760661600000,1760662199999,NORMAL,L,186.161,185.72899999999998,187.15460000000004,185.72899999999998,SL,-1.0
SOLUSDT,BASE,canonical,1761049199999,1761049200000,1761052199999,NORMAL,L,186.731,186.079,188.23059999999995,186.079,SL,-1.0
SOLUSDT,BASE,canonical,1761164399999,1761164400000,1761165599999,T-1,S,179.16899999999998,180.091,177.04839999999993,180.091,SL,-1.0
SOLUSDT,BASE,canonical,1761186899999,1761186900000,1761187799999,T-1,L,182.151,181.829,182.8916,181.829,SL,-1.0
SOLUSDT,BASE,canonical,1761715199999,1761715200000,1761718799999,T-1,L,195.291,194.779,196.4686,194.779,SL,-1.0
SOLUSDT,BASE,canonical,1761742799999,1761742800000,1761743999999,T-1,L,199.821,199.259,201.11360000000002,201.11360000000002,TP,2.3
SOLUSDT,BASE,canonical,1761851699999,1761851700000,1761853199999,T+1,S,180.969,181.52100000000002,179.69939999999994,179.69939999999994,TP,2.3
SOLUSDT,BASE,canonical,1761872999999,1761873000000,1761875099999,T+1,L,186.481,185.63899999999998,188.41760000000002,185.63899999999998,SL,-1.0
SOLUSDT,BASE,canonical,1762137299999,1762137300000,1762139699999,NORMAL,S,183.519,184.401,181.4904,181.4904,TP,2.3
SOLUSDT,BASE,canonical,1762152299999,1762152300000,1762152899999,NORMAL,S,175.069,175.731,173.54639999999998,175.731,SL,-1.0
SOLUSDT,BASE,canonical,1762274999999,1762275000000,1762276499999,NORMAL,S,158.149,159.591,154.83239999999998,154.83239999999998,TP,2.3
SOLUSDT,BASE,canonical,1762311599999,1762311600000,1762316999999,NORMAL,L,156.221,154.499,160.18160000000003,155.76,EMA,-0.2677119628339201
SOLUSDT,BASE,canonical,1762890899999,1762890900000,1762891799999,NORMAL,S,157.819,158.151,157.05539999999993,157.05539999999993,TP,2.3
SOLUSDT,BASE,canonical,1763042999999,1763043000000,1763045699999,NORMAL,S,153.259,154.001,151.55239999999995,154.001,SL,-1.0
SOLUSDT,BASE,canonical,1763050799999,1763050800000,1763054099999,NORMAL,S,152.079,153.001,149.9584,149.9584,TP,2.3
SOLUSDT,BASE,canonical,1763395499999,1763395500000,1763401499999,NORMAL,S,135.63899999999998,137.11100000000002,132.25339999999989,132.25339999999989,TP,2.3
SOLUSDT,BASE,canonical,1763709599999,1763709600000,1763710499999,T+1,S,129.679,130.501,127.7884,127.7884,TP,2.3
SOLUSDT,BASE,canonical,1763999999999,1764000000000,1764001799999,NORMAL,L,131.941,131.469,133.02660000000003,133.02660000000003,TP,2.3
SOLUSDT,BASE,canonical,1764159299999,1764159300000,1764163499999,NORMAL,S,135.749,136.251,134.59439999999998,136.251,SL,-1.0
SOLUSDT,BASE,canonical,1764558599999,1764558600000,1764571199999,NORMAL,S,126.619,127.40100000000001,124.82039999999998,126.64,EMA,-0.026854219948849754
SOLUSDT,BASE,canonical,1764731699999,1764731700000,1764735899999,NORMAL,L,140.131,139.849,140.77960000000002,140.77960000000002,TP,2.3
SOLUSDT,BASE,canonical,1764869999999,1764870000000,1764871199999,NORMAL,S,141.249,142.061,139.38139999999996,142.061,SL,-1.0
SOLUSDT,BASE,canonical,1764908999999,1764909000000,1764909299999,NORMAL,S,138.589,138.791,138.1244,138.1244,TP,2.3
SOLUSDT,BASE,canonical,1764919499999,1764919500000,1764920399999,NORMAL,L,140.27100000000002,139.999,140.89660000000006,139.999,SL,-1.0
SOLUSDT,BASE,canonical,1765164899999,1765164900000,1765165199999,NORMAL,L,134.471,134.299,134.8666,134.299,SL,-1.0
SOLUSDT,BASE,canonical,1765476899999,1765476900000,1765478699999,T+1,L,133.501,132.72899999999998,135.27660000000006,135.27660000000006,TP,2.3
SOLUSDT,BASE,canonical,1765763399999,1765763400000,1765764299999,T-1,L,130.971,130.609,131.8036,131.8036,TP,2.3
SOLUSDT,BASE,canonical,1766337299999,1766337300000,1766338199999,NORMAL,L,126.161,125.869,126.8326,125.869,SL,-1.0
SOLUSDT,BASE,canonical,1766508899999,1766508900000,1766509499999,NORMAL,L,124.781,124.369,125.72860000000001,124.369,SL,-1.0
SOLUSDT,BASE,canonical,1766753999999,1766754000000,1766754599999,NORMAL,L,123.95100000000001,123.889,124.09360000000004,124.09360000000004,TP,2.3
SOLUSDT,BASE,canonical,1767130799999,1767130800000,1767131399999,NORMAL,S,123.579,123.861,122.93039999999996,123.861,SL,-1.0
SOLUSDT,BASE,canonical,1767211799999,1767211800000,1767212999999,NORMAL,S,124.09899999999999,124.301,123.63439999999996,124.301,SL,-1.0
SOLUSDT,BASE,canonical,1767229499999,1767229500000,1767230399999,NORMAL,L,125.251,125.059,125.69260000000003,125.69260000000003,TP,2.3
SOLUSDT,BASE,canonical,1767251999999,1767252000000,1767253799999,NORMAL,S,124.70899999999999,124.851,124.38239999999996,124.38239999999996,TP,2.3
SOLUSDT,BASE,canonical,1767296999999,1767297000000,1767299699999,NORMAL,L,125.691,125.509,126.1096,125.509,SL,-1.0
SOLUSDT,BASE,canonical,1767627899999,1767627900000,1767629399999,NORMAL,L,136.431,135.599,138.34460000000007,135.599,SL,-1.0
SOLUSDT,BASE,canonical,1767638699999,1767638700000,1767640799999,NORMAL,L,136.691,136.22899999999998,137.75360000000003,137.75360000000003,TP,2.3
SOLUSDT,BASE,canonical,1768854299999,1768854300000,1768855799999,NORMAL,L,134.911,134.649,135.5136,134.649,SL,-1.0
SOLUSDT,BASE,canonical,1768862399999,1768862400000,1768863299999,NORMAL,S,133.219,133.491,132.59339999999995,133.491,SL,-1.0
SOLUSDT,BASE,canonical,1769015399999,1769015400000,1769017499999,NORMAL,S,126.119,126.741,124.6884,126.741,SL,-1.0
SOLUSDT,BASE,canonical,1769070599999,1769070600000,1769071199999,NORMAL,S,129.459,129.661,128.9944,129.661,SL,-1.0
SOLUSDT,BASE,canonical,1769365799999,1769365800000,1769367899999,NORMAL,S,121.23899999999999,121.741,120.08439999999997,121.741,SL,-1.0
SOLUSDT,BASE,canonical,1769771699999,1769771700000,1769772299999,T+1,L,116.071,115.889,116.4896,115.889,SL,-1.0
SOLUSDT,BASE,canonical,1770069899999,1770069900000,1770070799999,NORMAL,L,105.01100000000001,104.749,105.61360000000005,104.749,SL,-1.0
SOLUSDT,BASE,canonical,1770113699999,1770113700000,1770114599999,NORMAL,S,102.729,103.051,101.9884,103.051,SL,-1.0
SOLUSDT,BASE,canonical,1770159899999,1770159900000,1770162299999,NORMAL,S,97.719,98.531,95.85139999999997,97.94,SESSION,-0.2721674876847296
SOLUSDT,BASE,canonical,1770322799999,1770322800000,1770323399999,NORMAL,S,80.219,81.271,77.79939999999998,77.79939999999998,TP,2.3
SOLUSDT,BASE,canonical,1770705899999,1770705900000,1770706499999,T-1,S,85.029,85.351,84.2884,84.2884,TP,2.3
SOLUSDT,BASE,canonical,1771266299999,1771266300000,1771267199999,NORMAL,L,84.911,84.619,85.5826,84.619,SL,-1.0
SOLUSDT,BASE,canonical,1771424999999,1771425000000,1771425299999,NORMAL,S,82.149,82.531,81.2704,82.531,SL,-1.0
SOLUSDT,BASE,canonical,1771593299999,1771593300000,1771594499999,NORMAL,S,83.119,83.34100000000001,82.60839999999997,82.60839999999997,TP,2.3
SOLUSDT,BASE,canonical,1771867799999,1771867800000,1771871399999,NORMAL,S,78.189,78.691,77.03439999999998,78.48,EMA,-0.5796812749004093
SOLUSDT,BASE,canonical,1772210399999,1772210400000,1772215499999,NORMAL,S,81.719,82.18100000000001,80.65639999999995,81.68,EMA,0.08441558441555366
SOLUSDT,BASE,canonical,1773249899999,1773249900000,1773250799999,T+1,L,87.271,86.869,88.1956,86.869,SL,-1.0
SOLUSDT,BASE,canonical,1773610199999,1773610200000,1773610499999,NORMAL,L,88.941,88.759,89.3596,89.3596,TP,2.3
SOLUSDT,BASE,canonical,1774577399999,1774577400000,1774577699999,NORMAL,L,86.941,86.84899999999999,87.15260000000004,86.84899999999999,SL,-1.0
SOLUSDT,BASE,canonical,1774833299999,1774833300000,1774835399999,NORMAL,L,82.311,82.09899999999999,82.79860000000005,82.79860000000005,TP,2.3
SOLUSDT,BASE,canonical,1775549999999,1775550000000,1775551199999,NORMAL,L,80.131,79.95899999999999,80.52660000000003,79.95899999999999,SL,-1.0
SOLUSDT,BASE,canonical,1776141899999,1776141900000,1776142199999,NORMAL,S,85.62899999999999,85.73100000000001,85.39439999999995,85.73100000000001,SL,-1.0
SOLUSDT,BASE,canonical,1776281699999,1776281700000,1776283799999,NORMAL,L,85.381,85.119,85.9836,85.119,SL,-1.0
SOLUSDT,BASE,canonical,1776364499999,1776364500000,1776365399999,NORMAL,L,87.551,87.029,88.75160000000001,88.75160000000001,TP,2.3
SOLUSDT,BASE,canonical,1776405599999,1776405600000,1776406199999,NORMAL,S,87.339,87.521,86.9204,87.521,SL,-1.0
SOLUSDT,BASE,canonical,1776657299999,1776657300000,1776658799999,NORMAL,L,84.561,84.359,85.02560000000004,84.359,SL,-1.0
SOLUSDT,BASE,canonical,1776782399999,1776782400000,1776782999999,NORMAL,L,86.59100000000001,86.229,87.42360000000002,86.229,SL,-1.0
SOLUSDT,BASE,canonical,1777405499999,1777405500000,1777408499999,T-1,L,83.921,83.779,84.24760000000003,83.779,SL,-1.0
SOLUSDT,BASE,canonical,1777470299999,1777470300000,1777470899999,T-1,S,83.749,83.90100000000001,83.39939999999996,83.90100000000001,SL,-1.0
SOLUSDT,BASE,canonical,1777596299999,1777596300000,1777596599999,T+1,L,83.29100000000001,83.179,83.54860000000004,83.179,SL,-1.0
SOLUSDT,BASE,canonical,1777868999999,1777869000000,1777871699999,NORMAL,L,85.68100000000001,85.529,86.03060000000005,85.529,SL,-1.0
SOLUSDT,BASE,canonical,1778162399999,1778162400000,1778163299999,T-1,S,88.54899999999999,88.741,88.10739999999997,88.741,SL,-1.0
SOLUSDT,BASE,canonical,1779059099999,1779059100000,1779061199999,NORMAL,S,85.999,86.191,85.55739999999997,85.55739999999997,TP,2.3
SOLUSDT,BASE,canonical,1779172499999,1779172500000,1779173699999,NORMAL,L,85.37100000000001,85.229,85.69760000000004,85.229,SL,-1.0
SOLUSDT,BASE,canonical,1779323399999,1779323400000,1779324599999,NORMAL,L,86.331,86.20899999999999,86.61160000000004,86.61160000000004,TP,2.3
SOLUSDT,BASE,canonical,1779337499999,1779337500000,1779338099999,NORMAL,L,86.971,86.829,87.29760000000003,86.829,SL,-1.0
SOLUSDT,BASE,canonical,1779816299999,1779816300000,1779819899999,NORMAL,S,83.559,83.921,82.72639999999998,83.921,SL,-1.0
SOLUSDT,BASE,canonical,1780052699999,1780052700000,1780052999999,NORMAL,S,82.029,82.12100000000001,81.81739999999996,82.12100000000001,SL,-1.0
SOLUSDT,BASE,canonical,1780264799999,1780264800000,1780265099999,NORMAL,L,82.281,82.189,82.49260000000004,82.189,SL,-1.0
SOLUSDT,BASE,canonical,1780279199999,1780279200000,1780279799999,NORMAL,S,81.699,81.98100000000001,81.05039999999997,81.98100000000001,SL,-1.0
SOLUSDT,BASE,canonical,1780294799999,1780294800000,1780296299999,NORMAL,S,81.509,81.631,81.2284,81.2284,TP,2.3
SOLUSDT,BASE,canonical,1780321799999,1780321800000,1780322399999,NORMAL,S,80.04899999999999,80.331,79.40039999999996,79.40039999999996,TP,2.3
SOLUSDT,BASE,canonical,1780365299999,1780365300000,1780366199999,NORMAL,S,80.139,80.34100000000001,79.67439999999996,79.67439999999996,TP,2.3
SOLUSDT,BASE,canonical,1780414199999,1780414200000,1780416899999,NORMAL,S,76.179,76.821,74.70240000000001,76.821,SL,-1.0
SOLUSDT,BASE,canonical,1781021099999,1781021100000,1781024699999,T-1,S,64.09899999999999,64.461,63.26639999999997,64.461,SL,-1.0
SOLUSDT,BASE,canonical,1781840099999,1781840100000,1781843699999,T+1,S,69.029,69.301,68.40339999999998,68.40339999999998,TP,2.3
SOLUSDT,BASE,canonical,1782908999999,1782909000000,1782911099999,T-1,S,74.509,74.65100000000001,74.18239999999997,74.65100000000001,SL,-1.0
SOLUSDT,BASE,canonical,1783330499999,1783330500000,1783333499999,NORMAL,S,80.199,80.381,79.7804,80.381,SL,-1.0
SOLUSDT,BASE,canonical,1783439399999,1783439400000,1783440299999,NORMAL,L,82.301,81.949,83.1106,81.949,SL,-1.0
SOLUSDT,BASE,canonical,1783492199999,1783492200000,1783494599999,NORMAL,S,78.189,78.351,77.81639999999997,77.81639999999997,TP,2.3
SOLUSDT,BASE,canonical,1783614299999,1783614300000,1783614899999,NORMAL,S,77.389,77.54100000000001,77.03939999999996,77.54100000000001,SL,-1.0
SOLUSDT,BASE,canonical,1784558999999,1784559000000,1784559899999,NORMAL,S,76.059,76.421,75.22639999999998,76.421,SL,-1.0
SOLUSDT,BASE,canonical,1784897999999,1784898000000,1784898599999,NORMAL,S,74.759,74.93100000000001,74.36339999999997,74.36339999999997,TP,2.3
SOLUSDT,BASE,canonical,1785298799999,1785298800000,1785299099999,T-1,S,72.839,73.061,72.32839999999997,73.061,SL,-1.0
SOLUSDT,BASE,canonical,1785780599999,1785780600000,1785787499999,NORMAL,L,74.001,73.76899999999999,74.53460000000004,73.93,EMA,-0.306034482758594
SOLUSDT,BASE,canonical,1786598999999,1786599000000,1786599899999,T+1,L,76.361,76.26899999999999,76.57260000000004,76.57260000000004,TP,2.3
SOLUSDT,BASE,fixed,1735704299999,1735704300000,1735706099999,NORMAL,S,190.039,190.311,189.41339999999994,189.41339999999994,TP,2.3
SOLUSDT,BASE,fixed,1735759199999,1735759200000,1735760099999,NORMAL,L,192.391,191.879,193.5686,191.879,SL,-1.0
SOLUSDT,BASE,fixed,1735785599999,1735785600000,1735789199999,NORMAL,L,198.761,197.859,200.83559999999997,197.859,SL,-1.0
SOLUSDT,BASE,fixed,1735802699999,1735802700000,1735802999999,NORMAL,L,205.901,205.509,206.80260000000007,206.80260000000007,TP,2.3
SOLUSDT,BASE,fixed,1735904999999,1735905000000,1735905299999,NORMAL,L,213.201,212.489,214.83859999999996,214.83859999999996,TP,2.3
SOLUSDT,BASE,fixed,1736155799999,1736155800000,1736157299999,NORMAL,S,213.339,213.991,211.83939999999996,213.991,SL,-1.0
SOLUSDT,BASE,fixed,1736218799999,1736218800000,1736219399999,NORMAL,S,216.429,216.80100000000002,215.57339999999996,216.80100000000002,SL,-1.0
SOLUSDT,BASE,fixed,1736226899999,1736226900000,1736229599999,NORMAL,S,215.789,216.291,214.63439999999997,216.291,SL,-1.0
SOLUSDT,BASE,fixed,1736237699999,1736237700000,1736238599999,NORMAL,S,215.41899999999998,215.741,214.67839999999993,215.741,SL,-1.0
SOLUSDT,BASE,fixed,1736801399999,1736801400000,1736817299999,T-1,L,181.151,179.999,183.80060000000003,183.80060000000003,TP,2.3
SOLUSDT,BASE,fixed,1736864999999,1736865000000,1736865299999,T-1,L,189.121,188.509,190.52860000000007,188.509,SL,-1.0
SOLUSDT,BASE,fixed,1737482099999,1737482100000,1737484499999,NORMAL,L,249.001,247.709,251.9726,251.9726,TP,2.3
SOLUSDT,BASE,fixed,1738154399999,1738154400000,1738156199999,T-1,S,229.219,230.08100000000002,227.23639999999995,227.23639999999995,TP,2.3
SOLUSDT,BASE,fixed,1738589399999,1738589400000,1738590299999,NORMAL,S,193.299,195.251,188.8094,195.251,SL,-1.0
SOLUSDT,BASE,fixed,1738808099999,1738808100000,1738811699999,T-1,L,200.591,199.609,202.8496,199.609,SL,-1.0
SOLUSDT,BASE,fixed,1738815599999,1738815600000,1738819199999,T-1,L,201.661,200.759,203.73560000000003,200.759,SL,-1.0
SOLUSDT,BASE,fixed,1739795999999,1739796000000,1739798399999,NORMAL,L,185.921,185.189,187.60459999999998,185.189,SL,-1.0
SOLUSDT,BASE,fixed,1739805899999,1739805900000,1739807399999,NORMAL,S,182.609,183.541,180.46540000000005,180.46540000000005,TP,2.3
SOLUSDT,BASE,fixed,1739985599999,1739985600000,1739986199999,NORMAL,L,172.201,171.769,173.19459999999995,171.769,SL,-1.0
SOLUSDT,BASE,fixed,1740023699999,1740023700000,1740024899999,NORMAL,L,172.621,172.249,173.47660000000005,173.47660000000005,TP,2.3
SOLUSDT,BASE,fixed,1740066299999,1740066300000,1740066899999,NORMAL,S,172.22899999999998,172.671,171.21239999999997,171.21239999999997,TP,2.3
SOLUSDT,BASE,fixed,1740515699999,1740515700000,1740517199999,NORMAL,L,145.651,144.13899999999998,149.12860000000006,144.13899999999998,SL,-1.0
SOLUSDT,BASE,fixed,1740635699999,1740635700000,1740638399999,NORMAL,L,139.761,139.249,140.9386,140.9386,TP,2.3
SOLUSDT,BASE,fixed,1741215299999,1741215300000,1741215599999,T-1,L,146.221,145.88899999999998,146.98460000000006,145.88899999999998,SL,-1.0
SOLUSDT,BASE,fixed,1741266299999,1741266300000,1741268999999,T-1,S,148.529,149.221,146.93739999999997,146.93739999999997,TP,2.3
SOLUSDT,BASE,fixed,1741683599999,1741683600000,1741683899999,T-1,L,124.131,123.87899999999999,124.71060000000003,124.71060000000003,TP,2.3
SOLUSDT,BASE,fixed,1742175599999,1742175600000,1742176199999,NORMAL,L,127.90100000000001,127.619,128.54960000000003,128.54960000000003,TP,2.3
SOLUSDT,BASE,fixed,1742192999999,1742193000000,1742193899999,NORMAL,S,127.09899999999999,127.501,126.17439999999995,127.501,SL,-1.0
SOLUSDT,BASE,fixed,1742338799999,1742338800000,1742344199999,T-1,L,125.191,124.87899999999999,125.90860000000004,125.90860000000004,TP,2.3
SOLUSDT,BASE,fixed,1742854199999,1742854200000,1742856899999,NORMAL,S,141.009,141.371,140.17639999999994,140.17639999999994,TP,2.3
SOLUSDT,BASE,fixed,1743009599999,1743009600000,1743015599999,NORMAL,S,138.509,139.071,137.21639999999996,137.21639999999996,TP,2.3
SOLUSDT,BASE,fixed,1743041099999,1743041100000,1743044099999,NORMAL,L,138.77100000000002,138.239,139.99460000000005,139.99460000000005,TP,2.3
SOLUSDT,BASE,fixed,1743103499999,1743103500000,1743105299999,NORMAL,L,139.321,138.97899999999998,140.10760000000002,138.97899999999998,SL,-1.0
SOLUSDT,BASE,fixed,1743476399999,1743476400000,1743478799999,NORMAL,L,126.241,125.829,127.18860000000001,125.829,SL,-1.0
SOLUSDT,BASE,fixed,1744365299999,1744365300000,1744365899999,T+1,L,118.101,117.809,118.7726,117.809,SL,-1.0
SOLUSDT,BASE,fixed,1744576799999,1744576800000,1744586099999,NORMAL,S,126.79899999999999,127.93100000000001,124.19539999999995,127.93100000000001,SL,-1.0
SOLUSDT,BASE,fixed,1744738499999,1744738500000,1744738799999,NORMAL,S,128.659,129.071,127.71139999999998,129.071,SL,-1.0
SOLUSDT,BASE,fixed,1745253899999,1745253900000,1745255099999,NORMAL,S,136.359,137.151,134.53740000000002,134.53740000000002,TP,2.3
SOLUSDT,BASE,fixed,1745363099999,1745363100000,1745363999999,NORMAL,L,150.061,149.029,152.43460000000005,149.029,SL,-1.0
SOLUSDT,BASE,fixed,1745597999999,1745598000000,1745599499999,NORMAL,S,151.549,152.221,150.00340000000003,152.221,SL,-1.0
SOLUSDT,BASE,fixed,1745795399999,1745795400000,1745795999999,NORMAL,S,147.97899999999998,148.351,147.12339999999995,148.351,SL,-1.0
SOLUSDT,BASE,fixed,1745847599999,1745847600000,1745847899999,NORMAL,S,148.439,149.05100000000002,147.03139999999993,149.05100000000002,SL,-1.0
SOLUSDT,BASE,fixed,1745848199999,1745848200000,1745848499999,NORMAL,S,148.489,149.041,147.2194,149.041,SL,-1.0
SOLUSDT,BASE,fixed,1745910299999,1745910300000,1745913299999,NORMAL,L,148.091,147.829,148.6936,148.6936,TP,2.3
SOLUSDT,BASE,fixed,1746034499999,1746034500000,1746034799999,T-1,L,143.441,143.049,144.3426,144.3426,TP,2.3
SOLUSDT,BASE,fixed,1746555599999,1746555600000,1746560099999,T-1,L,144.211,143.789,145.18160000000006,145.18160000000006,TP,2.3
SOLUSDT,BASE,fixed,1746576899999,1746576900000,1746577499999,T-1,L,147.191,146.689,148.34560000000002,148.34560000000002,TP,2.3
SOLUSDT,BASE,fixed,1747594199999,1747594200000,1747595099999,NORMAL,S,169.529,170.491,167.31639999999996,170.491,SL,-1.0
SOLUSDT,BASE,fixed,1747624499999,1747624500000,1747625099999,NORMAL,S,165.719,166.481,163.9664,166.481,SL,-1.0
SOLUSDT,BASE,fixed,1747724699999,1747724700000,1747728899999,NORMAL,S,167.88899999999998,168.421,166.66539999999995,166.66539999999995,TP,2.3
SOLUSDT,BASE,fixed,1747739099999,1747739100000,1747740899999,NORMAL,S,165.819,166.481,164.29639999999998,166.481,SL,-1.0
SOLUSDT,BASE,fixed,1748279399999,1748279400000,1748279999999,NORMAL,S,175.719,175.941,175.20839999999998,175.20839999999998,TP,2.3
SOLUSDT,BASE,fixed,1748469299999,1748469300000,1748469599999,NORMAL,L,171.481,171.239,172.03759999999997,171.239,SL,-1.0
SOLUSDT,BASE,fixed,1748814599999,1748814600000,1748816099999,NORMAL,L,156.791,156.559,157.3246,157.3246,TP,2.3
SOLUSDT,BASE,fixed,1748833799999,1748833800000,1748843399999,NORMAL,S,155.909,156.451,154.6624,154.6624,TP,2.3
SOLUSDT,BASE,fixed,1750251599999,1750251600000,1750253099999,T-1,S,144.879,145.33100000000002,143.83939999999993,143.83939999999993,TP,2.3
SOLUSDT,BASE,fixed,1750394399999,1750394400000,1750397999999,T+1,S,144.739,145.141,143.81440000000003,145.141,SL,-1.0
SOLUSDT,BASE,fixed,1750427999999,1750428000000,1750429799999,T+1,S,146.469,146.86100000000002,145.56739999999994,145.56739999999994,TP,2.3
SOLUSDT,BASE,fixed,1750614899999,1750614900000,1750616399999,NORMAL,L,130.55100000000002,129.969,131.88960000000006,129.969,SL,-1.0
SOLUSDT,BASE,fixed,1750708499999,1750708500000,1750716299999,NORMAL,L,139.891,138.869,142.24159999999998,142.24159999999998,TP,2.3
SOLUSDT,BASE,fixed,1750792199999,1750792200000,1750792799999,NORMAL,S,143.179,143.691,142.0014,143.691,SL,-1.0
SOLUSDT,BASE,fixed,1750930199999,1750930200000,1750932899999,NORMAL,S,143.829,144.091,143.2264,144.091,SL,-1.0
SOLUSDT,BASE,fixed,1750978499999,1750978500000,1750986599999,NORMAL,S,138.879,139.52100000000002,137.40239999999994,137.40239999999994,TP,2.3
SOLUSDT,BASE,fixed,1751235299999,1751235300000,1751235599999,NORMAL,L,152.36100000000002,151.959,153.28560000000004,153.28560000000004,TP,2.3
SOLUSDT,BASE,fixed,1751259599999,1751259600000,1751260199999,NORMAL,S,150.879,151.27100000000002,149.97739999999993,151.27100000000002,SL,-1.0
SOLUSDT,BASE,fixed,1751260499999,1751260500000,1751262599999,NORMAL,S,150.879,151.151,150.25339999999994,151.151,SL,-1.0
SOLUSDT,BASE,fixed,1751467199999,1751467200000,1751467499999,T-1,L,149.921,149.309,151.3286,149.309,SL,-1.0
SOLUSDT,BASE,fixed,1751597099999,1751597100000,1751598899999,T+1,S,151.079,151.491,150.13139999999999,151.491,SL,-1.0
SOLUSDT,BASE,fixed,1751912999999,1751913000000,1751913599999,NORMAL,S,149.099,149.541,148.08239999999998,149.541,SL,-1.0
SOLUSDT,BASE,fixed,1752059399999,1752059400000,1752060299999,NORMAL,L,153.27100000000002,153.159,153.52860000000007,153.159,SL,-1.0
SOLUSDT,BASE,fixed,1752459899999,1752459900000,1752461399999,T-1,L,163.951,163.399,165.2206,165.2206,TP,2.3
SOLUSDT,BASE,fixed,1752601799999,1752601800000,1752604499999,T+1,L,162.681,162.059,164.11160000000004,162.059,SL,-1.0
SOLUSDT,BASE,fixed,1753137599999,1753137600000,1753138499999,NORMAL,L,196.821,196.589,197.3546,197.3546,TP,2.3
SOLUSDT,BASE,fixed,1753702499999,1753702500000,1753702799999,NORMAL,S,190.619,191.251,189.16539999999998,191.251,SL,-1.0
SOLUSDT,BASE,fixed,1754389499999,1754389500000,1754389799999,NORMAL,L,169.441,168.929,170.61860000000001,170.61860000000001,TP,2.3
SOLUSDT,BASE,fixed,1754403599999,1754403600000,1754430899999,NORMAL,S,164.499,165.701,161.7344,161.7344,TP,2.3
SOLUSDT,BASE,fixed,1754489999999,1754490000000,1754490299999,NORMAL,L,165.33100000000002,164.47899999999998,167.2906000000001,164.47899999999998,SL,-1.0
SOLUSDT,BASE,fixed,1754504099999,1754504100000,1754504699999,NORMAL,L,169.751,169.299,170.7906,169.299,SL,-1.0
SOLUSDT,BASE,fixed,1754897699999,1754897700000,1754901599999,T-1,S,183.299,183.921,181.86840000000004,183.921,SL,-1.0
SOLUSDT,BASE,fixed,1755638999999,1755639000000,1755641099999,NORMAL,L,178.83100000000002,178.369,179.89360000000005,178.369,SL,-1.0
SOLUSDT,BASE,fixed,1755849899999,1755849900000,1755852899999,NORMAL,L,184.291,183.879,185.23860000000002,183.879,SL,-1.0
SOLUSDT,BASE,fixed,1755857399999,1755857400000,1755859199999,NORMAL,S,182.149,182.491,181.36239999999998,181.36239999999998,TP,2.3
SOLUSDT,BASE,fixed,1756187399999,1756187400000,1756187999999,NORMAL,L,189.371,189.059,190.08860000000004,189.059,SL,-1.0
SOLUSDT,BASE,fixed,1756226999999,1756227000000,1756230299999,NORMAL,L,192.86100000000002,192.22899999999998,194.3146000000001,192.22899999999998,SL,-1.0
SOLUSDT,BASE,fixed,1756316699999,1756316700000,1756321199999,NORMAL,L,209.86100000000002,208.819,212.25760000000008,208.819,SL,-1.0
SOLUSDT,BASE,fixed,1756324799999,1756324800000,1756325399999,NORMAL,S,206.22899999999998,207.171,204.06239999999997,204.06239999999997,TP,2.3
SOLUSDT,BASE,fixed,1756793099999,1756793100000,1756797899999,NORMAL,L,203.791,203.049,205.49759999999998,203.049,SL,-1.0
SOLUSDT,BASE,fixed,1756823699999,1756823700000,1756823999999,NORMAL,L,204.61100000000002,204.079,205.83460000000005,204.079,SL,-1.0
SOLUSDT,BASE,fixed,1756955099999,1756955100000,1756955999999,T-1,S,207.66899999999998,208.311,206.19239999999994,208.311,SL,-1.0
SOLUSDT,BASE,fixed,1757488499999,1757488500000,1757489399999,T-1,L,219.911,219.289,221.34160000000003,221.34160000000003,TP,2.3
SOLUSDT,BASE,fixed,1757676299999,1757676300000,1757677199999,T+1,L,239.30100000000002,238.749,240.57060000000007,238.749,SL,-1.0
SOLUSDT,BASE,fixed,1758042899999,1758042900000,1758044399999,T-1,L,239.55100000000002,238.859,241.14260000000004,238.859,SL,-1.0
SOLUSDT,BASE,fixed,1758902999999,1758903000000,1758903899999,NORMAL,L,197.52100000000002,196.789,199.20460000000008,199.20460000000008,TP,2.3
SOLUSDT,BASE,fixed,1759081199999,1759081200000,1759086599999,NORMAL,L,205.121,204.499,206.55160000000004,206.55160000000004,TP,2.3
SOLUSDT,BASE,fixed,1759142399999,1759142400000,1759148999999,NORMAL,S,206.859,207.481,205.42840000000004,207.481,SL,-1.0
SOLUSDT,BASE,fixed,1759220399999,1759220400000,1759221299999,NORMAL,S,208.47899999999998,208.791,207.76139999999995,207.76139999999995,TP,2.3
SOLUSDT,BASE,fixed,1759306499999,1759306500000,1759306799999,NORMAL,L,210.491,209.939,211.76060000000007,209.939,SL,-1.0
SOLUSDT,BASE,fixed,1759694099999,1759694100000,1759694999999,NORMAL,S,226.769,227.421,225.26940000000005,227.421,SL,-1.0
SOLUSDT,BASE,fixed,1759731899999,1759731900000,1759736099999,NORMAL,L,233.731,232.91899999999998,235.59860000000003,232.91899999999998,SL,-1.0
SOLUSDT,BASE,fixed,1759753499999,1759753500000,1759754099999,NORMAL,L,234.321,233.789,235.54460000000003,233.789,SL,-1.0
SOLUSDT,BASE,fixed,1759850699999,1759850700000,1759851599999,NORMAL,S,223.94899999999998,224.571,222.51839999999996,222.51839999999996,TP,2.3
SOLUSDT,BASE,fixed,1759997699999,1759997700000,1759998599999,NORMAL,S,223.029,223.77100000000002,221.32239999999996,221.32239999999996,TP,2.3
SOLUSDT,BASE,fixed,1760020499999,1760020500000,1760021099999,NORMAL,S,219.739,220.991,216.8594,220.991,SL,-1.0
SOLUSDT,BASE,fixed,1760618999999,1760619000000,1760619899999,NORMAL,L,197.411,196.819,198.77260000000004,196.819,SL,-1.0
SOLUSDT,BASE,fixed,1760661599999,1760661600000,1760662199999,NORMAL,L,186.161,185.72899999999998,187.15460000000004,185.72899999999998,SL,-1.0
SOLUSDT,BASE,fixed,1761049199999,1761049200000,1761052199999,NORMAL,L,186.731,186.079,188.23059999999995,186.079,SL,-1.0
SOLUSDT,BASE,fixed,1761164399999,1761164400000,1761165599999,T-1,S,179.16899999999998,180.091,177.04839999999993,180.091,SL,-1.0
SOLUSDT,BASE,fixed,1761186899999,1761186900000,1761187799999,T-1,L,182.151,181.829,182.8916,181.829,SL,-1.0
SOLUSDT,BASE,fixed,1761715199999,1761715200000,1761718799999,T-1,L,195.291,194.779,196.4686,194.779,SL,-1.0
SOLUSDT,BASE,fixed,1761742799999,1761742800000,1761743999999,T-1,L,199.821,199.259,201.11360000000002,201.11360000000002,TP,2.3
SOLUSDT,BASE,fixed,1761851699999,1761851700000,1761853199999,T+1,S,180.969,181.52100000000002,179.69939999999994,179.69939999999994,TP,2.3
SOLUSDT,BASE,fixed,1761872999999,1761873000000,1761875099999,T+1,L,186.481,185.63899999999998,188.41760000000002,185.63899999999998,SL,-1.0
SOLUSDT,BASE,fixed,1762137299999,1762137300000,1762139699999,NORMAL,S,183.519,184.401,181.4904,181.4904,TP,2.3
SOLUSDT,BASE,fixed,1762152299999,1762152300000,1762152899999,NORMAL,S,175.069,175.731,173.54639999999998,175.731,SL,-1.0
SOLUSDT,BASE,fixed,1762274999999,1762275000000,1762276499999,NORMAL,S,158.149,159.591,154.83239999999998,154.83239999999998,TP,2.3
SOLUSDT,BASE,fixed,1762311599999,1762311600000,1762331099999,NORMAL,L,156.221,154.499,160.18160000000003,154.499,SL,-1.0
SOLUSDT,BASE,fixed,1762890899999,1762890900000,1762891799999,NORMAL,S,157.819,158.151,157.05539999999993,157.05539999999993,TP,2.3
SOLUSDT,BASE,fixed,1763042999999,1763043000000,1763045699999,NORMAL,S,153.259,154.001,151.55239999999995,154.001,SL,-1.0
SOLUSDT,BASE,fixed,1763050799999,1763050800000,1763054099999,NORMAL,S,152.079,153.001,149.9584,149.9584,TP,2.3
SOLUSDT,BASE,fixed,1763395499999,1763395500000,1763401499999,NORMAL,S,135.63899999999998,137.11100000000002,132.25339999999989,132.25339999999989,TP,2.3
SOLUSDT,BASE,fixed,1763709599999,1763709600000,1763710499999,T+1,S,129.679,130.501,127.7884,127.7884,TP,2.3
SOLUSDT,BASE,fixed,1763999999999,1764000000000,1764001799999,NORMAL,L,131.941,131.469,133.02660000000003,133.02660000000003,TP,2.3
SOLUSDT,BASE,fixed,1764159299999,1764159300000,1764163499999,NORMAL,S,135.749,136.251,134.59439999999998,136.251,SL,-1.0
SOLUSDT,BASE,fixed,1764558599999,1764558600000,1764576599999,NORMAL,S,126.619,127.40100000000001,124.82039999999998,127.40100000000001,SL,-1.0
SOLUSDT,BASE,fixed,1764731699999,1764731700000,1764735899999,NORMAL,L,140.131,139.849,140.77960000000002,140.77960000000002,TP,2.3
SOLUSDT,BASE,fixed,1764869999999,1764870000000,1764871199999,NORMAL,S,141.249,142.061,139.38139999999996,142.061,SL,-1.0
SOLUSDT,BASE,fixed,1764908999999,1764909000000,1764909299999,NORMAL,S,138.589,138.791,138.1244,138.1244,TP,2.3
SOLUSDT,BASE,fixed,1764919499999,1764919500000,1764920399999,NORMAL,L,140.27100000000002,139.999,140.89660000000006,139.999,SL,-1.0
SOLUSDT,BASE,fixed,1765164899999,1765164900000,1765165199999,NORMAL,L,134.471,134.299,134.8666,134.299,SL,-1.0
SOLUSDT,BASE,fixed,1765476899999,1765476900000,1765478699999,T+1,L,133.501,132.72899999999998,135.27660000000006,135.27660000000006,TP,2.3
SOLUSDT,BASE,fixed,1765763399999,1765763400000,1765764299999,T-1,L,130.971,130.609,131.8036,131.8036,TP,2.3
SOLUSDT,BASE,fixed,1766337299999,1766337300000,1766338199999,NORMAL,L,126.161,125.869,126.8326,125.869,SL,-1.0
SOLUSDT,BASE,fixed,1766508899999,1766508900000,1766509499999,NORMAL,L,124.781,124.369,125.72860000000001,124.369,SL,-1.0
SOLUSDT,BASE,fixed,1766753999999,1766754000000,1766754599999,NORMAL,L,123.95100000000001,123.889,124.09360000000004,124.09360000000004,TP,2.3
SOLUSDT,BASE,fixed,1767130799999,1767130800000,1767131399999,NORMAL,S,123.579,123.861,122.93039999999996,123.861,SL,-1.0
SOLUSDT,BASE,fixed,1767211799999,1767211800000,1767212999999,NORMAL,S,124.09899999999999,124.301,123.63439999999996,124.301,SL,-1.0
SOLUSDT,BASE,fixed,1767229499999,1767229500000,1767230399999,NORMAL,L,125.251,125.059,125.69260000000003,125.69260000000003,TP,2.3
SOLUSDT,BASE,fixed,1767251999999,1767252000000,1767253799999,NORMAL,S,124.70899999999999,124.851,124.38239999999996,124.38239999999996,TP,2.3
SOLUSDT,BASE,fixed,1767296999999,1767297000000,1767299699999,NORMAL,L,125.691,125.509,126.1096,125.509,SL,-1.0
SOLUSDT,BASE,fixed,1767627899999,1767627900000,1767629399999,NORMAL,L,136.431,135.599,138.34460000000007,135.599,SL,-1.0
SOLUSDT,BASE,fixed,1767638699999,1767638700000,1767640799999,NORMAL,L,136.691,136.22899999999998,137.75360000000003,137.75360000000003,TP,2.3
SOLUSDT,BASE,fixed,1768854299999,1768854300000,1768855799999,NORMAL,L,134.911,134.649,135.5136,134.649,SL,-1.0
SOLUSDT,BASE,fixed,1768862399999,1768862400000,1768863299999,NORMAL,S,133.219,133.491,132.59339999999995,133.491,SL,-1.0
SOLUSDT,BASE,fixed,1769015399999,1769015400000,1769017499999,NORMAL,S,126.119,126.741,124.6884,126.741,SL,-1.0
SOLUSDT,BASE,fixed,1769070599999,1769070600000,1769071199999,NORMAL,S,129.459,129.661,128.9944,129.661,SL,-1.0
SOLUSDT,BASE,fixed,1769365799999,1769365800000,1769367899999,NORMAL,S,121.23899999999999,121.741,120.08439999999997,121.741,SL,-1.0
SOLUSDT,BASE,fixed,1769771699999,1769771700000,1769772299999,T+1,L,116.071,115.889,116.4896,115.889,SL,-1.0
SOLUSDT,BASE,fixed,1770069899999,1770069900000,1770070799999,NORMAL,L,105.01100000000001,104.749,105.61360000000005,104.749,SL,-1.0
SOLUSDT,BASE,fixed,1770113699999,1770113700000,1770114599999,NORMAL,S,102.729,103.051,101.9884,103.051,SL,-1.0
SOLUSDT,BASE,fixed,1770159899999,1770159900000,1770165599999,NORMAL,S,97.719,98.531,95.85139999999997,98.531,SL,-1.0
SOLUSDT,BASE,fixed,1770322799999,1770322800000,1770323399999,NORMAL,S,80.219,81.271,77.79939999999998,77.79939999999998,TP,2.3
SOLUSDT,BASE,fixed,1770705899999,1770705900000,1770706499999,T-1,S,85.029,85.351,84.2884,84.2884,TP,2.3
SOLUSDT,BASE,fixed,1771266299999,1771266300000,1771267199999,NORMAL,L,84.911,84.619,85.5826,84.619,SL,-1.0
SOLUSDT,BASE,fixed,1771424999999,1771425000000,1771425299999,NORMAL,S,82.149,82.531,81.2704,82.531,SL,-1.0
SOLUSDT,BASE,fixed,1771593299999,1771593300000,1771594499999,NORMAL,S,83.119,83.34100000000001,82.60839999999997,82.60839999999997,TP,2.3
SOLUSDT,BASE,fixed,1771867799999,1771867800000,1771871699999,NORMAL,S,78.189,78.691,77.03439999999998,78.691,SL,-1.0
SOLUSDT,BASE,fixed,1772210399999,1772210400000,1772231699999,NORMAL,S,81.719,82.18100000000001,80.65639999999995,80.65639999999995,TP,2.3
SOLUSDT,BASE,fixed,1773249899999,1773249900000,1773250799999,T+1,L,87.271,86.869,88.1956,86.869,SL,-1.0
SOLUSDT,BASE,fixed,1773610199999,1773610200000,1773610499999,NORMAL,L,88.941,88.759,89.3596,89.3596,TP,2.3
SOLUSDT,BASE,fixed,1774577399999,1774577400000,1774577699999,NORMAL,L,86.941,86.84899999999999,87.15260000000004,86.84899999999999,SL,-1.0
SOLUSDT,BASE,fixed,1774833299999,1774833300000,1774835399999,NORMAL,L,82.311,82.09899999999999,82.79860000000005,82.79860000000005,TP,2.3
SOLUSDT,BASE,fixed,1775549999999,1775550000000,1775551199999,NORMAL,L,80.131,79.95899999999999,80.52660000000003,79.95899999999999,SL,-1.0
SOLUSDT,BASE,fixed,1776141899999,1776141900000,1776142199999,NORMAL,S,85.62899999999999,85.73100000000001,85.39439999999995,85.73100000000001,SL,-1.0
SOLUSDT,BASE,fixed,1776281699999,1776281700000,1776283799999,NORMAL,L,85.381,85.119,85.9836,85.119,SL,-1.0
SOLUSDT,BASE,fixed,1776364499999,1776364500000,1776365399999,NORMAL,L,87.551,87.029,88.75160000000001,88.75160000000001,TP,2.3
SOLUSDT,BASE,fixed,1776405599999,1776405600000,1776406199999,NORMAL,S,87.339,87.521,86.9204,87.521,SL,-1.0
SOLUSDT,BASE,fixed,1776657299999,1776657300000,1776658799999,NORMAL,L,84.561,84.359,85.02560000000004,84.359,SL,-1.0
SOLUSDT,BASE,fixed,1776782399999,1776782400000,1776782999999,NORMAL,L,86.59100000000001,86.229,87.42360000000002,86.229,SL,-1.0
SOLUSDT,BASE,fixed,1777405499999,1777405500000,1777408499999,T-1,L,83.921,83.779,84.24760000000003,83.779,SL,-1.0
SOLUSDT,BASE,fixed,1777470299999,1777470300000,1777470899999,T-1,S,83.749,83.90100000000001,83.39939999999996,83.90100000000001,SL,-1.0
SOLUSDT,BASE,fixed,1777596299999,1777596300000,1777596599999,T+1,L,83.29100000000001,83.179,83.54860000000004,83.179,SL,-1.0
SOLUSDT,BASE,fixed,1777868999999,1777869000000,1777871699999,NORMAL,L,85.68100000000001,85.529,86.03060000000005,85.529,SL,-1.0
SOLUSDT,BASE,fixed,1778162399999,1778162400000,1778163299999,T-1,S,88.54899999999999,88.741,88.10739999999997,88.741,SL,-1.0
SOLUSDT,BASE,fixed,1779059099999,1779059100000,1779061199999,NORMAL,S,85.999,86.191,85.55739999999997,85.55739999999997,TP,2.3
SOLUSDT,BASE,fixed,1779172499999,1779172500000,1779173699999,NORMAL,L,85.37100000000001,85.229,85.69760000000004,85.229,SL,-1.0
SOLUSDT,BASE,fixed,1779323399999,1779323400000,1779324599999,NORMAL,L,86.331,86.20899999999999,86.61160000000004,86.61160000000004,TP,2.3
SOLUSDT,BASE,fixed,1779337499999,1779337500000,1779338099999,NORMAL,L,86.971,86.829,87.29760000000003,86.829,SL,-1.0
SOLUSDT,BASE,fixed,1779816299999,1779816300000,1779819899999,NORMAL,S,83.559,83.921,82.72639999999998,83.921,SL,-1.0
SOLUSDT,BASE,fixed,1780052699999,1780052700000,1780052999999,NORMAL,S,82.029,82.12100000000001,81.81739999999996,82.12100000000001,SL,-1.0
SOLUSDT,BASE,fixed,1780264799999,1780264800000,1780265099999,NORMAL,L,82.281,82.189,82.49260000000004,82.189,SL,-1.0
SOLUSDT,BASE,fixed,1780279199999,1780279200000,1780279799999,NORMAL,S,81.699,81.98100000000001,81.05039999999997,81.98100000000001,SL,-1.0
SOLUSDT,BASE,fixed,1780294799999,1780294800000,1780296299999,NORMAL,S,81.509,81.631,81.2284,81.2284,TP,2.3
SOLUSDT,BASE,fixed,1780321799999,1780321800000,1780322399999,NORMAL,S,80.04899999999999,80.331,79.40039999999996,79.40039999999996,TP,2.3
SOLUSDT,BASE,fixed,1780365299999,1780365300000,1780366199999,NORMAL,S,80.139,80.34100000000001,79.67439999999996,79.67439999999996,TP,2.3
SOLUSDT,BASE,fixed,1780414199999,1780414200000,1780416899999,NORMAL,S,76.179,76.821,74.70240000000001,76.821,SL,-1.0
SOLUSDT,BASE,fixed,1781021099999,1781021100000,1781024699999,T-1,S,64.09899999999999,64.461,63.26639999999997,64.461,SL,-1.0
SOLUSDT,BASE,fixed,1781840099999,1781840100000,1781843699999,T+1,S,69.029,69.301,68.40339999999998,68.40339999999998,TP,2.3
SOLUSDT,BASE,fixed,1782908999999,1782909000000,1782911099999,T-1,S,74.509,74.65100000000001,74.18239999999997,74.65100000000001,SL,-1.0
SOLUSDT,BASE,fixed,1783330499999,1783330500000,1783333499999,NORMAL,S,80.199,80.381,79.7804,80.381,SL,-1.0
SOLUSDT,BASE,fixed,1783439399999,1783439400000,1783440299999,NORMAL,L,82.301,81.949,83.1106,81.949,SL,-1.0
SOLUSDT,BASE,fixed,1783492199999,1783492200000,1783494599999,NORMAL,S,78.189,78.351,77.81639999999997,77.81639999999997,TP,2.3
SOLUSDT,BASE,fixed,1783614299999,1783614300000,1783614899999,NORMAL,S,77.389,77.54100000000001,77.03939999999996,77.54100000000001,SL,-1.0
SOLUSDT,BASE,fixed,1784558999999,1784559000000,1784559899999,NORMAL,S,76.059,76.421,75.22639999999998,76.421,SL,-1.0
SOLUSDT,BASE,fixed,1784897999999,1784898000000,1784898599999,NORMAL,S,74.759,74.93100000000001,74.36339999999997,74.36339999999997,TP,2.3
SOLUSDT,BASE,fixed,1785298799999,1785298800000,1785299099999,T-1,S,72.839,73.061,72.32839999999997,73.061,SL,-1.0
SOLUSDT,BASE,fixed,1785780599999,1785780600000,1785790499999,NORMAL,L,74.001,73.76899999999999,74.53460000000004,73.76899999999999,SL,-1.0
SOLUSDT,BASE,fixed,1786598999999,1786599000000,1786599899999,T+1,L,76.361,76.26899999999999,76.57260000000004,76.57260000000004,TP,2.3
SOLUSDT,COST06,canonical,1736801399999,1736801400000,1736811899999,T-1,L,181.151,179.999,183.80060000000003,183.2,SESSION,1.7786458333332908
SOLUSDT,COST06,canonical,1737482399999,1737482400000,1737484499999,NORMAL,L,249.721,248.009,253.65860000000004,253.65860000000004,TP,2.3
SOLUSDT,COST06,canonical,1738589399999,1738589400000,1738590299999,NORMAL,S,193.299,195.251,188.8094,195.251,SL,-1.0
SOLUSDT,COST06,canonical,1740515699999,1740515700000,1740517199999,NORMAL,L,145.651,144.13899999999998,149.12860000000006,144.13899999999998,SL,-1.0
SOLUSDT,COST06,canonical,1744576799999,1744576800000,1744581599999,NORMAL,S,126.79899999999999,127.93100000000001,124.19539999999995,127.31,EMA,-0.45141342756183855
SOLUSDT,COST06,canonical,1745363099999,1745363100000,1745363999999,NORMAL,L,150.061,149.029,152.43460000000005,149.029,SL,-1.0
SOLUSDT,COST06,canonical,1750708499999,1750708500000,1750716299999,NORMAL,L,139.891,138.869,142.24159999999998,142.24159999999998,TP,2.3
SOLUSDT,COST06,canonical,1754403599999,1754403600000,1754414699999,NORMAL,S,164.499,165.701,161.7344,164.08,EMA,0.34858569051579313
SOLUSDT,COST06,canonical,1762274999999,1762275000000,1762276499999,NORMAL,S,158.149,159.591,154.83239999999998,154.83239999999998,TP,2.3
SOLUSDT,COST06,canonical,1762311599999,1762311600000,1762316999999,NORMAL,L,156.221,154.499,160.18160000000003,155.76,EMA,-0.2677119628339201
SOLUSDT,COST06,canonical,1763050799999,1763050800000,1763054099999,NORMAL,S,152.079,153.001,149.9584,149.9584,TP,2.3
SOLUSDT,COST06,canonical,1763395499999,1763395500000,1763401499999,NORMAL,S,135.63899999999998,137.11100000000002,132.25339999999989,132.25339999999989,TP,2.3
SOLUSDT,COST06,canonical,1763709599999,1763709600000,1763710499999,T+1,S,129.679,130.501,127.7884,127.7884,TP,2.3
SOLUSDT,COST06,canonical,1764558599999,1764558600000,1764571199999,NORMAL,S,126.619,127.40100000000001,124.82039999999998,126.64,EMA,-0.026854219948849754
SOLUSDT,COST06,canonical,1767627899999,1767627900000,1767629399999,NORMAL,L,136.431,135.599,138.34460000000007,135.599,SL,-1.0
SOLUSDT,COST06,canonical,1770159899999,1770159900000,1770162299999,NORMAL,S,97.719,98.531,95.85139999999997,97.94,SESSION,-0.2721674876847296
SOLUSDT,COST06,canonical,1770322799999,1770322800000,1770323399999,NORMAL,S,80.219,81.271,77.79939999999998,77.79939999999998,TP,2.3
SOLUSDT,COST06,canonical,1771867799999,1771867800000,1771871399999,NORMAL,S,78.189,78.691,77.03439999999998,78.48,EMA,-0.5796812749004093
SOLUSDT,COST06,canonical,1780414199999,1780414200000,1780416899999,NORMAL,S,76.179,76.821,74.70240000000001,76.821,SL,-1.0
SOLUSDT,COST06,fixed,1736801399999,1736801400000,1736817299999,T-1,L,181.151,179.999,183.80060000000003,183.80060000000003,TP,2.3
SOLUSDT,COST06,fixed,1737482399999,1737482400000,1737484499999,NORMAL,L,249.721,248.009,253.65860000000004,253.65860000000004,TP,2.3
SOLUSDT,COST06,fixed,1738589399999,1738589400000,1738590299999,NORMAL,S,193.299,195.251,188.8094,195.251,SL,-1.0
SOLUSDT,COST06,fixed,1740515699999,1740515700000,1740517199999,NORMAL,L,145.651,144.13899999999998,149.12860000000006,144.13899999999998,SL,-1.0
SOLUSDT,COST06,fixed,1744576799999,1744576800000,1744586099999,NORMAL,S,126.79899999999999,127.93100000000001,124.19539999999995,127.93100000000001,SL,-1.0
SOLUSDT,COST06,fixed,1745363099999,1745363100000,1745363999999,NORMAL,L,150.061,149.029,152.43460000000005,149.029,SL,-1.0
SOLUSDT,COST06,fixed,1750708499999,1750708500000,1750716299999,NORMAL,L,139.891,138.869,142.24159999999998,142.24159999999998,TP,2.3
SOLUSDT,COST06,fixed,1754403599999,1754403600000,1754430899999,NORMAL,S,164.499,165.701,161.7344,161.7344,TP,2.3
SOLUSDT,COST06,fixed,1762274999999,1762275000000,1762276499999,NORMAL,S,158.149,159.591,154.83239999999998,154.83239999999998,TP,2.3
SOLUSDT,COST06,fixed,1762311599999,1762311600000,1762331099999,NORMAL,L,156.221,154.499,160.18160000000003,154.499,SL,-1.0
SOLUSDT,COST06,fixed,1763050799999,1763050800000,1763054099999,NORMAL,S,152.079,153.001,149.9584,149.9584,TP,2.3
SOLUSDT,COST06,fixed,1763395499999,1763395500000,1763401499999,NORMAL,S,135.63899999999998,137.11100000000002,132.25339999999989,132.25339999999989,TP,2.3
SOLUSDT,COST06,fixed,1763709599999,1763709600000,1763710499999,T+1,S,129.679,130.501,127.7884,127.7884,TP,2.3
SOLUSDT,COST06,fixed,1764558599999,1764558600000,1764576599999,NORMAL,S,126.619,127.40100000000001,124.82039999999998,127.40100000000001,SL,-1.0
SOLUSDT,COST06,fixed,1767627899999,1767627900000,1767629399999,NORMAL,L,136.431,135.599,138.34460000000007,135.599,SL,-1.0
SOLUSDT,COST06,fixed,1770159899999,1770159900000,1770165599999,NORMAL,S,97.719,98.531,95.85139999999997,98.531,SL,-1.0
SOLUSDT,COST06,fixed,1770322799999,1770322800000,1770323399999,NORMAL,S,80.219,81.271,77.79939999999998,77.79939999999998,TP,2.3
SOLUSDT,COST06,fixed,1771867799999,1771867800000,1771871699999,NORMAL,S,78.189,78.691,77.03439999999998,78.691,SL,-1.0
SOLUSDT,COST06,fixed,1780414199999,1780414200000,1780416899999,NORMAL,S,76.179,76.821,74.70240000000001,76.821,SL,-1.0
SOLUSDT,M15CONF,canonical,1735704299999,1735704300000,1735706099999,NORMAL,S,190.039,190.311,189.41339999999994,189.41339999999994,TP,2.3
SOLUSDT,M15CONF,canonical,1735759199999,1735759200000,1735760099999,NORMAL,L,192.391,191.879,193.5686,191.879,SL,-1.0
SOLUSDT,M15CONF,canonical,1735785599999,1735785600000,1735789199999,NORMAL,L,198.761,197.859,200.83559999999997,197.859,SL,-1.0
SOLUSDT,M15CONF,canonical,1735802699999,1735802700000,1735802999999,NORMAL,L,205.901,205.509,206.80260000000007,206.80260000000007,TP,2.3
SOLUSDT,M15CONF,canonical,1735904999999,1735905000000,1735905299999,NORMAL,L,213.201,212.489,214.83859999999996,214.83859999999996,TP,2.3
SOLUSDT,M15CONF,canonical,1736155799999,1736155800000,1736157299999,NORMAL,S,213.339,213.991,211.83939999999996,213.991,SL,-1.0
SOLUSDT,M15CONF,canonical,1736218799999,1736218800000,1736219399999,NORMAL,S,216.429,216.80100000000002,215.57339999999996,216.80100000000002,SL,-1.0
SOLUSDT,M15CONF,canonical,1736226899999,1736226900000,1736229599999,NORMAL,S,215.789,216.291,214.63439999999997,216.291,SL,-1.0
SOLUSDT,M15CONF,canonical,1736237699999,1736237700000,1736238599999,NORMAL,S,215.41899999999998,215.741,214.67839999999993,215.741,SL,-1.0
SOLUSDT,M15CONF,canonical,1736801399999,1736801400000,1736811899999,T-1,L,181.151,179.999,183.80060000000003,183.2,SESSION,1.7786458333332908
SOLUSDT,M15CONF,canonical,1736864999999,1736865000000,1736865299999,T-1,L,189.121,188.509,190.52860000000007,188.509,SL,-1.0
SOLUSDT,M15CONF,canonical,1737482099999,1737482100000,1737484499999,NORMAL,L,249.001,247.709,251.9726,251.9726,TP,2.3
SOLUSDT,M15CONF,canonical,1738154399999,1738154400000,1738156199999,T-1,S,229.219,230.08100000000002,227.23639999999995,227.23639999999995,TP,2.3
SOLUSDT,M15CONF,canonical,1738589399999,1738589400000,1738590299999,NORMAL,S,193.299,195.251,188.8094,195.251,SL,-1.0
SOLUSDT,M15CONF,canonical,1738808099999,1738808100000,1738811699999,T-1,L,200.591,199.609,202.8496,199.609,SL,-1.0
SOLUSDT,M15CONF,canonical,1738815599999,1738815600000,1738819199999,T-1,L,201.661,200.759,203.73560000000003,200.759,SL,-1.0
SOLUSDT,M15CONF,canonical,1739795999999,1739796000000,1739798399999,NORMAL,L,185.921,185.189,187.60459999999998,185.189,SL,-1.0
SOLUSDT,M15CONF,canonical,1739805899999,1739805900000,1739807399999,NORMAL,S,182.609,183.541,180.46540000000005,180.46540000000005,TP,2.3
SOLUSDT,M15CONF,canonical,1739985599999,1739985600000,1739986199999,NORMAL,L,172.201,171.769,173.19459999999995,171.769,SL,-1.0
SOLUSDT,M15CONF,canonical,1740023699999,1740023700000,1740024899999,NORMAL,L,172.621,172.249,173.47660000000005,173.47660000000005,TP,2.3
SOLUSDT,M15CONF,canonical,1740066299999,1740066300000,1740066899999,NORMAL,S,172.22899999999998,172.671,171.21239999999997,171.21239999999997,TP,2.3
SOLUSDT,M15CONF,canonical,1740515699999,1740515700000,1740517199999,NORMAL,L,145.651,144.13899999999998,149.12860000000006,144.13899999999998,SL,-1.0
SOLUSDT,M15CONF,canonical,1740635699999,1740635700000,1740638399999,NORMAL,L,139.761,139.249,140.9386,140.9386,TP,2.3
SOLUSDT,M15CONF,canonical,1741215299999,1741215300000,1741215599999,T-1,L,146.221,145.88899999999998,146.98460000000006,145.88899999999998,SL,-1.0
SOLUSDT,M15CONF,canonical,1741266299999,1741266300000,1741268999999,T-1,S,148.529,149.221,146.93739999999997,146.93739999999997,TP,2.3
SOLUSDT,M15CONF,canonical,1741683599999,1741683600000,1741683899999,T-1,L,124.131,123.87899999999999,124.71060000000003,124.71060000000003,TP,2.3
SOLUSDT,M15CONF,canonical,1742175599999,1742175600000,1742176199999,NORMAL,L,127.90100000000001,127.619,128.54960000000003,128.54960000000003,TP,2.3
SOLUSDT,M15CONF,canonical,1742192999999,1742193000000,1742193899999,NORMAL,S,127.09899999999999,127.501,126.17439999999995,127.501,SL,-1.0
SOLUSDT,M15CONF,canonical,1742338799999,1742338800000,1742341499999,T-1,L,125.191,124.87899999999999,125.90860000000004,125.1,SESSION,-0.29166666666668184
SOLUSDT,M15CONF,canonical,1742854199999,1742854200000,1742856899999,NORMAL,S,141.009,141.371,140.17639999999994,140.17639999999994,TP,2.3
SOLUSDT,M15CONF,canonical,1743009599999,1743009600000,1743015599999,NORMAL,S,138.509,139.071,137.21639999999996,137.21639999999996,TP,2.3
SOLUSDT,M15CONF,canonical,1743041099999,1743041100000,1743044099999,NORMAL,L,138.77100000000002,138.239,139.99460000000005,139.99460000000005,TP,2.3
SOLUSDT,M15CONF,canonical,1743103499999,1743103500000,1743105299999,NORMAL,L,139.321,138.97899999999998,140.10760000000002,138.97899999999998,SL,-1.0
SOLUSDT,M15CONF,canonical,1743476399999,1743476400000,1743478799999,NORMAL,L,126.241,125.829,127.18860000000001,125.829,SL,-1.0
SOLUSDT,M15CONF,canonical,1744365299999,1744365300000,1744365899999,T+1,L,118.101,117.809,118.7726,117.809,SL,-1.0
SOLUSDT,M15CONF,canonical,1744576799999,1744576800000,1744581599999,NORMAL,S,126.79899999999999,127.93100000000001,124.19539999999995,127.31,EMA,-0.45141342756183855
SOLUSDT,M15CONF,canonical,1744738499999,1744738500000,1744738799999,NORMAL,S,128.659,129.071,127.71139999999998,129.071,SL,-1.0
SOLUSDT,M15CONF,canonical,1745253899999,1745253900000,1745255099999,NORMAL,S,136.359,137.151,134.53740000000002,134.53740000000002,TP,2.3
SOLUSDT,M15CONF,canonical,1745363099999,1745363100000,1745363999999,NORMAL,L,150.061,149.029,152.43460000000005,149.029,SL,-1.0
SOLUSDT,M15CONF,canonical,1745597999999,1745598000000,1745599499999,NORMAL,S,151.549,152.221,150.00340000000003,152.221,SL,-1.0
SOLUSDT,M15CONF,canonical,1745795399999,1745795400000,1745795999999,NORMAL,S,147.97899999999998,148.351,147.12339999999995,148.351,SL,-1.0
SOLUSDT,M15CONF,canonical,1745847599999,1745847600000,1745847899999,NORMAL,S,148.439,149.05100000000002,147.03139999999993,149.05100000000002,SL,-1.0
SOLUSDT,M15CONF,canonical,1745848199999,1745848200000,1745848499999,NORMAL,S,148.489,149.041,147.2194,149.041,SL,-1.0
SOLUSDT,M15CONF,canonical,1745910299999,1745910300000,1745913299999,NORMAL,L,148.091,147.829,148.6936,148.6936,TP,2.3
SOLUSDT,M15CONF,canonical,1746555599999,1746555600000,1746560099999,T-1,L,144.211,143.789,145.18160000000006,145.18160000000006,TP,2.3
SOLUSDT,M15CONF,canonical,1746576899999,1746576900000,1746577499999,T-1,L,147.191,146.689,148.34560000000002,148.34560000000002,TP,2.3
SOLUSDT,M15CONF,canonical,1747594199999,1747594200000,1747595099999,NORMAL,S,169.529,170.491,167.31639999999996,170.491,SL,-1.0
SOLUSDT,M15CONF,canonical,1747624499999,1747624500000,1747625099999,NORMAL,S,165.719,166.481,163.9664,166.481,SL,-1.0
SOLUSDT,M15CONF,canonical,1747724699999,1747724700000,1747728899999,NORMAL,S,167.88899999999998,168.421,166.66539999999995,166.66539999999995,TP,2.3
SOLUSDT,M15CONF,canonical,1747739099999,1747739100000,1747740899999,NORMAL,S,165.819,166.481,164.29639999999998,166.481,SL,-1.0
SOLUSDT,M15CONF,canonical,1748279399999,1748279400000,1748279999999,NORMAL,S,175.719,175.941,175.20839999999998,175.20839999999998,TP,2.3
SOLUSDT,M15CONF,canonical,1748469299999,1748469300000,1748469599999,NORMAL,L,171.481,171.239,172.03759999999997,171.239,SL,-1.0
SOLUSDT,M15CONF,canonical,1748814599999,1748814600000,1748816099999,NORMAL,L,156.791,156.559,157.3246,157.3246,TP,2.3
SOLUSDT,M15CONF,canonical,1748833799999,1748833800000,1748841299999,NORMAL,S,155.909,156.451,154.6624,155.99,EMA,-0.1494464944649761
SOLUSDT,M15CONF,canonical,1750251599999,1750251600000,1750253099999,T-1,S,144.879,145.33100000000002,143.83939999999993,143.83939999999993,TP,2.3
SOLUSDT,M15CONF,canonical,1750394399999,1750394400000,1750397999999,T+1,S,144.739,145.141,143.81440000000003,145.141,SL,-1.0
SOLUSDT,M15CONF,canonical,1750427999999,1750428000000,1750429799999,T+1,S,146.469,146.86100000000002,145.56739999999994,145.56739999999994,TP,2.3
SOLUSDT,M15CONF,canonical,1750708499999,1750708500000,1750716299999,NORMAL,L,139.891,138.869,142.24159999999998,142.24159999999998,TP,2.3
SOLUSDT,M15CONF,canonical,1750792199999,1750792200000,1750792799999,NORMAL,S,143.179,143.691,142.0014,143.691,SL,-1.0
SOLUSDT,M15CONF,canonical,1750930199999,1750930200000,1750932899999,NORMAL,S,143.829,144.091,143.2264,144.091,SL,-1.0
SOLUSDT,M15CONF,canonical,1750978499999,1750978500000,1750981499999,NORMAL,S,138.879,139.52100000000002,137.40239999999994,138.87,SESSION,0.014018691588762911
SOLUSDT,M15CONF,canonical,1751235299999,1751235300000,1751235599999,NORMAL,L,152.36100000000002,151.959,153.28560000000004,153.28560000000004,TP,2.3
SOLUSDT,M15CONF,canonical,1751259599999,1751259600000,1751260199999,NORMAL,S,150.879,151.27100000000002,149.97739999999993,151.27100000000002,SL,-1.0
SOLUSDT,M15CONF,canonical,1751260499999,1751260500000,1751262599999,NORMAL,S,150.879,151.151,150.25339999999994,151.151,SL,-1.0
SOLUSDT,M15CONF,canonical,1751467199999,1751467200000,1751467499999,T-1,L,149.921,149.309,151.3286,149.309,SL,-1.0
SOLUSDT,M15CONF,canonical,1751597099999,1751597100000,1751598899999,T+1,S,151.079,151.491,150.13139999999999,151.491,SL,-1.0
SOLUSDT,M15CONF,canonical,1751912999999,1751913000000,1751913599999,NORMAL,S,149.099,149.541,148.08239999999998,149.541,SL,-1.0
SOLUSDT,M15CONF,canonical,1752059399999,1752059400000,1752060299999,NORMAL,L,153.27100000000002,153.159,153.52860000000007,153.159,SL,-1.0
SOLUSDT,M15CONF,canonical,1752459899999,1752459900000,1752461399999,T-1,L,163.951,163.399,165.2206,165.2206,TP,2.3
SOLUSDT,M15CONF,canonical,1752601799999,1752601800000,1752604499999,T+1,L,162.681,162.059,164.11160000000004,162.059,SL,-1.0
SOLUSDT,M15CONF,canonical,1753137599999,1753137600000,1753138499999,NORMAL,L,196.821,196.589,197.3546,197.3546,TP,2.3
SOLUSDT,M15CONF,canonical,1753702499999,1753702500000,1753702799999,NORMAL,S,190.619,191.251,189.16539999999998,191.251,SL,-1.0
SOLUSDT,M15CONF,canonical,1754389499999,1754389500000,1754389799999,NORMAL,L,169.441,168.929,170.61860000000001,170.61860000000001,TP,2.3
SOLUSDT,M15CONF,canonical,1754403599999,1754403600000,1754414699999,NORMAL,S,164.499,165.701,161.7344,164.08,EMA,0.34858569051579313
SOLUSDT,M15CONF,canonical,1754489999999,1754490000000,1754490299999,NORMAL,L,165.33100000000002,164.47899999999998,167.2906000000001,164.47899999999998,SL,-1.0
SOLUSDT,M15CONF,canonical,1754504099999,1754504100000,1754504699999,NORMAL,L,169.751,169.299,170.7906,169.299,SL,-1.0
SOLUSDT,M15CONF,canonical,1754897699999,1754897700000,1754901599999,T-1,S,183.299,183.921,181.86840000000004,183.921,SL,-1.0
SOLUSDT,M15CONF,canonical,1755638999999,1755639000000,1755641099999,NORMAL,L,178.83100000000002,178.369,179.89360000000005,178.369,SL,-1.0
SOLUSDT,M15CONF,canonical,1755849899999,1755849900000,1755852899999,NORMAL,L,184.291,183.879,185.23860000000002,183.879,SL,-1.0
SOLUSDT,M15CONF,canonical,1755857399999,1755857400000,1755859199999,NORMAL,S,182.149,182.491,181.36239999999998,181.36239999999998,TP,2.3
SOLUSDT,M15CONF,canonical,1756187399999,1756187400000,1756187999999,NORMAL,L,189.371,189.059,190.08860000000004,189.059,SL,-1.0
SOLUSDT,M15CONF,canonical,1756226999999,1756227000000,1756230299999,NORMAL,L,192.86100000000002,192.22899999999998,194.3146000000001,192.22899999999998,SL,-1.0
SOLUSDT,M15CONF,canonical,1756316699999,1756316700000,1756321199999,NORMAL,L,209.86100000000002,208.819,212.25760000000008,208.819,SL,-1.0
SOLUSDT,M15CONF,canonical,1756324799999,1756324800000,1756325399999,NORMAL,S,206.22899999999998,207.171,204.06239999999997,204.06239999999997,TP,2.3
SOLUSDT,M15CONF,canonical,1756793099999,1756793100000,1756797299999,NORMAL,L,203.791,203.049,205.49759999999998,203.13,EMA,-0.8908355795148384
SOLUSDT,M15CONF,canonical,1756823699999,1756823700000,1756823999999,NORMAL,L,204.61100000000002,204.079,205.83460000000005,204.079,SL,-1.0
SOLUSDT,M15CONF,canonical,1756955099999,1756955100000,1756955999999,T-1,S,207.66899999999998,208.311,206.19239999999994,208.311,SL,-1.0
SOLUSDT,M15CONF,canonical,1757488499999,1757488500000,1757489399999,T-1,L,219.911,219.289,221.34160000000003,221.34160000000003,TP,2.3
SOLUSDT,M15CONF,canonical,1757676299999,1757676300000,1757677199999,T+1,L,239.30100000000002,238.749,240.57060000000007,238.749,SL,-1.0
SOLUSDT,M15CONF,canonical,1758042899999,1758042900000,1758044399999,T-1,L,239.55100000000002,238.859,241.14260000000004,238.859,SL,-1.0
SOLUSDT,M15CONF,canonical,1758902999999,1758903000000,1758903899999,NORMAL,L,197.52100000000002,196.789,199.20460000000008,199.20460000000008,TP,2.3
SOLUSDT,M15CONF,canonical,1759081199999,1759081200000,1759086599999,NORMAL,L,205.121,204.499,206.55160000000004,206.55160000000004,TP,2.3
SOLUSDT,M15CONF,canonical,1759142399999,1759142400000,1759148399999,NORMAL,S,206.859,207.481,205.42840000000004,207.16,EMA,-0.48392282958198496
SOLUSDT,M15CONF,canonical,1759220399999,1759220400000,1759221299999,NORMAL,S,208.47899999999998,208.791,207.76139999999995,207.76139999999995,TP,2.3
SOLUSDT,M15CONF,canonical,1759306499999,1759306500000,1759306799999,NORMAL,L,210.491,209.939,211.76060000000007,209.939,SL,-1.0
SOLUSDT,M15CONF,canonical,1759694099999,1759694100000,1759694999999,NORMAL,S,226.769,227.421,225.26940000000005,227.421,SL,-1.0
SOLUSDT,M15CONF,canonical,1759731899999,1759731900000,1759736099999,NORMAL,L,233.731,232.91899999999998,235.59860000000003,232.91899999999998,SL,-1.0
SOLUSDT,M15CONF,canonical,1759753499999,1759753500000,1759754099999,NORMAL,L,234.321,233.789,235.54460000000003,233.789,SL,-1.0
SOLUSDT,M15CONF,canonical,1759850699999,1759850700000,1759851599999,NORMAL,S,223.94899999999998,224.571,222.51839999999996,222.51839999999996,TP,2.3
SOLUSDT,M15CONF,canonical,1759997699999,1759997700000,1759998599999,NORMAL,S,223.029,223.77100000000002,221.32239999999996,221.32239999999996,TP,2.3
SOLUSDT,M15CONF,canonical,1760020499999,1760020500000,1760021099999,NORMAL,S,219.739,220.991,216.8594,220.991,SL,-1.0
SOLUSDT,M15CONF,canonical,1760618999999,1760619000000,1760619899999,NORMAL,L,197.411,196.819,198.77260000000004,196.819,SL,-1.0
SOLUSDT,M15CONF,canonical,1760661599999,1760661600000,1760662199999,NORMAL,L,186.161,185.72899999999998,187.15460000000004,185.72899999999998,SL,-1.0
SOLUSDT,M15CONF,canonical,1761049199999,1761049200000,1761052199999,NORMAL,L,186.731,186.079,188.23059999999995,186.079,SL,-1.0
SOLUSDT,M15CONF,canonical,1761164399999,1761164400000,1761165599999,T-1,S,179.16899999999998,180.091,177.04839999999993,180.091,SL,-1.0
SOLUSDT,M15CONF,canonical,1761186899999,1761186900000,1761187799999,T-1,L,182.151,181.829,182.8916,181.829,SL,-1.0
SOLUSDT,M15CONF,canonical,1761715199999,1761715200000,1761718799999,T-1,L,195.291,194.779,196.4686,194.779,SL,-1.0
SOLUSDT,M15CONF,canonical,1761742799999,1761742800000,1761743999999,T-1,L,199.821,199.259,201.11360000000002,201.11360000000002,TP,2.3
SOLUSDT,M15CONF,canonical,1761851699999,1761851700000,1761853199999,T+1,S,180.969,181.52100000000002,179.69939999999994,179.69939999999994,TP,2.3
SOLUSDT,M15CONF,canonical,1761872999999,1761873000000,1761875099999,T+1,L,186.481,185.63899999999998,188.41760000000002,185.63899999999998,SL,-1.0
SOLUSDT,M15CONF,canonical,1762137299999,1762137300000,1762139699999,NORMAL,S,183.519,184.401,181.4904,181.4904,TP,2.3
SOLUSDT,M15CONF,canonical,1762152299999,1762152300000,1762152899999,NORMAL,S,175.069,175.731,173.54639999999998,175.731,SL,-1.0
SOLUSDT,M15CONF,canonical,1762274999999,1762275000000,1762276499999,NORMAL,S,158.149,159.591,154.83239999999998,154.83239999999998,TP,2.3
SOLUSDT,M15CONF,canonical,1762311599999,1762311600000,1762316999999,NORMAL,L,156.221,154.499,160.18160000000003,155.76,EMA,-0.2677119628339201
SOLUSDT,M15CONF,canonical,1762890899999,1762890900000,1762891799999,NORMAL,S,157.819,158.151,157.05539999999993,157.05539999999993,TP,2.3
SOLUSDT,M15CONF,canonical,1763042999999,1763043000000,1763045699999,NORMAL,S,153.259,154.001,151.55239999999995,154.001,SL,-1.0
SOLUSDT,M15CONF,canonical,1763050799999,1763050800000,1763054099999,NORMAL,S,152.079,153.001,149.9584,149.9584,TP,2.3
SOLUSDT,M15CONF,canonical,1763395499999,1763395500000,1763401499999,NORMAL,S,135.63899999999998,137.11100000000002,132.25339999999989,132.25339999999989,TP,2.3
SOLUSDT,M15CONF,canonical,1763709599999,1763709600000,1763710499999,T+1,S,129.679,130.501,127.7884,127.7884,TP,2.3
SOLUSDT,M15CONF,canonical,1763999999999,1764000000000,1764001799999,NORMAL,L,131.941,131.469,133.02660000000003,133.02660000000003,TP,2.3
SOLUSDT,M15CONF,canonical,1764159299999,1764159300000,1764163499999,NORMAL,S,135.749,136.251,134.59439999999998,136.251,SL,-1.0
SOLUSDT,M15CONF,canonical,1764558599999,1764558600000,1764571199999,NORMAL,S,126.619,127.40100000000001,124.82039999999998,126.64,EMA,-0.026854219948849754
SOLUSDT,M15CONF,canonical,1764731699999,1764731700000,1764735899999,NORMAL,L,140.131,139.849,140.77960000000002,140.77960000000002,TP,2.3
SOLUSDT,M15CONF,canonical,1764869999999,1764870000000,1764871199999,NORMAL,S,141.249,142.061,139.38139999999996,142.061,SL,-1.0
SOLUSDT,M15CONF,canonical,1764908999999,1764909000000,1764909299999,NORMAL,S,138.589,138.791,138.1244,138.1244,TP,2.3
SOLUSDT,M15CONF,canonical,1764919499999,1764919500000,1764920399999,NORMAL,L,140.27100000000002,139.999,140.89660000000006,139.999,SL,-1.0
SOLUSDT,M15CONF,canonical,1765164899999,1765164900000,1765165199999,NORMAL,L,134.471,134.299,134.8666,134.299,SL,-1.0
SOLUSDT,M15CONF,canonical,1765476899999,1765476900000,1765478699999,T+1,L,133.501,132.72899999999998,135.27660000000006,135.27660000000006,TP,2.3
SOLUSDT,M15CONF,canonical,1765763399999,1765763400000,1765764299999,T-1,L,130.971,130.609,131.8036,131.8036,TP,2.3
SOLUSDT,M15CONF,canonical,1766337299999,1766337300000,1766338199999,NORMAL,L,126.161,125.869,126.8326,125.869,SL,-1.0
SOLUSDT,M15CONF,canonical,1766508899999,1766508900000,1766509499999,NORMAL,L,124.781,124.369,125.72860000000001,124.369,SL,-1.0
SOLUSDT,M15CONF,canonical,1766753999999,1766754000000,1766754599999,NORMAL,L,123.95100000000001,123.889,124.09360000000004,124.09360000000004,TP,2.3
SOLUSDT,M15CONF,canonical,1767130799999,1767130800000,1767131399999,NORMAL,S,123.579,123.861,122.93039999999996,123.861,SL,-1.0
SOLUSDT,M15CONF,canonical,1767211799999,1767211800000,1767212999999,NORMAL,S,124.09899999999999,124.301,123.63439999999996,124.301,SL,-1.0
SOLUSDT,M15CONF,canonical,1767229499999,1767229500000,1767230399999,NORMAL,L,125.251,125.059,125.69260000000003,125.69260000000003,TP,2.3
SOLUSDT,M15CONF,canonical,1767251999999,1767252000000,1767253799999,NORMAL,S,124.70899999999999,124.851,124.38239999999996,124.38239999999996,TP,2.3
SOLUSDT,M15CONF,canonical,1767296999999,1767297000000,1767299699999,NORMAL,L,125.691,125.509,126.1096,125.509,SL,-1.0
SOLUSDT,M15CONF,canonical,1767627899999,1767627900000,1767629399999,NORMAL,L,136.431,135.599,138.34460000000007,135.599,SL,-1.0
SOLUSDT,M15CONF,canonical,1767638699999,1767638700000,1767640799999,NORMAL,L,136.691,136.22899999999998,137.75360000000003,137.75360000000003,TP,2.3
SOLUSDT,M15CONF,canonical,1768854299999,1768854300000,1768855799999,NORMAL,L,134.911,134.649,135.5136,134.649,SL,-1.0
SOLUSDT,M15CONF,canonical,1768862399999,1768862400000,1768863299999,NORMAL,S,133.219,133.491,132.59339999999995,133.491,SL,-1.0
SOLUSDT,M15CONF,canonical,1769015399999,1769015400000,1769017499999,NORMAL,S,126.119,126.741,124.6884,126.741,SL,-1.0
SOLUSDT,M15CONF,canonical,1769070599999,1769070600000,1769071199999,NORMAL,S,129.459,129.661,128.9944,129.661,SL,-1.0
SOLUSDT,M15CONF,canonical,1769365799999,1769365800000,1769367899999,NORMAL,S,121.23899999999999,121.741,120.08439999999997,121.741,SL,-1.0
SOLUSDT,M15CONF,canonical,1769771699999,1769771700000,1769772299999,T+1,L,116.071,115.889,116.4896,115.889,SL,-1.0
SOLUSDT,M15CONF,canonical,1770069899999,1770069900000,1770070799999,NORMAL,L,105.01100000000001,104.749,105.61360000000005,104.749,SL,-1.0
SOLUSDT,M15CONF,canonical,1770113699999,1770113700000,1770114599999,NORMAL,S,102.729,103.051,101.9884,103.051,SL,-1.0
SOLUSDT,M15CONF,canonical,1770159899999,1770159900000,1770162299999,NORMAL,S,97.719,98.531,95.85139999999997,97.94,SESSION,-0.2721674876847296
SOLUSDT,M15CONF,canonical,1770322799999,1770322800000,1770323399999,NORMAL,S,80.219,81.271,77.79939999999998,77.79939999999998,TP,2.3
SOLUSDT,M15CONF,canonical,1770705899999,1770705900000,1770706499999,T-1,S,85.029,85.351,84.2884,84.2884,TP,2.3
SOLUSDT,M15CONF,canonical,1771266299999,1771266300000,1771267199999,NORMAL,L,84.911,84.619,85.5826,84.619,SL,-1.0
SOLUSDT,M15CONF,canonical,1771424999999,1771425000000,1771425299999,NORMAL,S,82.149,82.531,81.2704,82.531,SL,-1.0
SOLUSDT,M15CONF,canonical,1771593299999,1771593300000,1771594499999,NORMAL,S,83.119,83.34100000000001,82.60839999999997,82.60839999999997,TP,2.3
SOLUSDT,M15CONF,canonical,1771867799999,1771867800000,1771871399999,NORMAL,S,78.189,78.691,77.03439999999998,78.48,EMA,-0.5796812749004093
SOLUSDT,M15CONF,canonical,1772210399999,1772210400000,1772215499999,NORMAL,S,81.719,82.18100000000001,80.65639999999995,81.68,EMA,0.08441558441555366
SOLUSDT,M15CONF,canonical,1773249899999,1773249900000,1773250799999,T+1,L,87.271,86.869,88.1956,86.869,SL,-1.0
SOLUSDT,M15CONF,canonical,1773610199999,1773610200000,1773610499999,NORMAL,L,88.941,88.759,89.3596,89.3596,TP,2.3
SOLUSDT,M15CONF,canonical,1774577399999,1774577400000,1774577699999,NORMAL,L,86.941,86.84899999999999,87.15260000000004,86.84899999999999,SL,-1.0
SOLUSDT,M15CONF,canonical,1774833299999,1774833300000,1774835399999,NORMAL,L,82.311,82.09899999999999,82.79860000000005,82.79860000000005,TP,2.3
SOLUSDT,M15CONF,canonical,1775549999999,1775550000000,1775551199999,NORMAL,L,80.131,79.95899999999999,80.52660000000003,79.95899999999999,SL,-1.0
SOLUSDT,M15CONF,canonical,1776141899999,1776141900000,1776142199999,NORMAL,S,85.62899999999999,85.73100000000001,85.39439999999995,85.73100000000001,SL,-1.0
SOLUSDT,M15CONF,canonical,1776281699999,1776281700000,1776283799999,NORMAL,L,85.381,85.119,85.9836,85.119,SL,-1.0
SOLUSDT,M15CONF,canonical,1776364499999,1776364500000,1776365399999,NORMAL,L,87.551,87.029,88.75160000000001,88.75160000000001,TP,2.3
SOLUSDT,M15CONF,canonical,1776405599999,1776405600000,1776406199999,NORMAL,S,87.339,87.521,86.9204,87.521,SL,-1.0
SOLUSDT,M15CONF,canonical,1776657299999,1776657300000,1776658799999,NORMAL,L,84.561,84.359,85.02560000000004,84.359,SL,-1.0
SOLUSDT,M15CONF,canonical,1776782399999,1776782400000,1776782999999,NORMAL,L,86.59100000000001,86.229,87.42360000000002,86.229,SL,-1.0
SOLUSDT,M15CONF,canonical,1777405499999,1777405500000,1777408499999,T-1,L,83.921,83.779,84.24760000000003,83.779,SL,-1.0
SOLUSDT,M15CONF,canonical,1777470299999,1777470300000,1777470899999,T-1,S,83.749,83.90100000000001,83.39939999999996,83.90100000000001,SL,-1.0
SOLUSDT,M15CONF,canonical,1777596299999,1777596300000,1777596599999,T+1,L,83.29100000000001,83.179,83.54860000000004,83.179,SL,-1.0
SOLUSDT,M15CONF,canonical,1777868999999,1777869000000,1777871699999,NORMAL,L,85.68100000000001,85.529,86.03060000000005,85.529,SL,-1.0
SOLUSDT,M15CONF,canonical,1778162399999,1778162400000,1778163299999,T-1,S,88.54899999999999,88.741,88.10739999999997,88.741,SL,-1.0
SOLUSDT,M15CONF,canonical,1779059099999,1779059100000,1779061199999,NORMAL,S,85.999,86.191,85.55739999999997,85.55739999999997,TP,2.3
SOLUSDT,M15CONF,canonical,1779172499999,1779172500000,1779173699999,NORMAL,L,85.37100000000001,85.229,85.69760000000004,85.229,SL,-1.0
SOLUSDT,M15CONF,canonical,1779323399999,1779323400000,1779324599999,NORMAL,L,86.331,86.20899999999999,86.61160000000004,86.61160000000004,TP,2.3
SOLUSDT,M15CONF,canonical,1779337499999,1779337500000,1779338099999,NORMAL,L,86.971,86.829,87.29760000000003,86.829,SL,-1.0
SOLUSDT,M15CONF,canonical,1779816299999,1779816300000,1779819899999,NORMAL,S,83.559,83.921,82.72639999999998,83.921,SL,-1.0
SOLUSDT,M15CONF,canonical,1780052699999,1780052700000,1780052999999,NORMAL,S,82.029,82.12100000000001,81.81739999999996,82.12100000000001,SL,-1.0
SOLUSDT,M15CONF,canonical,1780264799999,1780264800000,1780265099999,NORMAL,L,82.281,82.189,82.49260000000004,82.189,SL,-1.0
SOLUSDT,M15CONF,canonical,1780279199999,1780279200000,1780279799999,NORMAL,S,81.699,81.98100000000001,81.05039999999997,81.98100000000001,SL,-1.0
SOLUSDT,M15CONF,canonical,1780294799999,1780294800000,1780296299999,NORMAL,S,81.509,81.631,81.2284,81.2284,TP,2.3
SOLUSDT,M15CONF,canonical,1780321799999,1780321800000,1780322399999,NORMAL,S,80.04899999999999,80.331,79.40039999999996,79.40039999999996,TP,2.3
SOLUSDT,M15CONF,canonical,1780365299999,1780365300000,1780366199999,NORMAL,S,80.139,80.34100000000001,79.67439999999996,79.67439999999996,TP,2.3
SOLUSDT,M15CONF,canonical,1780414199999,1780414200000,1780416899999,NORMAL,S,76.179,76.821,74.70240000000001,76.821,SL,-1.0
SOLUSDT,M15CONF,canonical,1781021099999,1781021100000,1781024699999,T-1,S,64.09899999999999,64.461,63.26639999999997,64.461,SL,-1.0
SOLUSDT,M15CONF,canonical,1781840099999,1781840100000,1781843699999,T+1,S,69.029,69.301,68.40339999999998,68.40339999999998,TP,2.3
SOLUSDT,M15CONF,canonical,1782908999999,1782909000000,1782911099999,T-1,S,74.509,74.65100000000001,74.18239999999997,74.65100000000001,SL,-1.0
SOLUSDT,M15CONF,canonical,1783330499999,1783330500000,1783333499999,NORMAL,S,80.199,80.381,79.7804,80.381,SL,-1.0
SOLUSDT,M15CONF,canonical,1783439399999,1783439400000,1783440299999,NORMAL,L,82.301,81.949,83.1106,81.949,SL,-1.0
SOLUSDT,M15CONF,canonical,1783492199999,1783492200000,1783494599999,NORMAL,S,78.189,78.351,77.81639999999997,77.81639999999997,TP,2.3
SOLUSDT,M15CONF,canonical,1783614299999,1783614300000,1783614899999,NORMAL,S,77.389,77.54100000000001,77.03939999999996,77.54100000000001,SL,-1.0
SOLUSDT,M15CONF,canonical,1784558999999,1784559000000,1784559899999,NORMAL,S,76.059,76.421,75.22639999999998,76.421,SL,-1.0
SOLUSDT,M15CONF,canonical,1784897999999,1784898000000,1784898599999,NORMAL,S,74.759,74.93100000000001,74.36339999999997,74.36339999999997,TP,2.3
SOLUSDT,M15CONF,canonical,1785298799999,1785298800000,1785299099999,T-1,S,72.839,73.061,72.32839999999997,73.061,SL,-1.0
SOLUSDT,M15CONF,canonical,1785780599999,1785780600000,1785787499999,NORMAL,L,74.001,73.76899999999999,74.53460000000004,73.93,EMA,-0.306034482758594
SOLUSDT,M15CONF,canonical,1786598999999,1786599000000,1786599899999,T+1,L,76.361,76.26899999999999,76.57260000000004,76.57260000000004,TP,2.3
SOLUSDT,M15CONF,fixed,1735704299999,1735704300000,1735706099999,NORMAL,S,190.039,190.311,189.41339999999994,189.41339999999994,TP,2.3
SOLUSDT,M15CONF,fixed,1735759199999,1735759200000,1735760099999,NORMAL,L,192.391,191.879,193.5686,191.879,SL,-1.0
SOLUSDT,M15CONF,fixed,1735785599999,1735785600000,1735789199999,NORMAL,L,198.761,197.859,200.83559999999997,197.859,SL,-1.0
SOLUSDT,M15CONF,fixed,1735802699999,1735802700000,1735802999999,NORMAL,L,205.901,205.509,206.80260000000007,206.80260000000007,TP,2.3
SOLUSDT,M15CONF,fixed,1735904999999,1735905000000,1735905299999,NORMAL,L,213.201,212.489,214.83859999999996,214.83859999999996,TP,2.3
SOLUSDT,M15CONF,fixed,1736155799999,1736155800000,1736157299999,NORMAL,S,213.339,213.991,211.83939999999996,213.991,SL,-1.0
SOLUSDT,M15CONF,fixed,1736218799999,1736218800000,1736219399999,NORMAL,S,216.429,216.80100000000002,215.57339999999996,216.80100000000002,SL,-1.0
SOLUSDT,M15CONF,fixed,1736226899999,1736226900000,1736229599999,NORMAL,S,215.789,216.291,214.63439999999997,216.291,SL,-1.0
SOLUSDT,M15CONF,fixed,1736237699999,1736237700000,1736238599999,NORMAL,S,215.41899999999998,215.741,214.67839999999993,215.741,SL,-1.0
SOLUSDT,M15CONF,fixed,1736801399999,1736801400000,1736817299999,T-1,L,181.151,179.999,183.80060000000003,183.80060000000003,TP,2.3
SOLUSDT,M15CONF,fixed,1736864999999,1736865000000,1736865299999,T-1,L,189.121,188.509,190.52860000000007,188.509,SL,-1.0
SOLUSDT,M15CONF,fixed,1737482099999,1737482100000,1737484499999,NORMAL,L,249.001,247.709,251.9726,251.9726,TP,2.3
SOLUSDT,M15CONF,fixed,1738154399999,1738154400000,1738156199999,T-1,S,229.219,230.08100000000002,227.23639999999995,227.23639999999995,TP,2.3
SOLUSDT,M15CONF,fixed,1738589399999,1738589400000,1738590299999,NORMAL,S,193.299,195.251,188.8094,195.251,SL,-1.0
SOLUSDT,M15CONF,fixed,1738808099999,1738808100000,1738811699999,T-1,L,200.591,199.609,202.8496,199.609,SL,-1.0
SOLUSDT,M15CONF,fixed,1738815599999,1738815600000,1738819199999,T-1,L,201.661,200.759,203.73560000000003,200.759,SL,-1.0
SOLUSDT,M15CONF,fixed,1739795999999,1739796000000,1739798399999,NORMAL,L,185.921,185.189,187.60459999999998,185.189,SL,-1.0
SOLUSDT,M15CONF,fixed,1739805899999,1739805900000,1739807399999,NORMAL,S,182.609,183.541,180.46540000000005,180.46540000000005,TP,2.3
SOLUSDT,M15CONF,fixed,1739985599999,1739985600000,1739986199999,NORMAL,L,172.201,171.769,173.19459999999995,171.769,SL,-1.0
SOLUSDT,M15CONF,fixed,1740023699999,1740023700000,1740024899999,NORMAL,L,172.621,172.249,173.47660000000005,173.47660000000005,TP,2.3
SOLUSDT,M15CONF,fixed,1740066299999,1740066300000,1740066899999,NORMAL,S,172.22899999999998,172.671,171.21239999999997,171.21239999999997,TP,2.3
SOLUSDT,M15CONF,fixed,1740515699999,1740515700000,1740517199999,NORMAL,L,145.651,144.13899999999998,149.12860000000006,144.13899999999998,SL,-1.0
SOLUSDT,M15CONF,fixed,1740635699999,1740635700000,1740638399999,NORMAL,L,139.761,139.249,140.9386,140.9386,TP,2.3
SOLUSDT,M15CONF,fixed,1741215299999,1741215300000,1741215599999,T-1,L,146.221,145.88899999999998,146.98460000000006,145.88899999999998,SL,-1.0
SOLUSDT,M15CONF,fixed,1741266299999,1741266300000,1741268999999,T-1,S,148.529,149.221,146.93739999999997,146.93739999999997,TP,2.3
SOLUSDT,M15CONF,fixed,1741683599999,1741683600000,1741683899999,T-1,L,124.131,123.87899999999999,124.71060000000003,124.71060000000003,TP,2.3
SOLUSDT,M15CONF,fixed,1742175599999,1742175600000,1742176199999,NORMAL,L,127.90100000000001,127.619,128.54960000000003,128.54960000000003,TP,2.3
SOLUSDT,M15CONF,fixed,1742192999999,1742193000000,1742193899999,NORMAL,S,127.09899999999999,127.501,126.17439999999995,127.501,SL,-1.0
SOLUSDT,M15CONF,fixed,1742338799999,1742338800000,1742344199999,T-1,L,125.191,124.87899999999999,125.90860000000004,125.90860000000004,TP,2.3
SOLUSDT,M15CONF,fixed,1742854199999,1742854200000,1742856899999,NORMAL,S,141.009,141.371,140.17639999999994,140.17639999999994,TP,2.3
SOLUSDT,M15CONF,fixed,1743009599999,1743009600000,1743015599999,NORMAL,S,138.509,139.071,137.21639999999996,137.21639999999996,TP,2.3
SOLUSDT,M15CONF,fixed,1743041099999,1743041100000,1743044099999,NORMAL,L,138.77100000000002,138.239,139.99460000000005,139.99460000000005,TP,2.3
SOLUSDT,M15CONF,fixed,1743103499999,1743103500000,1743105299999,NORMAL,L,139.321,138.97899999999998,140.10760000000002,138.97899999999998,SL,-1.0
SOLUSDT,M15CONF,fixed,1743476399999,1743476400000,1743478799999,NORMAL,L,126.241,125.829,127.18860000000001,125.829,SL,-1.0
SOLUSDT,M15CONF,fixed,1744365299999,1744365300000,1744365899999,T+1,L,118.101,117.809,118.7726,117.809,SL,-1.0
SOLUSDT,M15CONF,fixed,1744576799999,1744576800000,1744586099999,NORMAL,S,126.79899999999999,127.93100000000001,124.19539999999995,127.93100000000001,SL,-1.0
SOLUSDT,M15CONF,fixed,1744738499999,1744738500000,1744738799999,NORMAL,S,128.659,129.071,127.71139999999998,129.071,SL,-1.0
SOLUSDT,M15CONF,fixed,1745253899999,1745253900000,1745255099999,NORMAL,S,136.359,137.151,134.53740000000002,134.53740000000002,TP,2.3
SOLUSDT,M15CONF,fixed,1745363099999,1745363100000,1745363999999,NORMAL,L,150.061,149.029,152.43460000000005,149.029,SL,-1.0
SOLUSDT,M15CONF,fixed,1745597999999,1745598000000,1745599499999,NORMAL,S,151.549,152.221,150.00340000000003,152.221,SL,-1.0
SOLUSDT,M15CONF,fixed,1745795399999,1745795400000,1745795999999,NORMAL,S,147.97899999999998,148.351,147.12339999999995,148.351,SL,-1.0
SOLUSDT,M15CONF,fixed,1745847599999,1745847600000,1745847899999,NORMAL,S,148.439,149.05100000000002,147.03139999999993,149.05100000000002,SL,-1.0
SOLUSDT,M15CONF,fixed,1745848199999,1745848200000,1745848499999,NORMAL,S,148.489,149.041,147.2194,149.041,SL,-1.0
SOLUSDT,M15CONF,fixed,1745910299999,1745910300000,1745913299999,NORMAL,L,148.091,147.829,148.6936,148.6936,TP,2.3
SOLUSDT,M15CONF,fixed,1746555599999,1746555600000,1746560099999,T-1,L,144.211,143.789,145.18160000000006,145.18160000000006,TP,2.3
SOLUSDT,M15CONF,fixed,1746576899999,1746576900000,1746577499999,T-1,L,147.191,146.689,148.34560000000002,148.34560000000002,TP,2.3
SOLUSDT,M15CONF,fixed,1747594199999,1747594200000,1747595099999,NORMAL,S,169.529,170.491,167.31639999999996,170.491,SL,-1.0
SOLUSDT,M15CONF,fixed,1747624499999,1747624500000,1747625099999,NORMAL,S,165.719,166.481,163.9664,166.481,SL,-1.0
SOLUSDT,M15CONF,fixed,1747724699999,1747724700000,1747728899999,NORMAL,S,167.88899999999998,168.421,166.66539999999995,166.66539999999995,TP,2.3
SOLUSDT,M15CONF,fixed,1747739099999,1747739100000,1747740899999,NORMAL,S,165.819,166.481,164.29639999999998,166.481,SL,-1.0
SOLUSDT,M15CONF,fixed,1748279399999,1748279400000,1748279999999,NORMAL,S,175.719,175.941,175.20839999999998,175.20839999999998,TP,2.3
SOLUSDT,M15CONF,fixed,1748469299999,1748469300000,1748469599999,NORMAL,L,171.481,171.239,172.03759999999997,171.239,SL,-1.0
SOLUSDT,M15CONF,fixed,1748814599999,1748814600000,1748816099999,NORMAL,L,156.791,156.559,157.3246,157.3246,TP,2.3
SOLUSDT,M15CONF,fixed,1748833799999,1748833800000,1748843399999,NORMAL,S,155.909,156.451,154.6624,154.6624,TP,2.3
SOLUSDT,M15CONF,fixed,1750251599999,1750251600000,1750253099999,T-1,S,144.879,145.33100000000002,143.83939999999993,143.83939999999993,TP,2.3
SOLUSDT,M15CONF,fixed,1750394399999,1750394400000,1750397999999,T+1,S,144.739,145.141,143.81440000000003,145.141,SL,-1.0
SOLUSDT,M15CONF,fixed,1750427999999,1750428000000,1750429799999,T+1,S,146.469,146.86100000000002,145.56739999999994,145.56739999999994,TP,2.3
SOLUSDT,M15CONF,fixed,1750708499999,1750708500000,1750716299999,NORMAL,L,139.891,138.869,142.24159999999998,142.24159999999998,TP,2.3
SOLUSDT,M15CONF,fixed,1750792199999,1750792200000,1750792799999,NORMAL,S,143.179,143.691,142.0014,143.691,SL,-1.0
SOLUSDT,M15CONF,fixed,1750930199999,1750930200000,1750932899999,NORMAL,S,143.829,144.091,143.2264,144.091,SL,-1.0
SOLUSDT,M15CONF,fixed,1750978499999,1750978500000,1750986599999,NORMAL,S,138.879,139.52100000000002,137.40239999999994,137.40239999999994,TP,2.3
SOLUSDT,M15CONF,fixed,1751235299999,1751235300000,1751235599999,NORMAL,L,152.36100000000002,151.959,153.28560000000004,153.28560000000004,TP,2.3
SOLUSDT,M15CONF,fixed,1751259599999,1751259600000,1751260199999,NORMAL,S,150.879,151.27100000000002,149.97739999999993,151.27100000000002,SL,-1.0
SOLUSDT,M15CONF,fixed,1751260499999,1751260500000,1751262599999,NORMAL,S,150.879,151.151,150.25339999999994,151.151,SL,-1.0
SOLUSDT,M15CONF,fixed,1751467199999,1751467200000,1751467499999,T-1,L,149.921,149.309,151.3286,149.309,SL,-1.0
SOLUSDT,M15CONF,fixed,1751597099999,1751597100000,1751598899999,T+1,S,151.079,151.491,150.13139999999999,151.491,SL,-1.0
SOLUSDT,M15CONF,fixed,1751912999999,1751913000000,1751913599999,NORMAL,S,149.099,149.541,148.08239999999998,149.541,SL,-1.0
SOLUSDT,M15CONF,fixed,1752059399999,1752059400000,1752060299999,NORMAL,L,153.27100000000002,153.159,153.52860000000007,153.159,SL,-1.0
SOLUSDT,M15CONF,fixed,1752459899999,1752459900000,1752461399999,T-1,L,163.951,163.399,165.2206,165.2206,TP,2.3
SOLUSDT,M15CONF,fixed,1752601799999,1752601800000,1752604499999,T+1,L,162.681,162.059,164.11160000000004,162.059,SL,-1.0
SOLUSDT,M15CONF,fixed,1753137599999,1753137600000,1753138499999,NORMAL,L,196.821,196.589,197.3546,197.3546,TP,2.3
SOLUSDT,M15CONF,fixed,1753702499999,1753702500000,1753702799999,NORMAL,S,190.619,191.251,189.16539999999998,191.251,SL,-1.0
SOLUSDT,M15CONF,fixed,1754389499999,1754389500000,1754389799999,NORMAL,L,169.441,168.929,170.61860000000001,170.61860000000001,TP,2.3
SOLUSDT,M15CONF,fixed,1754403599999,1754403600000,1754430899999,NORMAL,S,164.499,165.701,161.7344,161.7344,TP,2.3
SOLUSDT,M15CONF,fixed,1754489999999,1754490000000,1754490299999,NORMAL,L,165.33100000000002,164.47899999999998,167.2906000000001,164.47899999999998,SL,-1.0
SOLUSDT,M15CONF,fixed,1754504099999,1754504100000,1754504699999,NORMAL,L,169.751,169.299,170.7906,169.299,SL,-1.0
SOLUSDT,M15CONF,fixed,1754897699999,1754897700000,1754901599999,T-1,S,183.299,183.921,181.86840000000004,183.921,SL,-1.0
SOLUSDT,M15CONF,fixed,1755638999999,1755639000000,1755641099999,NORMAL,L,178.83100000000002,178.369,179.89360000000005,178.369,SL,-1.0
SOLUSDT,M15CONF,fixed,1755849899999,1755849900000,1755852899999,NORMAL,L,184.291,183.879,185.23860000000002,183.879,SL,-1.0
SOLUSDT,M15CONF,fixed,1755857399999,1755857400000,1755859199999,NORMAL,S,182.149,182.491,181.36239999999998,181.36239999999998,TP,2.3
SOLUSDT,M15CONF,fixed,1756187399999,1756187400000,1756187999999,NORMAL,L,189.371,189.059,190.08860000000004,189.059,SL,-1.0
SOLUSDT,M15CONF,fixed,1756226999999,1756227000000,1756230299999,NORMAL,L,192.86100000000002,192.22899999999998,194.3146000000001,192.22899999999998,SL,-1.0
SOLUSDT,M15CONF,fixed,1756316699999,1756316700000,1756321199999,NORMAL,L,209.86100000000002,208.819,212.25760000000008,208.819,SL,-1.0
SOLUSDT,M15CONF,fixed,1756324799999,1756324800000,1756325399999,NORMAL,S,206.22899999999998,207.171,204.06239999999997,204.06239999999997,TP,2.3
SOLUSDT,M15CONF,fixed,1756793099999,1756793100000,1756797899999,NORMAL,L,203.791,203.049,205.49759999999998,203.049,SL,-1.0
SOLUSDT,M15CONF,fixed,1756823699999,1756823700000,1756823999999,NORMAL,L,204.61100000000002,204.079,205.83460000000005,204.079,SL,-1.0
SOLUSDT,M15CONF,fixed,1756955099999,1756955100000,1756955999999,T-1,S,207.66899999999998,208.311,206.19239999999994,208.311,SL,-1.0
SOLUSDT,M15CONF,fixed,1757488499999,1757488500000,1757489399999,T-1,L,219.911,219.289,221.34160000000003,221.34160000000003,TP,2.3
SOLUSDT,M15CONF,fixed,1757676299999,1757676300000,1757677199999,T+1,L,239.30100000000002,238.749,240.57060000000007,238.749,SL,-1.0
SOLUSDT,M15CONF,fixed,1758042899999,1758042900000,1758044399999,T-1,L,239.55100000000002,238.859,241.14260000000004,238.859,SL,-1.0
SOLUSDT,M15CONF,fixed,1758902999999,1758903000000,1758903899999,NORMAL,L,197.52100000000002,196.789,199.20460000000008,199.20460000000008,TP,2.3
SOLUSDT,M15CONF,fixed,1759081199999,1759081200000,1759086599999,NORMAL,L,205.121,204.499,206.55160000000004,206.55160000000004,TP,2.3
SOLUSDT,M15CONF,fixed,1759142399999,1759142400000,1759148999999,NORMAL,S,206.859,207.481,205.42840000000004,207.481,SL,-1.0
SOLUSDT,M15CONF,fixed,1759220399999,1759220400000,1759221299999,NORMAL,S,208.47899999999998,208.791,207.76139999999995,207.76139999999995,TP,2.3
SOLUSDT,M15CONF,fixed,1759306499999,1759306500000,1759306799999,NORMAL,L,210.491,209.939,211.76060000000007,209.939,SL,-1.0
SOLUSDT,M15CONF,fixed,1759694099999,1759694100000,1759694999999,NORMAL,S,226.769,227.421,225.26940000000005,227.421,SL,-1.0
SOLUSDT,M15CONF,fixed,1759731899999,1759731900000,1759736099999,NORMAL,L,233.731,232.91899999999998,235.59860000000003,232.91899999999998,SL,-1.0
SOLUSDT,M15CONF,fixed,1759753499999,1759753500000,1759754099999,NORMAL,L,234.321,233.789,235.54460000000003,233.789,SL,-1.0
SOLUSDT,M15CONF,fixed,1759850699999,1759850700000,1759851599999,NORMAL,S,223.94899999999998,224.571,222.51839999999996,222.51839999999996,TP,2.3
SOLUSDT,M15CONF,fixed,1759997699999,1759997700000,1759998599999,NORMAL,S,223.029,223.77100000000002,221.32239999999996,221.32239999999996,TP,2.3
SOLUSDT,M15CONF,fixed,1760020499999,1760020500000,1760021099999,NORMAL,S,219.739,220.991,216.8594,220.991,SL,-1.0
SOLUSDT,M15CONF,fixed,1760618999999,1760619000000,1760619899999,NORMAL,L,197.411,196.819,198.77260000000004,196.819,SL,-1.0
SOLUSDT,M15CONF,fixed,1760661599999,1760661600000,1760662199999,NORMAL,L,186.161,185.72899999999998,187.15460000000004,185.72899999999998,SL,-1.0
SOLUSDT,M15CONF,fixed,1761049199999,1761049200000,1761052199999,NORMAL,L,186.731,186.079,188.23059999999995,186.079,SL,-1.0
SOLUSDT,M15CONF,fixed,1761164399999,1761164400000,1761165599999,T-1,S,179.16899999999998,180.091,177.04839999999993,180.091,SL,-1.0
SOLUSDT,M15CONF,fixed,1761186899999,1761186900000,1761187799999,T-1,L,182.151,181.829,182.8916,181.829,SL,-1.0
SOLUSDT,M15CONF,fixed,1761715199999,1761715200000,1761718799999,T-1,L,195.291,194.779,196.4686,194.779,SL,-1.0
SOLUSDT,M15CONF,fixed,1761742799999,1761742800000,1761743999999,T-1,L,199.821,199.259,201.11360000000002,201.11360000000002,TP,2.3
SOLUSDT,M15CONF,fixed,1761851699999,1761851700000,1761853199999,T+1,S,180.969,181.52100000000002,179.69939999999994,179.69939999999994,TP,2.3
SOLUSDT,M15CONF,fixed,1761872999999,1761873000000,1761875099999,T+1,L,186.481,185.63899999999998,188.41760000000002,185.63899999999998,SL,-1.0
SOLUSDT,M15CONF,fixed,1762137299999,1762137300000,1762139699999,NORMAL,S,183.519,184.401,181.4904,181.4904,TP,2.3
SOLUSDT,M15CONF,fixed,1762152299999,1762152300000,1762152899999,NORMAL,S,175.069,175.731,173.54639999999998,175.731,SL,-1.0
SOLUSDT,M15CONF,fixed,1762274999999,1762275000000,1762276499999,NORMAL,S,158.149,159.591,154.83239999999998,154.83239999999998,TP,2.3
SOLUSDT,M15CONF,fixed,1762311599999,1762311600000,1762331099999,NORMAL,L,156.221,154.499,160.18160000000003,154.499,SL,-1.0
SOLUSDT,M15CONF,fixed,1762890899999,1762890900000,1762891799999,NORMAL,S,157.819,158.151,157.05539999999993,157.05539999999993,TP,2.3
SOLUSDT,M15CONF,fixed,1763042999999,1763043000000,1763045699999,NORMAL,S,153.259,154.001,151.55239999999995,154.001,SL,-1.0
SOLUSDT,M15CONF,fixed,1763050799999,1763050800000,1763054099999,NORMAL,S,152.079,153.001,149.9584,149.9584,TP,2.3
SOLUSDT,M15CONF,fixed,1763395499999,1763395500000,1763401499999,NORMAL,S,135.63899999999998,137.11100000000002,132.25339999999989,132.25339999999989,TP,2.3
SOLUSDT,M15CONF,fixed,1763709599999,1763709600000,1763710499999,T+1,S,129.679,130.501,127.7884,127.7884,TP,2.3
SOLUSDT,M15CONF,fixed,1763999999999,1764000000000,1764001799999,NORMAL,L,131.941,131.469,133.02660000000003,133.02660000000003,TP,2.3
SOLUSDT,M15CONF,fixed,1764159299999,1764159300000,1764163499999,NORMAL,S,135.749,136.251,134.59439999999998,136.251,SL,-1.0
SOLUSDT,M15CONF,fixed,1764558599999,1764558600000,1764576599999,NORMAL,S,126.619,127.40100000000001,124.82039999999998,127.40100000000001,SL,-1.0
SOLUSDT,M15CONF,fixed,1764731699999,1764731700000,1764735899999,NORMAL,L,140.131,139.849,140.77960000000002,140.77960000000002,TP,2.3
SOLUSDT,M15CONF,fixed,1764869999999,1764870000000,1764871199999,NORMAL,S,141.249,142.061,139.38139999999996,142.061,SL,-1.0
SOLUSDT,M15CONF,fixed,1764908999999,1764909000000,1764909299999,NORMAL,S,138.589,138.791,138.1244,138.1244,TP,2.3
SOLUSDT,M15CONF,fixed,1764919499999,1764919500000,1764920399999,NORMAL,L,140.27100000000002,139.999,140.89660000000006,139.999,SL,-1.0
SOLUSDT,M15CONF,fixed,1765164899999,1765164900000,1765165199999,NORMAL,L,134.471,134.299,134.8666,134.299,SL,-1.0
SOLUSDT,M15CONF,fixed,1765476899999,1765476900000,1765478699999,T+1,L,133.501,132.72899999999998,135.27660000000006,135.27660000000006,TP,2.3
SOLUSDT,M15CONF,fixed,1765763399999,1765763400000,1765764299999,T-1,L,130.971,130.609,131.8036,131.8036,TP,2.3
SOLUSDT,M15CONF,fixed,1766337299999,1766337300000,1766338199999,NORMAL,L,126.161,125.869,126.8326,125.869,SL,-1.0
SOLUSDT,M15CONF,fixed,1766508899999,1766508900000,1766509499999,NORMAL,L,124.781,124.369,125.72860000000001,124.369,SL,-1.0
SOLUSDT,M15CONF,fixed,1766753999999,1766754000000,1766754599999,NORMAL,L,123.95100000000001,123.889,124.09360000000004,124.09360000000004,TP,2.3
SOLUSDT,M15CONF,fixed,1767130799999,1767130800000,1767131399999,NORMAL,S,123.579,123.861,122.93039999999996,123.861,SL,-1.0
SOLUSDT,M15CONF,fixed,1767211799999,1767211800000,1767212999999,NORMAL,S,124.09899999999999,124.301,123.63439999999996,124.301,SL,-1.0
SOLUSDT,M15CONF,fixed,1767229499999,1767229500000,1767230399999,NORMAL,L,125.251,125.059,125.69260000000003,125.69260000000003,TP,2.3
SOLUSDT,M15CONF,fixed,1767251999999,1767252000000,1767253799999,NORMAL,S,124.70899999999999,124.851,124.38239999999996,124.38239999999996,TP,2.3
SOLUSDT,M15CONF,fixed,1767296999999,1767297000000,1767299699999,NORMAL,L,125.691,125.509,126.1096,125.509,SL,-1.0
SOLUSDT,M15CONF,fixed,1767627899999,1767627900000,1767629399999,NORMAL,L,136.431,135.599,138.34460000000007,135.599,SL,-1.0
SOLUSDT,M15CONF,fixed,1767638699999,1767638700000,1767640799999,NORMAL,L,136.691,136.22899999999998,137.75360000000003,137.75360000000003,TP,2.3
SOLUSDT,M15CONF,fixed,1768854299999,1768854300000,1768855799999,NORMAL,L,134.911,134.649,135.5136,134.649,SL,-1.0
SOLUSDT,M15CONF,fixed,1768862399999,1768862400000,1768863299999,NORMAL,S,133.219,133.491,132.59339999999995,133.491,SL,-1.0
SOLUSDT,M15CONF,fixed,1769015399999,1769015400000,1769017499999,NORMAL,S,126.119,126.741,124.6884,126.741,SL,-1.0
SOLUSDT,M15CONF,fixed,1769070599999,1769070600000,1769071199999,NORMAL,S,129.459,129.661,128.9944,129.661,SL,-1.0
SOLUSDT,M15CONF,fixed,1769365799999,1769365800000,1769367899999,NORMAL,S,121.23899999999999,121.741,120.08439999999997,121.741,SL,-1.0
SOLUSDT,M15CONF,fixed,1769771699999,1769771700000,1769772299999,T+1,L,116.071,115.889,116.4896,115.889,SL,-1.0
SOLUSDT,M15CONF,fixed,1770069899999,1770069900000,1770070799999,NORMAL,L,105.01100000000001,104.749,105.61360000000005,104.749,SL,-1.0
SOLUSDT,M15CONF,fixed,1770113699999,1770113700000,1770114599999,NORMAL,S,102.729,103.051,101.9884,103.051,SL,-1.0
SOLUSDT,M15CONF,fixed,1770159899999,1770159900000,1770165599999,NORMAL,S,97.719,98.531,95.85139999999997,98.531,SL,-1.0
SOLUSDT,M15CONF,fixed,1770322799999,1770322800000,1770323399999,NORMAL,S,80.219,81.271,77.79939999999998,77.79939999999998,TP,2.3
SOLUSDT,M15CONF,fixed,1770705899999,1770705900000,1770706499999,T-1,S,85.029,85.351,84.2884,84.2884,TP,2.3
SOLUSDT,M15CONF,fixed,1771266299999,1771266300000,1771267199999,NORMAL,L,84.911,84.619,85.5826,84.619,SL,-1.0
SOLUSDT,M15CONF,fixed,1771424999999,1771425000000,1771425299999,NORMAL,S,82.149,82.531,81.2704,82.531,SL,-1.0
SOLUSDT,M15CONF,fixed,1771593299999,1771593300000,1771594499999,NORMAL,S,83.119,83.34100000000001,82.60839999999997,82.60839999999997,TP,2.3
SOLUSDT,M15CONF,fixed,1771867799999,1771867800000,1771871699999,NORMAL,S,78.189,78.691,77.03439999999998,78.691,SL,-1.0
SOLUSDT,M15CONF,fixed,1772210399999,1772210400000,1772231699999,NORMAL,S,81.719,82.18100000000001,80.65639999999995,80.65639999999995,TP,2.3
SOLUSDT,M15CONF,fixed,1773249899999,1773249900000,1773250799999,T+1,L,87.271,86.869,88.1956,86.869,SL,-1.0
SOLUSDT,M15CONF,fixed,1773610199999,1773610200000,1773610499999,NORMAL,L,88.941,88.759,89.3596,89.3596,TP,2.3
SOLUSDT,M15CONF,fixed,1774577399999,1774577400000,1774577699999,NORMAL,L,86.941,86.84899999999999,87.15260000000004,86.84899999999999,SL,-1.0
SOLUSDT,M15CONF,fixed,1774833299999,1774833300000,1774835399999,NORMAL,L,82.311,82.09899999999999,82.79860000000005,82.79860000000005,TP,2.3
SOLUSDT,M15CONF,fixed,1775549999999,1775550000000,1775551199999,NORMAL,L,80.131,79.95899999999999,80.52660000000003,79.95899999999999,SL,-1.0
SOLUSDT,M15CONF,fixed,1776141899999,1776141900000,1776142199999,NORMAL,S,85.62899999999999,85.73100000000001,85.39439999999995,85.73100000000001,SL,-1.0
SOLUSDT,M15CONF,fixed,1776281699999,1776281700000,1776283799999,NORMAL,L,85.381,85.119,85.9836,85.119,SL,-1.0
SOLUSDT,M15CONF,fixed,1776364499999,1776364500000,1776365399999,NORMAL,L,87.551,87.029,88.75160000000001,88.75160000000001,TP,2.3
SOLUSDT,M15CONF,fixed,1776405599999,1776405600000,1776406199999,NORMAL,S,87.339,87.521,86.9204,87.521,SL,-1.0
SOLUSDT,M15CONF,fixed,1776657299999,1776657300000,1776658799999,NORMAL,L,84.561,84.359,85.02560000000004,84.359,SL,-1.0
SOLUSDT,M15CONF,fixed,1776782399999,1776782400000,1776782999999,NORMAL,L,86.59100000000001,86.229,87.42360000000002,86.229,SL,-1.0
SOLUSDT,M15CONF,fixed,1777405499999,1777405500000,1777408499999,T-1,L,83.921,83.779,84.24760000000003,83.779,SL,-1.0
SOLUSDT,M15CONF,fixed,1777470299999,1777470300000,1777470899999,T-1,S,83.749,83.90100000000001,83.39939999999996,83.90100000000001,SL,-1.0
SOLUSDT,M15CONF,fixed,1777596299999,1777596300000,1777596599999,T+1,L,83.29100000000001,83.179,83.54860000000004,83.179,SL,-1.0
SOLUSDT,M15CONF,fixed,1777868999999,1777869000000,1777871699999,NORMAL,L,85.68100000000001,85.529,86.03060000000005,85.529,SL,-1.0
SOLUSDT,M15CONF,fixed,1778162399999,1778162400000,1778163299999,T-1,S,88.54899999999999,88.741,88.10739999999997,88.741,SL,-1.0
SOLUSDT,M15CONF,fixed,1779059099999,1779059100000,1779061199999,NORMAL,S,85.999,86.191,85.55739999999997,85.55739999999997,TP,2.3
SOLUSDT,M15CONF,fixed,1779172499999,1779172500000,1779173699999,NORMAL,L,85.37100000000001,85.229,85.69760000000004,85.229,SL,-1.0
SOLUSDT,M15CONF,fixed,1779323399999,1779323400000,1779324599999,NORMAL,L,86.331,86.20899999999999,86.61160000000004,86.61160000000004,TP,2.3
SOLUSDT,M15CONF,fixed,1779337499999,1779337500000,1779338099999,NORMAL,L,86.971,86.829,87.29760000000003,86.829,SL,-1.0
SOLUSDT,M15CONF,fixed,1779816299999,1779816300000,1779819899999,NORMAL,S,83.559,83.921,82.72639999999998,83.921,SL,-1.0
SOLUSDT,M15CONF,fixed,1780052699999,1780052700000,1780052999999,NORMAL,S,82.029,82.12100000000001,81.81739999999996,82.12100000000001,SL,-1.0
SOLUSDT,M15CONF,fixed,1780264799999,1780264800000,1780265099999,NORMAL,L,82.281,82.189,82.49260000000004,82.189,SL,-1.0
SOLUSDT,M15CONF,fixed,1780279199999,1780279200000,1780279799999,NORMAL,S,81.699,81.98100000000001,81.05039999999997,81.98100000000001,SL,-1.0
SOLUSDT,M15CONF,fixed,1780294799999,1780294800000,1780296299999,NORMAL,S,81.509,81.631,81.2284,81.2284,TP,2.3
SOLUSDT,M15CONF,fixed,1780321799999,1780321800000,1780322399999,NORMAL,S,80.04899999999999,80.331,79.40039999999996,79.40039999999996,TP,2.3
SOLUSDT,M15CONF,fixed,1780365299999,1780365300000,1780366199999,NORMAL,S,80.139,80.34100000000001,79.67439999999996,79.67439999999996,TP,2.3
SOLUSDT,M15CONF,fixed,1780414199999,1780414200000,1780416899999,NORMAL,S,76.179,76.821,74.70240000000001,76.821,SL,-1.0
SOLUSDT,M15CONF,fixed,1781021099999,1781021100000,1781024699999,T-1,S,64.09899999999999,64.461,63.26639999999997,64.461,SL,-1.0
SOLUSDT,M15CONF,fixed,1781840099999,1781840100000,1781843699999,T+1,S,69.029,69.301,68.40339999999998,68.40339999999998,TP,2.3
SOLUSDT,M15CONF,fixed,1782908999999,1782909000000,1782911099999,T-1,S,74.509,74.65100000000001,74.18239999999997,74.65100000000001,SL,-1.0
SOLUSDT,M15CONF,fixed,1783330499999,1783330500000,1783333499999,NORMAL,S,80.199,80.381,79.7804,80.381,SL,-1.0
SOLUSDT,M15CONF,fixed,1783439399999,1783439400000,1783440299999,NORMAL,L,82.301,81.949,83.1106,81.949,SL,-1.0
SOLUSDT,M15CONF,fixed,1783492199999,1783492200000,1783494599999,NORMAL,S,78.189,78.351,77.81639999999997,77.81639999999997,TP,2.3
SOLUSDT,M15CONF,fixed,1783614299999,1783614300000,1783614899999,NORMAL,S,77.389,77.54100000000001,77.03939999999996,77.54100000000001,SL,-1.0
SOLUSDT,M15CONF,fixed,1784558999999,1784559000000,1784559899999,NORMAL,S,76.059,76.421,75.22639999999998,76.421,SL,-1.0
SOLUSDT,M15CONF,fixed,1784897999999,1784898000000,1784898599999,NORMAL,S,74.759,74.93100000000001,74.36339999999997,74.36339999999997,TP,2.3
SOLUSDT,M15CONF,fixed,1785298799999,1785298800000,1785299099999,T-1,S,72.839,73.061,72.32839999999997,73.061,SL,-1.0
SOLUSDT,M15CONF,fixed,1785780599999,1785780600000,1785790499999,NORMAL,L,74.001,73.76899999999999,74.53460000000004,73.76899999999999,SL,-1.0
SOLUSDT,M15CONF,fixed,1786598999999,1786599000000,1786599899999,T+1,L,76.361,76.26899999999999,76.57260000000004,76.57260000000004,TP,2.3
SOLUSDT,COST06_M15,canonical,1736801399999,1736801400000,1736811899999,T-1,L,181.151,179.999,183.80060000000003,183.2,SESSION,1.7786458333332908
SOLUSDT,COST06_M15,canonical,1737482399999,1737482400000,1737484499999,NORMAL,L,249.721,248.009,253.65860000000004,253.65860000000004,TP,2.3
SOLUSDT,COST06_M15,canonical,1738589399999,1738589400000,1738590299999,NORMAL,S,193.299,195.251,188.8094,195.251,SL,-1.0
SOLUSDT,COST06_M15,canonical,1740515699999,1740515700000,1740517199999,NORMAL,L,145.651,144.13899999999998,149.12860000000006,144.13899999999998,SL,-1.0
SOLUSDT,COST06_M15,canonical,1744576799999,1744576800000,1744581599999,NORMAL,S,126.79899999999999,127.93100000000001,124.19539999999995,127.31,EMA,-0.45141342756183855
SOLUSDT,COST06_M15,canonical,1745363099999,1745363100000,1745363999999,NORMAL,L,150.061,149.029,152.43460000000005,149.029,SL,-1.0
SOLUSDT,COST06_M15,canonical,1750708499999,1750708500000,1750716299999,NORMAL,L,139.891,138.869,142.24159999999998,142.24159999999998,TP,2.3
SOLUSDT,COST06_M15,canonical,1754403599999,1754403600000,1754414699999,NORMAL,S,164.499,165.701,161.7344,164.08,EMA,0.34858569051579313
SOLUSDT,COST06_M15,canonical,1762274999999,1762275000000,1762276499999,NORMAL,S,158.149,159.591,154.83239999999998,154.83239999999998,TP,2.3
SOLUSDT,COST06_M15,canonical,1762311599999,1762311600000,1762316999999,NORMAL,L,156.221,154.499,160.18160000000003,155.76,EMA,-0.2677119628339201
SOLUSDT,COST06_M15,canonical,1763050799999,1763050800000,1763054099999,NORMAL,S,152.079,153.001,149.9584,149.9584,TP,2.3
SOLUSDT,COST06_M15,canonical,1763395499999,1763395500000,1763401499999,NORMAL,S,135.63899999999998,137.11100000000002,132.25339999999989,132.25339999999989,TP,2.3
SOLUSDT,COST06_M15,canonical,1763709599999,1763709600000,1763710499999,T+1,S,129.679,130.501,127.7884,127.7884,TP,2.3
SOLUSDT,COST06_M15,canonical,1764558599999,1764558600000,1764571199999,NORMAL,S,126.619,127.40100000000001,124.82039999999998,126.64,EMA,-0.026854219948849754
SOLUSDT,COST06_M15,canonical,1767627899999,1767627900000,1767629399999,NORMAL,L,136.431,135.599,138.34460000000007,135.599,SL,-1.0
SOLUSDT,COST06_M15,canonical,1770159899999,1770159900000,1770162299999,NORMAL,S,97.719,98.531,95.85139999999997,97.94,SESSION,-0.2721674876847296
SOLUSDT,COST06_M15,canonical,1770322799999,1770322800000,1770323399999,NORMAL,S,80.219,81.271,77.79939999999998,77.79939999999998,TP,2.3
SOLUSDT,COST06_M15,canonical,1771867799999,1771867800000,1771871399999,NORMAL,S,78.189,78.691,77.03439999999998,78.48,EMA,-0.5796812749004093
SOLUSDT,COST06_M15,canonical,1780414199999,1780414200000,1780416899999,NORMAL,S,76.179,76.821,74.70240000000001,76.821,SL,-1.0
SOLUSDT,COST06_M15,fixed,1736801399999,1736801400000,1736817299999,T-1,L,181.151,179.999,183.80060000000003,183.80060000000003,TP,2.3
SOLUSDT,COST06_M15,fixed,1737482399999,1737482400000,1737484499999,NORMAL,L,249.721,248.009,253.65860000000004,253.65860000000004,TP,2.3
SOLUSDT,COST06_M15,fixed,1738589399999,1738589400000,1738590299999,NORMAL,S,193.299,195.251,188.8094,195.251,SL,-1.0
SOLUSDT,COST06_M15,fixed,1740515699999,1740515700000,1740517199999,NORMAL,L,145.651,144.13899999999998,149.12860000000006,144.13899999999998,SL,-1.0
SOLUSDT,COST06_M15,fixed,1744576799999,1744576800000,1744586099999,NORMAL,S,126.79899999999999,127.93100000000001,124.19539999999995,127.93100000000001,SL,-1.0
SOLUSDT,COST06_M15,fixed,1745363099999,1745363100000,1745363999999,NORMAL,L,150.061,149.029,152.43460000000005,149.029,SL,-1.0
SOLUSDT,COST06_M15,fixed,1750708499999,1750708500000,1750716299999,NORMAL,L,139.891,138.869,142.24159999999998,142.24159999999998,TP,2.3
SOLUSDT,COST06_M15,fixed,1754403599999,1754403600000,1754430899999,NORMAL,S,164.499,165.701,161.7344,161.7344,TP,2.3
SOLUSDT,COST06_M15,fixed,1762274999999,1762275000000,1762276499999,NORMAL,S,158.149,159.591,154.83239999999998,154.83239999999998,TP,2.3
SOLUSDT,COST06_M15,fixed,1762311599999,1762311600000,1762331099999,NORMAL,L,156.221,154.499,160.18160000000003,154.499,SL,-1.0
SOLUSDT,COST06_M15,fixed,1763050799999,1763050800000,1763054099999,NORMAL,S,152.079,153.001,149.9584,149.9584,TP,2.3
SOLUSDT,COST06_M15,fixed,1763395499999,1763395500000,1763401499999,NORMAL,S,135.63899999999998,137.11100000000002,132.25339999999989,132.25339999999989,TP,2.3
SOLUSDT,COST06_M15,fixed,1763709599999,1763709600000,1763710499999,T+1,S,129.679,130.501,127.7884,127.7884,TP,2.3
SOLUSDT,COST06_M15,fixed,1764558599999,1764558600000,1764576599999,NORMAL,S,126.619,127.40100000000001,124.82039999999998,127.40100000000001,SL,-1.0
SOLUSDT,COST06_M15,fixed,1767627899999,1767627900000,1767629399999,NORMAL,L,136.431,135.599,138.34460000000007,135.599,SL,-1.0
SOLUSDT,COST06_M15,fixed,1770159899999,1770159900000,1770165599999,NORMAL,S,97.719,98.531,95.85139999999997,98.531,SL,-1.0
SOLUSDT,COST06_M15,fixed,1770322799999,1770322800000,1770323399999,NORMAL,S,80.219,81.271,77.79939999999998,77.79939999999998,TP,2.3
SOLUSDT,COST06_M15,fixed,1771867799999,1771867800000,1771871699999,NORMAL,S,78.189,78.691,77.03439999999998,78.691,SL,-1.0
SOLUSDT,COST06_M15,fixed,1780414199999,1780414200000,1780416899999,NORMAL,S,76.179,76.821,74.70240000000001,76.821,SL,-1.0
SUIUSDT,BASE,canonical,1736117699999,1736117700000,1736117999999,NORMAL,L,5.2469,5.242500000000001,5.257019999999999,5.257019999999999,TP,2.3
SUIUSDT,BASE,canonical,1736125499999,1736125500000,1736127899999,NORMAL,S,5.17,5.190799999999999,5.122160000000001,5.190799999999999,SL,-1.0
SUIUSDT,BASE,canonical,1736189399999,1736189400000,1736191799999,NORMAL,S,5.1846000000000005,5.2119,5.121810000000002,5.2119,SL,-1.0
SUIUSDT,BASE,canonical,1737321299999,1737321300000,1737321599999,NORMAL,S,4.8979,4.9165,4.855119999999999,4.9165,SL,-1.0
SUIUSDT,BASE,canonical,1737479399999,1737479400000,1737481799999,NORMAL,L,4.5186,4.4956000000000005,4.5714999999999995,4.5714999999999995,TP,2.3
SUIUSDT,BASE,canonical,1737612599999,1737612600000,1737614099999,NORMAL,L,4.4314,4.4123,4.47533,4.4123,SL,-1.0
SUIUSDT,BASE,canonical,1737694799999,1737694800000,1737697499999,NORMAL,L,4.395,4.3712,4.4497399999999985,4.3712,SL,-1.0
SUIUSDT,BASE,canonical,1737954899999,1737954900000,1737957899999,NORMAL,S,3.6689,3.7021,3.592539999999999,3.7021,SL,-1.0
SUIUSDT,BASE,canonical,1738847399999,1738847400000,1738848899999,T-1,S,3.3815999999999997,3.3967,3.346869999999999,3.3967,SL,-1.0
SUIUSDT,BASE,canonical,1739224199999,1739224200000,1739226299999,T-1,S,3.2102999999999997,3.2306000000000004,3.163609999999998,3.2306000000000004,SL,-1.0
SUIUSDT,BASE,canonical,1739252399999,1739252400000,1739253599999,T-1,L,3.4426,3.4250999999999996,3.4828500000000013,3.4828500000000013,TP,2.3
SUIUSDT,BASE,canonical,1739391599999,1739391600000,1739399099999,T+1,L,3.4748,3.4419,3.5504700000000007,3.5504700000000007,TP,2.3
SUIUSDT,BASE,canonical,1739768399999,1739768400000,1739768699999,NORMAL,S,3.2365999999999997,3.2561,3.191749999999999,3.191749999999999,TP,2.3
SUIUSDT,BASE,canonical,1739785199999,1739785200000,1739788799999,NORMAL,L,3.2997,3.2828999999999997,3.338340000000001,3.2883,EMA,-0.6785714285714182
SUIUSDT,BASE,canonical,1739826899999,1739826900000,1739827199999,NORMAL,L,3.2305,3.2211999999999996,3.2518900000000013,3.2211999999999996,SL,-1.0
SUIUSDT,BASE,canonical,1740071699999,1740071700000,1740072599999,NORMAL,L,3.3721,3.3554,3.4105100000000004,3.4105100000000004,TP,2.3
SUIUSDT,BASE,canonical,1740367199999,1740367200000,1740368399999,NORMAL,S,3.2918999999999996,3.3120000000000003,3.2456699999999983,3.3120000000000003,SL,-1.0
SUIUSDT,BASE,canonical,1740369599999,1740369600000,1740370499999,NORMAL,S,3.2948999999999997,3.3055000000000003,3.2705199999999985,3.2705199999999985,TP,2.3
SUIUSDT,BASE,canonical,1740371399999,1740371400000,1740372599999,NORMAL,S,3.2514999999999996,3.2723000000000004,3.203659999999998,3.2723000000000004,SL,-1.0
SUIUSDT,BASE,canonical,1740521399999,1740521400000,1740521999999,NORMAL,L,3.0074,2.9804,3.0695000000000006,2.9804,SL,-1.0
SUIUSDT,BASE,canonical,1740635699999,1740635700000,1740636899999,NORMAL,L,2.9365,2.9257,2.9613400000000003,2.9257,SL,-1.0
SUIUSDT,BASE,canonical,1741038899999,1741038900000,1741040699999,NORMAL,S,2.6056,2.6292000000000004,2.5513199999999987,2.6292000000000004,SL,-1.0
SUIUSDT,BASE,canonical,1742894399999,1742894400000,1742895599999,NORMAL,L,2.3705000000000003,2.3615,2.391200000000001,2.391200000000001,TP,2.3
SUIUSDT,BASE,canonical,1742950199999,1742950200000,1742950499999,NORMAL,L,2.4913000000000003,2.4814,2.514070000000001,2.4814,SL,-1.0
SUIUSDT,BASE,canonical,1743087299999,1743087300000,1743088199999,NORMAL,L,2.7565000000000004,2.7302999999999997,2.8167600000000017,2.7302999999999997,SL,-1.0
SUIUSDT,BASE,canonical,1743145199999,1743145200000,1743145799999,NORMAL,S,2.6338999999999997,2.6457,2.6067599999999986,2.6457,SL,-1.0
SUIUSDT,BASE,canonical,1744621799999,1744621800000,1744623899999,NORMAL,L,2.2951,2.2843999999999998,2.319710000000001,2.2843999999999998,SL,-1.0
SUIUSDT,BASE,canonical,1744758299999,1744758300000,1744760699999,NORMAL,S,2.0984999999999996,2.104,2.0858499999999984,2.0935,SESSION,0.9090909090907255
SUIUSDT,BASE,canonical,1744979999999,1744980000000,1744980599999,NORMAL,L,2.1384000000000003,2.1329,2.1510500000000015,2.1329,SL,-1.0
SUIUSDT,BASE,canonical,1744989899999,1744989900000,1744992299999,NORMAL,S,2.1039,2.1096000000000004,2.090789999999999,2.1096000000000004,SL,-1.0
SUIUSDT,BASE,canonical,1745347199999,1745347200000,1745348399999,NORMAL,L,2.4501000000000004,2.4370999999999996,2.480000000000002,2.4370999999999996,SL,-1.0
SUIUSDT,BASE,canonical,1745432099999,1745432100000,1745435099999,NORMAL,L,3.0218000000000003,2.9863999999999997,3.1032200000000016,2.9863999999999997,SL,-1.0
SUIUSDT,BASE,canonical,1745819099999,1745819100000,1745823899999,NORMAL,L,3.6222000000000003,3.5959999999999996,3.6824600000000016,3.6824600000000016,TP,2.3
SUIUSDT,BASE,canonical,1746051599999,1746051600000,1746052499999,T-1,L,3.4933,3.4852999999999996,3.511700000000001,3.4852999999999996,SL,-1.0
SUIUSDT,BASE,canonical,1747598099999,1747598100000,1747600499999,NORMAL,S,3.7251,3.7596000000000003,3.6457499999999987,3.7596000000000003,SL,-1.0
SUIUSDT,BASE,canonical,1747626299999,1747626300000,1747628099999,NORMAL,S,3.7554,3.7792000000000003,3.7006599999999987,3.7792000000000003,SL,-1.0
SUIUSDT,BASE,canonical,1747686599999,1747686600000,1747690199999,NORMAL,L,3.8181000000000003,3.8004,3.8588100000000014,3.8004,SL,-1.0
SUIUSDT,BASE,canonical,1747764299999,1747764300000,1747764599999,NORMAL,L,3.8987000000000003,3.8851999999999998,3.9297500000000016,3.8851999999999998,SL,-1.0
SUIUSDT,BASE,canonical,1747966799999,1747966800000,1747969199999,NORMAL,L,3.9131,3.8907,3.9646200000000005,3.8907,SL,-1.0
SUIUSDT,BASE,canonical,1748221199999,1748221200000,1748221799999,NORMAL,L,3.6301,3.6129,3.669660000000001,3.6129,SL,-1.0
SUIUSDT,BASE,canonical,1748252999999,1748253000000,1748254799999,NORMAL,S,3.5873,3.5973,3.5642999999999994,3.5973,SL,-1.0
SUIUSDT,BASE,canonical,1748343599999,1748343600000,1748344199999,NORMAL,L,3.5642,3.5568,3.58122,3.5568,SL,-1.0
SUIUSDT,BASE,canonical,1748914799999,1748914800000,1748916599999,NORMAL,L,3.3793,3.3653,3.4115000000000006,3.3653,SL,-1.0
SUIUSDT,BASE,canonical,1748919899999,1748919900000,1748927399999,NORMAL,S,3.3078999999999996,3.3226,3.274089999999999,3.3059,EMA,0.13605442176868898
SUIUSDT,BASE,canonical,1749141299999,1749141300000,1749142199999,T-1,S,3.0967,3.1060000000000003,3.0753099999999987,3.0753099999999987,TP,2.3
SUIUSDT,BASE,canonical,1749697499999,1749697500000,1749698099999,T+1,S,3.3434999999999997,3.3539000000000003,3.3195799999999984,3.3539000000000003,SL,-1.0
SUIUSDT,BASE,canonical,1749739799999,1749739800000,1749741599999,T+1,L,3.358,3.3396999999999997,3.400090000000001,3.3396999999999997,SL,-1.0
SUIUSDT,BASE,canonical,1750694999999,1750695000000,1750696199999,NORMAL,S,2.4558999999999997,2.4718,2.419329999999999,2.419329999999999,TP,2.3
SUIUSDT,BASE,canonical,1750743299999,1750743300000,1750743599999,NORMAL,L,2.8287,2.8167999999999997,2.8560700000000003,2.8560700000000003,TP,2.3
SUIUSDT,BASE,canonical,1750891199999,1750891200000,1750892699999,NORMAL,S,2.7319999999999998,2.7415000000000003,2.7101499999999987,2.7101499999999987,TP,2.3
SUIUSDT,BASE,canonical,1751464799999,1751464800000,1751469299999,T-1,L,2.7884,2.7748999999999997,2.8194500000000016,2.8194500000000016,TP,2.3
SUIUSDT,BASE,canonical,1751972699999,1751972700000,1751977499999,NORMAL,L,2.8876000000000004,2.8811999999999998,2.902320000000002,2.8869,EMA,-0.10937500000008131
SUIUSDT,BASE,canonical,1752059099999,1752059100000,1752061499999,NORMAL,L,2.9441,2.9374,2.959510000000001,2.9374,SL,-1.0
SUIUSDT,BASE,canonical,1753048499999,1753048500000,1753048799999,NORMAL,S,3.9111,3.9203,3.8899399999999993,3.9203,SL,-1.0
SUIUSDT,BASE,canonical,1753151699999,1753151700000,1753152899999,NORMAL,L,4.0245999999999995,4.0071,4.064849999999998,4.0071,SL,-1.0
SUIUSDT,BASE,canonical,1753163099999,1753163100000,1753164599999,NORMAL,S,3.8520999999999996,3.8657000000000004,3.820819999999998,3.8657000000000004,SL,-1.0
SUIUSDT,BASE,canonical,1753303799999,1753303800000,1753304099999,NORMAL,S,3.6262999999999996,3.6454000000000004,3.582369999999998,3.6454000000000004,SL,-1.0
SUIUSDT,BASE,canonical,1753441199999,1753441200000,1753442399999,NORMAL,L,3.7496,3.7401999999999997,3.771220000000001,3.771220000000001,TP,2.3
SUIUSDT,BASE,canonical,1753718399999,1753718400000,1753722599999,NORMAL,S,4.0623000000000005,4.0786999999999995,4.024580000000003,4.024580000000003,TP,2.3
SUIUSDT,BASE,canonical,1754504099999,1754504100000,1754504999999,NORMAL,L,3.5213,3.5056999999999996,3.557180000000001,3.5056999999999996,SL,-1.0
SUIUSDT,BASE,canonical,1755497999999,1755498000000,1755499799999,NORMAL,S,3.5782,3.5922,3.5459999999999994,3.5459999999999994,TP,2.3
SUIUSDT,BASE,canonical,1755563399999,1755563400000,1755563999999,NORMAL,S,3.5846999999999998,3.5985,3.5529599999999992,3.5985,SL,-1.0
SUIUSDT,BASE,canonical,1755598199999,1755598200000,1755599399999,NORMAL,L,3.5659,3.5584,3.5831500000000007,3.5831500000000007,TP,2.3
SUIUSDT,BASE,canonical,1755599999999,1755600000000,1755601199999,NORMAL,L,3.5894000000000004,3.5763999999999996,3.619300000000002,3.5763999999999996,SL,-1.0
SUIUSDT,BASE,canonical,1755620999999,1755621000000,1755624299999,NORMAL,S,3.4808,3.4999000000000002,3.436869999999999,3.4919,EMA,-0.5811518324607168
SUIUSDT,BASE,canonical,1755719399999,1755719400000,1755721199999,NORMAL,L,3.5816000000000003,3.5669999999999997,3.615180000000002,3.5669999999999997,SL,-1.0
SUIUSDT,BASE,canonical,1755850199999,1755850200000,1755851399999,NORMAL,L,3.4595000000000002,3.4522999999999997,3.4760600000000013,3.4522999999999997,SL,-1.0
SUIUSDT,BASE,canonical,1756057199999,1756057200000,1756057499999,NORMAL,L,3.6859,3.6773,3.705680000000001,3.705680000000001,TP,2.3
SUIUSDT,BASE,canonical,1756090199999,1756090200000,1756092299999,NORMAL,L,3.713,3.6992999999999996,3.7445100000000013,3.6992999999999996,SL,-1.0
SUIUSDT,BASE,canonical,1756184699999,1756184700000,1756186799999,NORMAL,L,3.3982,3.3899,3.4172900000000004,3.4172900000000004,TP,2.3
SUIUSDT,BASE,canonical,1756279799999,1756279800000,1756280999999,NORMAL,S,3.4189999999999996,3.4283,3.3976099999999985,3.4283,SL,-1.0
SUIUSDT,BASE,canonical,1756419299999,1756419300000,1756420499999,NORMAL,L,3.4708,3.4604999999999997,3.494490000000001,3.494490000000001,TP,2.3
SUIUSDT,BASE,canonical,1756701899999,1756701900000,1756702499999,NORMAL,S,3.151,3.1589,3.1328299999999993,3.1589,SL,-1.0
SUIUSDT,BASE,canonical,1756999199999,1756999200000,1757000999999,T-1,S,3.2527,3.2641,3.2264799999999996,3.2641,SL,-1.0
SUIUSDT,BASE,canonical,1757870699999,1757870700000,1757874299999,NORMAL,L,3.7162,3.7003999999999997,3.752540000000001,3.7058,EMA,-0.6582278481012577
SUIUSDT,BASE,canonical,1758230099999,1758230100000,1758230399999,T+1,S,3.9210999999999996,3.9301000000000004,3.9003999999999976,3.9301000000000004,SL,-1.0
SUIUSDT,BASE,canonical,1758232499999,1758232500000,1758233399999,T+1,S,3.9248999999999996,3.9292000000000002,3.9150099999999983,3.9150099999999983,TP,2.3
SUIUSDT,BASE,canonical,1758596399999,1758596400000,1758597599999,NORMAL,S,3.2963999999999998,3.3094,3.266499999999999,3.3094,SL,-1.0
SUIUSDT,BASE,canonical,1758659399999,1758659400000,1758659699999,NORMAL,S,3.3164,3.3243,3.2982299999999993,3.3243,SL,-1.0
SUIUSDT,BASE,canonical,1758703499999,1758703500000,1758709799999,NORMAL,L,3.378,3.3699,3.3966300000000005,3.3771,EMA,-0.11111111111112329
SUIUSDT,BASE,canonical,1758881699999,1758881700000,1758883199999,NORMAL,S,3.0955,3.1108000000000002,3.0603099999999994,3.1108000000000002,SL,-1.0
SUIUSDT,BASE,canonical,1758884399999,1758884400000,1758886499999,NORMAL,S,3.097,3.1076,3.0726199999999997,3.1076,SL,-1.0
SUIUSDT,BASE,canonical,1759261199999,1759261200000,1759261799999,NORMAL,L,3.2259,3.2188,3.242230000000001,3.242230000000001,TP,2.3
SUIUSDT,BASE,canonical,1759317599999,1759317600000,1759318799999,NORMAL,L,3.4156000000000004,3.4057999999999997,3.438140000000002,3.4057999999999997,SL,-1.0
SUIUSDT,BASE,canonical,1759345799999,1759345800000,1759350299999,NORMAL,L,3.5063000000000004,3.4934999999999996,3.5357400000000023,3.5001,EMA,-0.48437499999998535
SUIUSDT,BASE,canonical,1759467299999,1759467300000,1759468199999,NORMAL,L,3.5959000000000003,3.5885999999999996,3.612690000000002,3.5885999999999996,SL,-1.0
SUIUSDT,BASE,canonical,1759688699999,1759688700000,1759689299999,NORMAL,S,3.5629,3.5716,3.5428899999999994,3.5716,SL,-1.0
SUIUSDT,BASE,canonical,1759896599999,1759896600000,1759896899999,NORMAL,S,3.4328,3.4494000000000002,3.394619999999999,3.4494000000000002,SL,-1.0
SUIUSDT,BASE,canonical,1760049599999,1760049600000,1760051399999,NORMAL,L,3.4074000000000004,3.3987,3.427410000000002,3.3987,SL,-1.0
SUIUSDT,BASE,canonical,1760453099999,1760453100000,1760455199999,NORMAL,L,2.7604,2.7310999999999996,2.8277900000000016,2.7310999999999996,SL,-1.0
SUIUSDT,BASE,canonical,1760543099999,1760543100000,1760544299999,NORMAL,S,2.6978,2.7226000000000004,2.6407599999999993,2.7226000000000004,SL,-1.0
SUIUSDT,BASE,canonical,1760642999999,1760643000000,1760644499999,NORMAL,S,2.5448,2.5618000000000003,2.505699999999999,2.5618000000000003,SL,-1.0
SUIUSDT,BASE,canonical,1760702399999,1760702400000,1760705999999,NORMAL,L,2.3932,2.3787,2.426550000000001,2.385,EMA,-0.5655172413793242
SUIUSDT,BASE,canonical,1761851699999,1761851700000,1761852899999,T+1,S,2.2258,2.2354000000000003,2.2037199999999992,2.2354000000000003,SL,-1.0
SUIUSDT,BASE,canonical,1761884999999,1761885000000,1761887099999,T+1,L,2.3497000000000003,2.3440999999999996,2.362580000000002,2.3440999999999996,SL,-1.0
SUIUSDT,BASE,canonical,1762133399999,1762133400000,1762135799999,NORMAL,S,2.3021999999999996,2.3105,2.283109999999998,2.283109999999998,TP,2.3
SUIUSDT,BASE,canonical,1762265699999,1762265700000,1762266899999,NORMAL,S,2.012,2.0217,1.98969,2.0217,SL,-1.0
SUIUSDT,BASE,canonical,1762274699999,1762274700000,1762276499999,NORMAL,S,1.9955,2.0142,1.9524899999999996,1.9524899999999996,TP,2.3
SUIUSDT,BASE,canonical,1762280999999,1762281000000,1762281899999,NORMAL,S,1.911,1.9289,1.8698299999999999,1.9289,SL,-1.0
SUIUSDT,BASE,canonical,1762311299999,1762311300000,1762316999999,NORMAL,L,2.0075000000000003,1.9915,2.0443000000000007,2.0072,EMA,-0.018750000000011535
SUIUSDT,BASE,canonical,1762467599999,1762467600000,1762468199999,NORMAL,L,1.9826,1.9744,2.00146,1.9744,SL,-1.0
SUIUSDT,BASE,canonical,1762793699999,1762793700000,1762794599999,NORMAL,S,2.1285,2.1418000000000004,2.097909999999999,2.1418000000000004,SL,-1.0
SUIUSDT,BASE,canonical,1762831499999,1762831500000,1762832699999,NORMAL,L,2.205,2.1898999999999997,2.2397300000000007,2.1898999999999997,SL,-1.0
SUIUSDT,BASE,canonical,1762885199999,1762885200000,1762885799999,NORMAL,S,2.0662,2.071,2.055159999999999,2.055159999999999,TP,2.3
SUIUSDT,BASE,canonical,1763349299999,1763349300000,1763356499999,NORMAL,L,1.701,1.6919,1.7219300000000004,1.7043,EMA,0.3626373626373428
SUIUSDT,BASE,canonical,1763502299999,1763502300000,1763503799999,T-1,S,1.6658,1.6695,1.65729,1.6695,SL,-1.0
SUIUSDT,BASE,canonical,1763673599999,1763673600000,1763675399999,T+1,L,1.52,1.5116,1.53932,1.53932,TP,2.3
SUIUSDT,BASE,canonical,1763926499999,1763926500000,1763927999999,NORMAL,L,1.3877,1.3805,1.4042599999999996,1.3805,SL,-1.0
SUIUSDT,BASE,canonical,1763999999999,1764000000000,1764001199999,NORMAL,L,1.4015,1.393,1.42105,1.42105,TP,2.3
SUIUSDT,BASE,canonical,1764005099999,1764005100000,1764006899999,NORMAL,L,1.4485,1.4346,1.4804699999999995,1.4804699999999995,TP,2.3
SUIUSDT,BASE,canonical,1764294299999,1764294300000,1764294899999,NORMAL,S,1.5274,1.5329,1.5147500000000005,1.5147500000000005,TP,2.3
SUIUSDT,BASE,canonical,1764650399999,1764650400000,1764652199999,NORMAL,L,1.3585,1.3522,1.37299,1.3522,SL,-1.0
SUIUSDT,BASE,canonical,1765479599999,1765479600000,1765480199999,T+1,L,1.5643,1.5579,1.5790199999999999,1.5579,SL,-1.0
SUIUSDT,BASE,canonical,1765945799999,1765945800000,1765949399999,T-1,S,1.4823,1.4886,1.46781,1.46781,TP,2.3
SUIUSDT,BASE,canonical,1766399999999,1766400000000,1766400599999,NORMAL,L,1.4749,1.4702,1.4857100000000005,1.4702,SL,-1.0
SUIUSDT,BASE,canonical,1766574599999,1766574600000,1766576099999,NORMAL,L,1.4152,1.4104,1.4262399999999997,1.4104,SL,-1.0
SUIUSDT,BASE,canonical,1766622599999,1766622600000,1766622899999,NORMAL,S,1.411,1.4143,1.4034100000000003,1.4143,SL,-1.0
SUIUSDT,BASE,canonical,1766743199999,1766743200000,1766743499999,NORMAL,L,1.4141,1.4124,1.4180099999999995,1.4124,SL,-1.0
SUIUSDT,BASE,canonical,1767219899999,1767219900000,1767220499999,NORMAL,L,1.408,1.404,1.4172,1.404,SL,-1.0
SUIUSDT,BASE,canonical,1767227099999,1767227100000,1767227999999,NORMAL,L,1.4114,1.4078,1.41968,1.4078,SL,-1.0
SUIUSDT,BASE,canonical,1767287699999,1767287700000,1767292799999,NORMAL,L,1.44,1.4345,1.4526499999999996,1.4381,EMA,-0.34545454545455795
SUIUSDT,BASE,canonical,1767600599999,1767600600000,1767602399999,NORMAL,L,1.6931,1.687,1.70713,1.687,SL,-1.0
SUIUSDT,BASE,canonical,1767876599999,1767876600000,1767876899999,T-1,S,1.7585,1.7638,1.7463099999999998,1.7463099999999998,TP,2.3
SUIUSDT,BASE,canonical,1769015399999,1769015400000,1769019299999,NORMAL,S,1.4543,1.4652,1.4292299999999996,1.4652,SL,-1.0
SUIUSDT,BASE,canonical,1769366099999,1769366100000,1769369399999,NORMAL,S,1.4027,1.4114,1.3826900000000002,1.3826900000000002,TP,2.3
SUIUSDT,BASE,canonical,1770138899999,1770138900000,1770139799999,NORMAL,S,1.1147,1.1236,1.0942300000000003,1.1236,SL,-1.0
SUIUSDT,BASE,canonical,1771415399999,1771415400000,1771422599999,NORMAL,S,0.9617,0.9669,0.94974,0.94974,TP,2.3
SUIUSDT,BASE,canonical,1771903199999,1771903200000,1771904999999,NORMAL,S,0.8635,0.8678,0.8536100000000001,0.8536100000000001,TP,2.3
SUIUSDT,BASE,canonical,1772049599999,1772049600000,1772054999999,NORMAL,L,1.0021,0.9944000000000001,1.0198099999999999,1.0014,EMA,-0.09090909090908174
SUIUSDT,BASE,canonical,1772182499999,1772182500000,1772184299999,NORMAL,L,0.9581,0.956,0.96293,0.956,SL,-1.0
SUIUSDT,BASE,canonical,1772497199999,1772497200000,1772498099999,NORMAL,S,0.9186,0.9227,0.90917,0.9227,SL,-1.0
SUIUSDT,BASE,canonical,1773249599999,1773249600000,1773250799999,T+1,L,0.9861,0.9828,0.9936899999999999,0.9828,SL,-1.0
SUIUSDT,BASE,canonical,1773255599999,1773255600000,1773255899999,T+1,L,0.9914999999999999,0.9894000000000001,0.9963299999999997,0.9894000000000001,SL,-1.0
SUIUSDT,BASE,canonical,1773804599999,1773804600000,1773806699999,T-1,L,1.0469,1.0427,1.05656,1.0427,SL,-1.0
SUIUSDT,BASE,canonical,1773844799999,1773844800000,1773846299999,T-1,S,0.9795,0.9832,0.9709900000000002,0.9709900000000002,TP,2.3
SUIUSDT,BASE,canonical,1774305899999,1774305900000,1774306499999,NORMAL,S,0.9506,0.9521,0.9471500000000002,0.9521,SL,-1.0
SUIUSDT,BASE,canonical,1774314899999,1774314900000,1774318199999,NORMAL,S,0.9428,0.9469,0.93337,0.9445,EMA,-0.41463414634147266
SUIUSDT,BASE,canonical,1774357199999,1774357200000,1774358999999,NORMAL,S,0.9470000000000001,0.949,0.9424000000000003,0.949,SL,-1.0
SUIUSDT,BASE,canonical,1774373399999,1774373400000,1774373999999,NORMAL,S,0.929,0.9315,0.9232500000000001,0.9315,SL,-1.0
SUIUSDT,BASE,canonical,1774891199999,1774891200000,1774891799999,NORMAL,S,0.8729,0.8755,0.8669200000000001,0.8669200000000001,TP,2.3
SUIUSDT,BASE,canonical,1774967399999,1774967400000,1774967999999,NORMAL,L,0.8755,0.8718,0.8840099999999997,0.8718,SL,-1.0
SUIUSDT,BASE,canonical,1775141699999,1775141700000,1775143199999,T-1,L,0.8613999999999999,0.8574,0.8705999999999997,0.8574,SL,-1.0
SUIUSDT,BASE,canonical,1776109199999,1776109200000,1776111899999,NORMAL,L,0.9306,0.9272,0.9384199999999999,0.9272,SL,-1.0
SUIUSDT,BASE,canonical,1776219299999,1776219300000,1776219599999,NORMAL,L,0.9423,0.9411,0.94506,0.9411,SL,-1.0
SUIUSDT,BASE,canonical,1776380099999,1776380100000,1776380399999,NORMAL,L,1.0116,1.0057,1.0251700000000001,1.0057,SL,-1.0
SUIUSDT,BASE,canonical,1776411899999,1776411900000,1776412499999,NORMAL,L,0.9943,0.991,1.00189,0.991,SL,-1.0
SUIUSDT,BASE,canonical,1777025399999,1777025400000,1777025999999,NORMAL,S,0.9387,0.9406,0.93433,0.9406,SL,-1.0
SUIUSDT,BASE,canonical,1777470299999,1777470300000,1777470899999,T-1,S,0.9158000000000001,0.9182,0.9102800000000002,0.9182,SL,-1.0
SUIUSDT,BASE,canonical,1777475399999,1777475400000,1777477499999,T-1,S,0.9102,0.9138999999999999,0.9016900000000002,0.9016900000000002,TP,2.3
SUIUSDT,BASE,canonical,1777960199999,1777960200000,1777961399999,NORMAL,L,0.9445,0.9424,0.94933,0.9424,SL,-1.0
SUIUSDT,BASE,canonical,1778638499999,1778638500000,1778638799999,T+1,L,1.2556,1.2502,1.2680200000000001,1.2502,SL,-1.0
SUIUSDT,BASE,canonical,1779224399999,1779224400000,1779224999999,NORMAL,L,1.0638,1.0619,1.06817,1.0619,SL,-1.0
SUIUSDT,BASE,canonical,1779454499999,1779454500000,1779456299999,NORMAL,L,1.1266,1.1225,1.13603,1.1225,SL,-1.0
SUIUSDT,BASE,canonical,1779730799999,1779730800000,1779731699999,NORMAL,L,1.0612,1.0586,1.0671799999999998,1.0586,SL,-1.0
SUIUSDT,BASE,canonical,1780415399999,1780415400000,1780416299999,NORMAL,S,0.8168,0.8235,0.8013899999999999,0.8235,SL,-1.0
SUIUSDT,BASE,canonical,1780559999999,1780560000000,1780560299999,T-1,S,0.784,0.7898999999999999,0.7704300000000003,0.7898999999999999,SL,-1.0
SUIUSDT,BASE,canonical,1781642099999,1781642100000,1781643899999,T-1,L,0.8004,0.7982,0.80546,0.80546,TP,2.3
SUIUSDT,BASE,canonical,1781658299999,1781658300000,1781659499999,T-1,L,0.8048,0.8012,0.8130799999999998,0.8012,SL,-1.0
SUIUSDT,BASE,canonical,1782269999999,1782270000000,1782272399999,NORMAL,S,0.6983,0.7,0.6943900000000002,0.7,SL,-1.0
SUIUSDT,BASE,canonical,1782315899999,1782315900000,1782317999999,NORMAL,S,0.6754,0.6792,0.6666599999999999,0.6792,SL,-1.0
SUIUSDT,BASE,canonical,1782338399999,1782338400000,1782341099999,NORMAL,L,0.6889,0.6851,0.6976399999999998,0.6851,SL,-1.0
SUIUSDT,BASE,canonical,1783297799999,1783297800000,1783298399999,NORMAL,S,0.749,0.7522,0.7416400000000001,0.7522,SL,-1.0
SUIUSDT,BASE,canonical,1783354199999,1783354200000,1783355399999,NORMAL,L,0.7476,0.743,0.7581800000000002,0.743,SL,-1.0
SUIUSDT,BASE,canonical,1783442399999,1783442400000,1783448099999,NORMAL,L,0.7462,0.7438,0.7517199999999998,0.7458,EMA,-0.16666666666665125
SUIUSDT,BASE,canonical,1783572599999,1783572600000,1783573199999,NORMAL,L,0.7225,0.7207,0.7266400000000001,0.7266400000000001,TP,2.3
SUIUSDT,BASE,canonical,1783595099999,1783595100000,1783598099999,NORMAL,S,0.7199,0.7218,0.71553,0.7218,SL,-1.0
SUIUSDT,BASE,canonical,1783907999999,1783908000000,1783916399999,T-1,S,0.7291,0.7333,0.71944,0.7286,EMA,0.11904761904760645
SUIUSDT,BASE,canonical,1784520899999,1784520900000,1784521799999,NORMAL,S,0.7462,0.7484,0.74114,0.7484,SL,-1.0
SUIUSDT,BASE,canonical,1784632199999,1784632200000,1784637599999,NORMAL,S,0.7683,0.7704,0.76347,0.7704,SL,-1.0
SUIUSDT,BASE,canonical,1784702399999,1784702400000,1784707799999,NORMAL,S,0.7562,0.7579,0.7522899999999999,0.7569,EMA,-0.41176470588236447
SUIUSDT,BASE,canonical,1784734799999,1784734800000,1784735099999,NORMAL,L,0.773,0.7715,0.7764500000000002,0.7715,SL,-1.0
SUIUSDT,BASE,canonical,1784772899999,1784772900000,1784774099999,NORMAL,S,0.7596,0.7608,0.7568400000000001,0.7608,SL,-1.0
SUIUSDT,BASE,canonical,1784785499999,1784785500000,1784785799999,NORMAL,L,0.7674,0.766,0.7706199999999999,0.766,SL,-1.0
SUIUSDT,BASE,canonical,1784889899999,1784889900000,1784897999999,NORMAL,S,0.7314,0.7338,0.7258800000000002,0.7258800000000002,TP,2.3
SUIUSDT,BASE,canonical,1785089099999,1785089100000,1785093299999,NORMAL,S,0.7134,0.7147,0.7104100000000001,0.7104100000000001,TP,2.3
SUIUSDT,BASE,canonical,1785275699999,1785275700000,1785275999999,T-1,L,0.6953,0.6944,0.69737,0.6944,SL,-1.0
SUIUSDT,BASE,canonical,1785952199999,1785952200000,1785952799999,T-1,L,0.6948,0.6936,0.69756,0.6936,SL,-1.0
SUIUSDT,BASE,canonical,1786628999999,1786629000000,1786630199999,T+1,L,0.6917,0.6902,0.6951499999999998,0.6902,SL,-1.0
SUIUSDT,BASE,fixed,1736117699999,1736117700000,1736117999999,NORMAL,L,5.2469,5.242500000000001,5.257019999999999,5.257019999999999,TP,2.3
SUIUSDT,BASE,fixed,1736125499999,1736125500000,1736127899999,NORMAL,S,5.17,5.190799999999999,5.122160000000001,5.190799999999999,SL,-1.0
SUIUSDT,BASE,fixed,1736189399999,1736189400000,1736191799999,NORMAL,S,5.1846000000000005,5.2119,5.121810000000002,5.2119,SL,-1.0
SUIUSDT,BASE,fixed,1737321299999,1737321300000,1737321599999,NORMAL,S,4.8979,4.9165,4.855119999999999,4.9165,SL,-1.0
SUIUSDT,BASE,fixed,1737479399999,1737479400000,1737481799999,NORMAL,L,4.5186,4.4956000000000005,4.5714999999999995,4.5714999999999995,TP,2.3
SUIUSDT,BASE,fixed,1737612599999,1737612600000,1737614099999,NORMAL,L,4.4314,4.4123,4.47533,4.4123,SL,-1.0
SUIUSDT,BASE,fixed,1737694799999,1737694800000,1737697499999,NORMAL,L,4.395,4.3712,4.4497399999999985,4.3712,SL,-1.0
SUIUSDT,BASE,fixed,1737954899999,1737954900000,1737957899999,NORMAL,S,3.6689,3.7021,3.592539999999999,3.7021,SL,-1.0
SUIUSDT,BASE,fixed,1738847399999,1738847400000,1738848899999,T-1,S,3.3815999999999997,3.3967,3.346869999999999,3.3967,SL,-1.0
SUIUSDT,BASE,fixed,1739224199999,1739224200000,1739226299999,T-1,S,3.2102999999999997,3.2306000000000004,3.163609999999998,3.2306000000000004,SL,-1.0
SUIUSDT,BASE,fixed,1739252399999,1739252400000,1739253599999,T-1,L,3.4426,3.4250999999999996,3.4828500000000013,3.4828500000000013,TP,2.3
SUIUSDT,BASE,fixed,1739391599999,1739391600000,1739399099999,T+1,L,3.4748,3.4419,3.5504700000000007,3.5504700000000007,TP,2.3
SUIUSDT,BASE,fixed,1739768399999,1739768400000,1739768699999,NORMAL,S,3.2365999999999997,3.2561,3.191749999999999,3.191749999999999,TP,2.3
SUIUSDT,BASE,fixed,1739785199999,1739785200000,1739789399999,NORMAL,L,3.2997,3.2828999999999997,3.338340000000001,3.2828999999999997,SL,-1.0
SUIUSDT,BASE,fixed,1739826899999,1739826900000,1739827199999,NORMAL,L,3.2305,3.2211999999999996,3.2518900000000013,3.2211999999999996,SL,-1.0
SUIUSDT,BASE,fixed,1740071699999,1740071700000,1740072599999,NORMAL,L,3.3721,3.3554,3.4105100000000004,3.4105100000000004,TP,2.3
SUIUSDT,BASE,fixed,1740367199999,1740367200000,1740368399999,NORMAL,S,3.2918999999999996,3.3120000000000003,3.2456699999999983,3.3120000000000003,SL,-1.0
SUIUSDT,BASE,fixed,1740369599999,1740369600000,1740370499999,NORMAL,S,3.2948999999999997,3.3055000000000003,3.2705199999999985,3.2705199999999985,TP,2.3
SUIUSDT,BASE,fixed,1740371399999,1740371400000,1740372599999,NORMAL,S,3.2514999999999996,3.2723000000000004,3.203659999999998,3.2723000000000004,SL,-1.0
SUIUSDT,BASE,fixed,1740521399999,1740521400000,1740521999999,NORMAL,L,3.0074,2.9804,3.0695000000000006,2.9804,SL,-1.0
SUIUSDT,BASE,fixed,1740635699999,1740635700000,1740636899999,NORMAL,L,2.9365,2.9257,2.9613400000000003,2.9257,SL,-1.0
SUIUSDT,BASE,fixed,1741038899999,1741038900000,1741040699999,NORMAL,S,2.6056,2.6292000000000004,2.5513199999999987,2.6292000000000004,SL,-1.0
SUIUSDT,BASE,fixed,1742894399999,1742894400000,1742895599999,NORMAL,L,2.3705000000000003,2.3615,2.391200000000001,2.391200000000001,TP,2.3
SUIUSDT,BASE,fixed,1742950199999,1742950200000,1742950499999,NORMAL,L,2.4913000000000003,2.4814,2.514070000000001,2.4814,SL,-1.0
SUIUSDT,BASE,fixed,1743087299999,1743087300000,1743088199999,NORMAL,L,2.7565000000000004,2.7302999999999997,2.8167600000000017,2.7302999999999997,SL,-1.0
SUIUSDT,BASE,fixed,1743145199999,1743145200000,1743145799999,NORMAL,S,2.6338999999999997,2.6457,2.6067599999999986,2.6457,SL,-1.0
SUIUSDT,BASE,fixed,1744621799999,1744621800000,1744623899999,NORMAL,L,2.2951,2.2843999999999998,2.319710000000001,2.2843999999999998,SL,-1.0
SUIUSDT,BASE,fixed,1744758299999,1744758300000,1744760999999,NORMAL,S,2.0984999999999996,2.104,2.0858499999999984,2.0858499999999984,TP,2.3
SUIUSDT,BASE,fixed,1744979999999,1744980000000,1744980599999,NORMAL,L,2.1384000000000003,2.1329,2.1510500000000015,2.1329,SL,-1.0
SUIUSDT,BASE,fixed,1744989899999,1744989900000,1744992299999,NORMAL,S,2.1039,2.1096000000000004,2.090789999999999,2.1096000000000004,SL,-1.0
SUIUSDT,BASE,fixed,1745347199999,1745347200000,1745348399999,NORMAL,L,2.4501000000000004,2.4370999999999996,2.480000000000002,2.4370999999999996,SL,-1.0
SUIUSDT,BASE,fixed,1745432099999,1745432100000,1745435099999,NORMAL,L,3.0218000000000003,2.9863999999999997,3.1032200000000016,2.9863999999999997,SL,-1.0
SUIUSDT,BASE,fixed,1745819099999,1745819100000,1745823899999,NORMAL,L,3.6222000000000003,3.5959999999999996,3.6824600000000016,3.6824600000000016,TP,2.3
SUIUSDT,BASE,fixed,1746051599999,1746051600000,1746052499999,T-1,L,3.4933,3.4852999999999996,3.511700000000001,3.4852999999999996,SL,-1.0
SUIUSDT,BASE,fixed,1747598099999,1747598100000,1747600499999,NORMAL,S,3.7251,3.7596000000000003,3.6457499999999987,3.7596000000000003,SL,-1.0
SUIUSDT,BASE,fixed,1747626299999,1747626300000,1747628099999,NORMAL,S,3.7554,3.7792000000000003,3.7006599999999987,3.7792000000000003,SL,-1.0
SUIUSDT,BASE,fixed,1747686599999,1747686600000,1747690199999,NORMAL,L,3.8181000000000003,3.8004,3.8588100000000014,3.8004,SL,-1.0
SUIUSDT,BASE,fixed,1747764299999,1747764300000,1747764599999,NORMAL,L,3.8987000000000003,3.8851999999999998,3.9297500000000016,3.8851999999999998,SL,-1.0
SUIUSDT,BASE,fixed,1747966799999,1747966800000,1747969199999,NORMAL,L,3.9131,3.8907,3.9646200000000005,3.8907,SL,-1.0
SUIUSDT,BASE,fixed,1748221199999,1748221200000,1748221799999,NORMAL,L,3.6301,3.6129,3.669660000000001,3.6129,SL,-1.0
SUIUSDT,BASE,fixed,1748252999999,1748253000000,1748254799999,NORMAL,S,3.5873,3.5973,3.5642999999999994,3.5973,SL,-1.0
SUIUSDT,BASE,fixed,1748343599999,1748343600000,1748344199999,NORMAL,L,3.5642,3.5568,3.58122,3.5568,SL,-1.0
SUIUSDT,BASE,fixed,1748914799999,1748914800000,1748916599999,NORMAL,L,3.3793,3.3653,3.4115000000000006,3.3653,SL,-1.0
SUIUSDT,BASE,fixed,1748919899999,1748919900000,1748930399999,NORMAL,S,3.3078999999999996,3.3226,3.274089999999999,3.3226,SL,-1.0
SUIUSDT,BASE,fixed,1749141299999,1749141300000,1749142199999,T-1,S,3.0967,3.1060000000000003,3.0753099999999987,3.0753099999999987,TP,2.3
SUIUSDT,BASE,fixed,1749697499999,1749697500000,1749698099999,T+1,S,3.3434999999999997,3.3539000000000003,3.3195799999999984,3.3539000000000003,SL,-1.0
SUIUSDT,BASE,fixed,1749739799999,1749739800000,1749741599999,T+1,L,3.358,3.3396999999999997,3.400090000000001,3.3396999999999997,SL,-1.0
SUIUSDT,BASE,fixed,1750694999999,1750695000000,1750696199999,NORMAL,S,2.4558999999999997,2.4718,2.419329999999999,2.419329999999999,TP,2.3
SUIUSDT,BASE,fixed,1750743299999,1750743300000,1750743599999,NORMAL,L,2.8287,2.8167999999999997,2.8560700000000003,2.8560700000000003,TP,2.3
SUIUSDT,BASE,fixed,1750891199999,1750891200000,1750892699999,NORMAL,S,2.7319999999999998,2.7415000000000003,2.7101499999999987,2.7101499999999987,TP,2.3
SUIUSDT,BASE,fixed,1751464799999,1751464800000,1751469299999,T-1,L,2.7884,2.7748999999999997,2.8194500000000016,2.8194500000000016,TP,2.3
SUIUSDT,BASE,fixed,1751972699999,1751972700000,1751979899999,NORMAL,L,2.8876000000000004,2.8811999999999998,2.902320000000002,2.902320000000002,TP,2.3
SUIUSDT,BASE,fixed,1752059099999,1752059100000,1752061499999,NORMAL,L,2.9441,2.9374,2.959510000000001,2.9374,SL,-1.0
SUIUSDT,BASE,fixed,1753048499999,1753048500000,1753048799999,NORMAL,S,3.9111,3.9203,3.8899399999999993,3.9203,SL,-1.0
SUIUSDT,BASE,fixed,1753151699999,1753151700000,1753152899999,NORMAL,L,4.0245999999999995,4.0071,4.064849999999998,4.0071,SL,-1.0
SUIUSDT,BASE,fixed,1753163099999,1753163100000,1753164599999,NORMAL,S,3.8520999999999996,3.8657000000000004,3.820819999999998,3.8657000000000004,SL,-1.0
SUIUSDT,BASE,fixed,1753303799999,1753303800000,1753304099999,NORMAL,S,3.6262999999999996,3.6454000000000004,3.582369999999998,3.6454000000000004,SL,-1.0
SUIUSDT,BASE,fixed,1753441199999,1753441200000,1753442399999,NORMAL,L,3.7496,3.7401999999999997,3.771220000000001,3.771220000000001,TP,2.3
SUIUSDT,BASE,fixed,1753718399999,1753718400000,1753722599999,NORMAL,S,4.0623000000000005,4.0786999999999995,4.024580000000003,4.024580000000003,TP,2.3
SUIUSDT,BASE,fixed,1754504099999,1754504100000,1754504999999,NORMAL,L,3.5213,3.5056999999999996,3.557180000000001,3.5056999999999996,SL,-1.0
SUIUSDT,BASE,fixed,1755497999999,1755498000000,1755499799999,NORMAL,S,3.5782,3.5922,3.5459999999999994,3.5459999999999994,TP,2.3
SUIUSDT,BASE,fixed,1755563399999,1755563400000,1755563999999,NORMAL,S,3.5846999999999998,3.5985,3.5529599999999992,3.5985,SL,-1.0
SUIUSDT,BASE,fixed,1755598199999,1755598200000,1755599399999,NORMAL,L,3.5659,3.5584,3.5831500000000007,3.5831500000000007,TP,2.3
SUIUSDT,BASE,fixed,1755599999999,1755600000000,1755601199999,NORMAL,L,3.5894000000000004,3.5763999999999996,3.619300000000002,3.5763999999999996,SL,-1.0
SUIUSDT,BASE,fixed,1755620999999,1755621000000,1755629699999,NORMAL,S,3.4808,3.4999000000000002,3.436869999999999,3.436869999999999,TP,2.3
SUIUSDT,BASE,fixed,1755719399999,1755719400000,1755721199999,NORMAL,L,3.5816000000000003,3.5669999999999997,3.615180000000002,3.5669999999999997,SL,-1.0
SUIUSDT,BASE,fixed,1755850199999,1755850200000,1755851399999,NORMAL,L,3.4595000000000002,3.4522999999999997,3.4760600000000013,3.4522999999999997,SL,-1.0
SUIUSDT,BASE,fixed,1756057199999,1756057200000,1756057499999,NORMAL,L,3.6859,3.6773,3.705680000000001,3.705680000000001,TP,2.3
SUIUSDT,BASE,fixed,1756090199999,1756090200000,1756092299999,NORMAL,L,3.713,3.6992999999999996,3.7445100000000013,3.6992999999999996,SL,-1.0
SUIUSDT,BASE,fixed,1756184699999,1756184700000,1756186799999,NORMAL,L,3.3982,3.3899,3.4172900000000004,3.4172900000000004,TP,2.3
SUIUSDT,BASE,fixed,1756279799999,1756279800000,1756280999999,NORMAL,S,3.4189999999999996,3.4283,3.3976099999999985,3.4283,SL,-1.0
SUIUSDT,BASE,fixed,1756419299999,1756419300000,1756420499999,NORMAL,L,3.4708,3.4604999999999997,3.494490000000001,3.494490000000001,TP,2.3
SUIUSDT,BASE,fixed,1756701899999,1756701900000,1756702499999,NORMAL,S,3.151,3.1589,3.1328299999999993,3.1589,SL,-1.0
SUIUSDT,BASE,fixed,1756999199999,1756999200000,1757000999999,T-1,S,3.2527,3.2641,3.2264799999999996,3.2641,SL,-1.0
SUIUSDT,BASE,fixed,1757870699999,1757870700000,1757874599999,NORMAL,L,3.7162,3.7003999999999997,3.752540000000001,3.7003999999999997,SL,-1.0
SUIUSDT,BASE,fixed,1758230099999,1758230100000,1758230399999,T+1,S,3.9210999999999996,3.9301000000000004,3.9003999999999976,3.9301000000000004,SL,-1.0
SUIUSDT,BASE,fixed,1758232499999,1758232500000,1758233399999,T+1,S,3.9248999999999996,3.9292000000000002,3.9150099999999983,3.9150099999999983,TP,2.3
SUIUSDT,BASE,fixed,1758596399999,1758596400000,1758597599999,NORMAL,S,3.2963999999999998,3.3094,3.266499999999999,3.3094,SL,-1.0
SUIUSDT,BASE,fixed,1758659399999,1758659400000,1758659699999,NORMAL,S,3.3164,3.3243,3.2982299999999993,3.3243,SL,-1.0
SUIUSDT,BASE,fixed,1758703499999,1758703500000,1758712499999,NORMAL,L,3.378,3.3699,3.3966300000000005,3.3966300000000005,TP,2.3
SUIUSDT,BASE,fixed,1758881699999,1758881700000,1758883199999,NORMAL,S,3.0955,3.1108000000000002,3.0603099999999994,3.1108000000000002,SL,-1.0
SUIUSDT,BASE,fixed,1758884399999,1758884400000,1758886499999,NORMAL,S,3.097,3.1076,3.0726199999999997,3.1076,SL,-1.0
SUIUSDT,BASE,fixed,1759261199999,1759261200000,1759261799999,NORMAL,L,3.2259,3.2188,3.242230000000001,3.242230000000001,TP,2.3
SUIUSDT,BASE,fixed,1759317599999,1759317600000,1759318799999,NORMAL,L,3.4156000000000004,3.4057999999999997,3.438140000000002,3.4057999999999997,SL,-1.0
SUIUSDT,BASE,fixed,1759345799999,1759345800000,1759353899999,NORMAL,L,3.5063000000000004,3.4934999999999996,3.5357400000000023,3.4934999999999996,SL,-1.0
SUIUSDT,BASE,fixed,1759467299999,1759467300000,1759468199999,NORMAL,L,3.5959000000000003,3.5885999999999996,3.612690000000002,3.5885999999999996,SL,-1.0
SUIUSDT,BASE,fixed,1759688699999,1759688700000,1759689299999,NORMAL,S,3.5629,3.5716,3.5428899999999994,3.5716,SL,-1.0
SUIUSDT,BASE,fixed,1759896599999,1759896600000,1759896899999,NORMAL,S,3.4328,3.4494000000000002,3.394619999999999,3.4494000000000002,SL,-1.0
SUIUSDT,BASE,fixed,1760049599999,1760049600000,1760051399999,NORMAL,L,3.4074000000000004,3.3987,3.427410000000002,3.3987,SL,-1.0
SUIUSDT,BASE,fixed,1760453099999,1760453100000,1760455199999,NORMAL,L,2.7604,2.7310999999999996,2.8277900000000016,2.7310999999999996,SL,-1.0
SUIUSDT,BASE,fixed,1760543099999,1760543100000,1760544299999,NORMAL,S,2.6978,2.7226000000000004,2.6407599999999993,2.7226000000000004,SL,-1.0
SUIUSDT,BASE,fixed,1760642999999,1760643000000,1760644499999,NORMAL,S,2.5448,2.5618000000000003,2.505699999999999,2.5618000000000003,SL,-1.0
SUIUSDT,BASE,fixed,1760702399999,1760702400000,1760706899999,NORMAL,L,2.3932,2.3787,2.426550000000001,2.3787,SL,-1.0
SUIUSDT,BASE,fixed,1761851699999,1761851700000,1761852899999,T+1,S,2.2258,2.2354000000000003,2.2037199999999992,2.2354000000000003,SL,-1.0
SUIUSDT,BASE,fixed,1761884999999,1761885000000,1761887099999,T+1,L,2.3497000000000003,2.3440999999999996,2.362580000000002,2.3440999999999996,SL,-1.0
SUIUSDT,BASE,fixed,1762133399999,1762133400000,1762135799999,NORMAL,S,2.3021999999999996,2.3105,2.283109999999998,2.283109999999998,TP,2.3
SUIUSDT,BASE,fixed,1762265699999,1762265700000,1762266899999,NORMAL,S,2.012,2.0217,1.98969,2.0217,SL,-1.0
SUIUSDT,BASE,fixed,1762274699999,1762274700000,1762276499999,NORMAL,S,1.9955,2.0142,1.9524899999999996,1.9524899999999996,TP,2.3
SUIUSDT,BASE,fixed,1762280999999,1762281000000,1762281899999,NORMAL,S,1.911,1.9289,1.8698299999999999,1.9289,SL,-1.0
SUIUSDT,BASE,fixed,1762311299999,1762311300000,1762331099999,NORMAL,L,2.0075000000000003,1.9915,2.0443000000000007,1.9915,SL,-1.0
SUIUSDT,BASE,fixed,1762467599999,1762467600000,1762468199999,NORMAL,L,1.9826,1.9744,2.00146,1.9744,SL,-1.0
SUIUSDT,BASE,fixed,1762793699999,1762793700000,1762794599999,NORMAL,S,2.1285,2.1418000000000004,2.097909999999999,2.1418000000000004,SL,-1.0
SUIUSDT,BASE,fixed,1762831499999,1762831500000,1762832699999,NORMAL,L,2.205,2.1898999999999997,2.2397300000000007,2.1898999999999997,SL,-1.0
SUIUSDT,BASE,fixed,1762885199999,1762885200000,1762885799999,NORMAL,S,2.0662,2.071,2.055159999999999,2.055159999999999,TP,2.3
SUIUSDT,BASE,fixed,1763349299999,1763349300000,1763363099999,NORMAL,L,1.701,1.6919,1.7219300000000004,1.7219300000000004,TP,2.3
SUIUSDT,BASE,fixed,1763502299999,1763502300000,1763503799999,T-1,S,1.6658,1.6695,1.65729,1.6695,SL,-1.0
SUIUSDT,BASE,fixed,1763673599999,1763673600000,1763675399999,T+1,L,1.52,1.5116,1.53932,1.53932,TP,2.3
SUIUSDT,BASE,fixed,1763926499999,1763926500000,1763927999999,NORMAL,L,1.3877,1.3805,1.4042599999999996,1.3805,SL,-1.0
SUIUSDT,BASE,fixed,1763999999999,1764000000000,1764001199999,NORMAL,L,1.4015,1.393,1.42105,1.42105,TP,2.3
SUIUSDT,BASE,fixed,1764005099999,1764005100000,1764006899999,NORMAL,L,1.4485,1.4346,1.4804699999999995,1.4804699999999995,TP,2.3
SUIUSDT,BASE,fixed,1764294299999,1764294300000,1764294899999,NORMAL,S,1.5274,1.5329,1.5147500000000005,1.5147500000000005,TP,2.3
SUIUSDT,BASE,fixed,1764650399999,1764650400000,1764652199999,NORMAL,L,1.3585,1.3522,1.37299,1.3522,SL,-1.0
SUIUSDT,BASE,fixed,1765479599999,1765479600000,1765480199999,T+1,L,1.5643,1.5579,1.5790199999999999,1.5579,SL,-1.0
SUIUSDT,BASE,fixed,1765945799999,1765945800000,1765949399999,T-1,S,1.4823,1.4886,1.46781,1.46781,TP,2.3
SUIUSDT,BASE,fixed,1766399999999,1766400000000,1766400599999,NORMAL,L,1.4749,1.4702,1.4857100000000005,1.4702,SL,-1.0
SUIUSDT,BASE,fixed,1766574599999,1766574600000,1766576099999,NORMAL,L,1.4152,1.4104,1.4262399999999997,1.4104,SL,-1.0
SUIUSDT,BASE,fixed,1766622599999,1766622600000,1766622899999,NORMAL,S,1.411,1.4143,1.4034100000000003,1.4143,SL,-1.0
SUIUSDT,BASE,fixed,1766743199999,1766743200000,1766743499999,NORMAL,L,1.4141,1.4124,1.4180099999999995,1.4124,SL,-1.0
SUIUSDT,BASE,fixed,1767219899999,1767219900000,1767220499999,NORMAL,L,1.408,1.404,1.4172,1.404,SL,-1.0
SUIUSDT,BASE,fixed,1767227099999,1767227100000,1767227999999,NORMAL,L,1.4114,1.4078,1.41968,1.4078,SL,-1.0
SUIUSDT,BASE,fixed,1767287699999,1767287700000,1767297899999,NORMAL,L,1.44,1.4345,1.4526499999999996,1.4526499999999996,TP,2.3
SUIUSDT,BASE,fixed,1767600599999,1767600600000,1767602399999,NORMAL,L,1.6931,1.687,1.70713,1.687,SL,-1.0
SUIUSDT,BASE,fixed,1767876599999,1767876600000,1767876899999,T-1,S,1.7585,1.7638,1.7463099999999998,1.7463099999999998,TP,2.3
SUIUSDT,BASE,fixed,1769015399999,1769015400000,1769019299999,NORMAL,S,1.4543,1.4652,1.4292299999999996,1.4652,SL,-1.0
SUIUSDT,BASE,fixed,1769366099999,1769366100000,1769369399999,NORMAL,S,1.4027,1.4114,1.3826900000000002,1.3826900000000002,TP,2.3
SUIUSDT,BASE,fixed,1770138899999,1770138900000,1770139799999,NORMAL,S,1.1147,1.1236,1.0942300000000003,1.1236,SL,-1.0
SUIUSDT,BASE,fixed,1771415399999,1771415400000,1771422599999,NORMAL,S,0.9617,0.9669,0.94974,0.94974,TP,2.3
SUIUSDT,BASE,fixed,1771903199999,1771903200000,1771904999999,NORMAL,S,0.8635,0.8678,0.8536100000000001,0.8536100000000001,TP,2.3
SUIUSDT,BASE,fixed,1772049599999,1772049600000,1772055299999,NORMAL,L,1.0021,0.9944000000000001,1.0198099999999999,0.9944000000000001,SL,-1.0
SUIUSDT,BASE,fixed,1772182499999,1772182500000,1772184299999,NORMAL,L,0.9581,0.956,0.96293,0.956,SL,-1.0
SUIUSDT,BASE,fixed,1772497199999,1772497200000,1772498099999,NORMAL,S,0.9186,0.9227,0.90917,0.9227,SL,-1.0
SUIUSDT,BASE,fixed,1773249599999,1773249600000,1773250799999,T+1,L,0.9861,0.9828,0.9936899999999999,0.9828,SL,-1.0
SUIUSDT,BASE,fixed,1773255599999,1773255600000,1773255899999,T+1,L,0.9914999999999999,0.9894000000000001,0.9963299999999997,0.9894000000000001,SL,-1.0
SUIUSDT,BASE,fixed,1773804599999,1773804600000,1773806699999,T-1,L,1.0469,1.0427,1.05656,1.0427,SL,-1.0
SUIUSDT,BASE,fixed,1773844799999,1773844800000,1773846299999,T-1,S,0.9795,0.9832,0.9709900000000002,0.9709900000000002,TP,2.3
SUIUSDT,BASE,fixed,1774305899999,1774305900000,1774306499999,NORMAL,S,0.9506,0.9521,0.9471500000000002,0.9521,SL,-1.0
SUIUSDT,BASE,fixed,1774314899999,1774314900000,1774335899999,NORMAL,S,0.9428,0.9469,0.93337,0.9469,SL,-1.0
SUIUSDT,BASE,fixed,1774357199999,1774357200000,1774358999999,NORMAL,S,0.9470000000000001,0.949,0.9424000000000003,0.949,SL,-1.0
SUIUSDT,BASE,fixed,1774373399999,1774373400000,1774373999999,NORMAL,S,0.929,0.9315,0.9232500000000001,0.9315,SL,-1.0
SUIUSDT,BASE,fixed,1774891199999,1774891200000,1774891799999,NORMAL,S,0.8729,0.8755,0.8669200000000001,0.8669200000000001,TP,2.3
SUIUSDT,BASE,fixed,1774967399999,1774967400000,1774967999999,NORMAL,L,0.8755,0.8718,0.8840099999999997,0.8718,SL,-1.0
SUIUSDT,BASE,fixed,1775141699999,1775141700000,1775143199999,T-1,L,0.8613999999999999,0.8574,0.8705999999999997,0.8574,SL,-1.0
SUIUSDT,BASE,fixed,1776109199999,1776109200000,1776111899999,NORMAL,L,0.9306,0.9272,0.9384199999999999,0.9272,SL,-1.0
SUIUSDT,BASE,fixed,1776219299999,1776219300000,1776219599999,NORMAL,L,0.9423,0.9411,0.94506,0.9411,SL,-1.0
SUIUSDT,BASE,fixed,1776380099999,1776380100000,1776380399999,NORMAL,L,1.0116,1.0057,1.0251700000000001,1.0057,SL,-1.0
SUIUSDT,BASE,fixed,1776411899999,1776411900000,1776412499999,NORMAL,L,0.9943,0.991,1.00189,0.991,SL,-1.0
SUIUSDT,BASE,fixed,1777025399999,1777025400000,1777025999999,NORMAL,S,0.9387,0.9406,0.93433,0.9406,SL,-1.0
SUIUSDT,BASE,fixed,1777470299999,1777470300000,1777470899999,T-1,S,0.9158000000000001,0.9182,0.9102800000000002,0.9182,SL,-1.0
SUIUSDT,BASE,fixed,1777475399999,1777475400000,1777477499999,T-1,S,0.9102,0.9138999999999999,0.9016900000000002,0.9016900000000002,TP,2.3
SUIUSDT,BASE,fixed,1777960199999,1777960200000,1777961399999,NORMAL,L,0.9445,0.9424,0.94933,0.9424,SL,-1.0
SUIUSDT,BASE,fixed,1778638499999,1778638500000,1778638799999,T+1,L,1.2556,1.2502,1.2680200000000001,1.2502,SL,-1.0
SUIUSDT,BASE,fixed,1779224399999,1779224400000,1779224999999,NORMAL,L,1.0638,1.0619,1.06817,1.0619,SL,-1.0
SUIUSDT,BASE,fixed,1779454499999,1779454500000,1779456299999,NORMAL,L,1.1266,1.1225,1.13603,1.1225,SL,-1.0
SUIUSDT,BASE,fixed,1779730799999,1779730800000,1779731699999,NORMAL,L,1.0612,1.0586,1.0671799999999998,1.0586,SL,-1.0
SUIUSDT,BASE,fixed,1780415399999,1780415400000,1780416299999,NORMAL,S,0.8168,0.8235,0.8013899999999999,0.8235,SL,-1.0
SUIUSDT,BASE,fixed,1780559999999,1780560000000,1780560299999,T-1,S,0.784,0.7898999999999999,0.7704300000000003,0.7898999999999999,SL,-1.0
SUIUSDT,BASE,fixed,1781642099999,1781642100000,1781643899999,T-1,L,0.8004,0.7982,0.80546,0.80546,TP,2.3
SUIUSDT,BASE,fixed,1781658299999,1781658300000,1781659499999,T-1,L,0.8048,0.8012,0.8130799999999998,0.8012,SL,-1.0
SUIUSDT,BASE,fixed,1782269999999,1782270000000,1782272399999,NORMAL,S,0.6983,0.7,0.6943900000000002,0.7,SL,-1.0
SUIUSDT,BASE,fixed,1782315899999,1782315900000,1782317999999,NORMAL,S,0.6754,0.6792,0.6666599999999999,0.6792,SL,-1.0
SUIUSDT,BASE,fixed,1782338399999,1782338400000,1782341099999,NORMAL,L,0.6889,0.6851,0.6976399999999998,0.6851,SL,-1.0
SUIUSDT,BASE,fixed,1783297799999,1783297800000,1783298399999,NORMAL,S,0.749,0.7522,0.7416400000000001,0.7522,SL,-1.0
SUIUSDT,BASE,fixed,1783354199999,1783354200000,1783355399999,NORMAL,L,0.7476,0.743,0.7581800000000002,0.743,SL,-1.0
SUIUSDT,BASE,fixed,1783442399999,1783442400000,1783448699999,NORMAL,L,0.7462,0.7438,0.7517199999999998,0.7438,SL,-1.0
SUIUSDT,BASE,fixed,1783572599999,1783572600000,1783573199999,NORMAL,L,0.7225,0.7207,0.7266400000000001,0.7266400000000001,TP,2.3
SUIUSDT,BASE,fixed,1783595099999,1783595100000,1783598099999,NORMAL,S,0.7199,0.7218,0.71553,0.7218,SL,-1.0
SUIUSDT,BASE,fixed,1783907999999,1783908000000,1783924499999,T-1,S,0.7291,0.7333,0.71944,0.7333,SL,-1.0
SUIUSDT,BASE,fixed,1784520899999,1784520900000,1784521799999,NORMAL,S,0.7462,0.7484,0.74114,0.7484,SL,-1.0
SUIUSDT,BASE,fixed,1784632199999,1784632200000,1784637599999,NORMAL,S,0.7683,0.7704,0.76347,0.7704,SL,-1.0
SUIUSDT,BASE,fixed,1784702399999,1784702400000,1784708699999,NORMAL,S,0.7562,0.7579,0.7522899999999999,0.7579,SL,-1.0
SUIUSDT,BASE,fixed,1784734799999,1784734800000,1784735099999,NORMAL,L,0.773,0.7715,0.7764500000000002,0.7715,SL,-1.0
SUIUSDT,BASE,fixed,1784772899999,1784772900000,1784774099999,NORMAL,S,0.7596,0.7608,0.7568400000000001,0.7608,SL,-1.0
SUIUSDT,BASE,fixed,1784785499999,1784785500000,1784785799999,NORMAL,L,0.7674,0.766,0.7706199999999999,0.766,SL,-1.0
SUIUSDT,BASE,fixed,1784889899999,1784889900000,1784897999999,NORMAL,S,0.7314,0.7338,0.7258800000000002,0.7258800000000002,TP,2.3
SUIUSDT,BASE,fixed,1785089099999,1785089100000,1785093299999,NORMAL,S,0.7134,0.7147,0.7104100000000001,0.7104100000000001,TP,2.3
SUIUSDT,BASE,fixed,1785275699999,1785275700000,1785275999999,T-1,L,0.6953,0.6944,0.69737,0.6944,SL,-1.0
SUIUSDT,BASE,fixed,1785952199999,1785952200000,1785952799999,T-1,L,0.6948,0.6936,0.69756,0.6936,SL,-1.0
SUIUSDT,BASE,fixed,1786628999999,1786629000000,1786630199999,T+1,L,0.6917,0.6902,0.6951499999999998,0.6902,SL,-1.0
SUIUSDT,COST06,canonical,1737481199999,1737481200000,1737482399999,NORMAL,L,4.5446,4.5158000000000005,4.610839999999999,4.610839999999999,TP,2.3
SUIUSDT,COST06,canonical,1737695099999,1737695100000,1737696899999,NORMAL,L,4.403,4.3754,4.466479999999999,4.3754,SL,-1.0
SUIUSDT,COST06,canonical,1737954899999,1737954900000,1737957899999,NORMAL,S,3.6689,3.7021,3.592539999999999,3.7021,SL,-1.0
SUIUSDT,COST06,canonical,1739224199999,1739224200000,1739226299999,T-1,S,3.2102999999999997,3.2306000000000004,3.163609999999998,3.2306000000000004,SL,-1.0
SUIUSDT,COST06,canonical,1739391599999,1739391600000,1739399099999,T+1,L,3.4748,3.4419,3.5504700000000007,3.5504700000000007,TP,2.3
SUIUSDT,COST06,canonical,1739768399999,1739768400000,1739768699999,NORMAL,S,3.2365999999999997,3.2561,3.191749999999999,3.191749999999999,TP,2.3
SUIUSDT,COST06,canonical,1740367199999,1740367200000,1740368399999,NORMAL,S,3.2918999999999996,3.3120000000000003,3.2456699999999983,3.3120000000000003,SL,-1.0
SUIUSDT,COST06,canonical,1740371399999,1740371400000,1740372599999,NORMAL,S,3.2514999999999996,3.2723000000000004,3.203659999999998,3.2723000000000004,SL,-1.0
SUIUSDT,COST06,canonical,1740521399999,1740521400000,1740521999999,NORMAL,L,3.0074,2.9804,3.0695000000000006,2.9804,SL,-1.0
SUIUSDT,COST06,canonical,1741038899999,1741038900000,1741040699999,NORMAL,S,2.6056,2.6292000000000004,2.5513199999999987,2.6292000000000004,SL,-1.0
SUIUSDT,COST06,canonical,1743087299999,1743087300000,1743088199999,NORMAL,L,2.7565000000000004,2.7302999999999997,2.8167600000000017,2.7302999999999997,SL,-1.0
SUIUSDT,COST06,canonical,1745432099999,1745432100000,1745435099999,NORMAL,L,3.0218000000000003,2.9863999999999997,3.1032200000000016,2.9863999999999997,SL,-1.0
SUIUSDT,COST06,canonical,1745819099999,1745819100000,1745823899999,NORMAL,L,3.6222000000000003,3.5959999999999996,3.6824600000000016,3.6824600000000016,TP,2.3
SUIUSDT,COST06,canonical,1747598099999,1747598100000,1747600499999,NORMAL,S,3.7251,3.7596000000000003,3.6457499999999987,3.7596000000000003,SL,-1.0
SUIUSDT,COST06,canonical,1747626299999,1747626300000,1747628099999,NORMAL,S,3.7554,3.7792000000000003,3.7006599999999987,3.7792000000000003,SL,-1.0
SUIUSDT,COST06,canonical,1750694999999,1750695000000,1750696199999,NORMAL,S,2.4558999999999997,2.4718,2.419329999999999,2.419329999999999,TP,2.3
SUIUSDT,COST06,canonical,1760453099999,1760453100000,1760455199999,NORMAL,L,2.7604,2.7310999999999996,2.8277900000000016,2.7310999999999996,SL,-1.0
SUIUSDT,COST06,canonical,1760543099999,1760543100000,1760544299999,NORMAL,S,2.6978,2.7226000000000004,2.6407599999999993,2.7226000000000004,SL,-1.0
SUIUSDT,COST06,canonical,1760642999999,1760643000000,1760644499999,NORMAL,S,2.5448,2.5618000000000003,2.505699999999999,2.5618000000000003,SL,-1.0
SUIUSDT,COST06,canonical,1760702399999,1760702400000,1760705999999,NORMAL,L,2.3932,2.3787,2.426550000000001,2.385,EMA,-0.5655172413793242
SUIUSDT,COST06,canonical,1762274699999,1762274700000,1762276499999,NORMAL,S,1.9955,2.0142,1.9524899999999996,1.9524899999999996,TP,2.3
SUIUSDT,COST06,canonical,1762280999999,1762281000000,1762281899999,NORMAL,S,1.911,1.9289,1.8698299999999999,1.9289,SL,-1.0
SUIUSDT,COST06,canonical,1762311299999,1762311300000,1762316999999,NORMAL,L,2.0075000000000003,1.9915,2.0443000000000007,2.0072,EMA,-0.018750000000011535
SUIUSDT,COST06,canonical,1762793699999,1762793700000,1762794599999,NORMAL,S,2.1285,2.1418000000000004,2.097909999999999,2.1418000000000004,SL,-1.0
SUIUSDT,COST06,canonical,1762831499999,1762831500000,1762832699999,NORMAL,L,2.205,2.1898999999999997,2.2397300000000007,2.1898999999999997,SL,-1.0
SUIUSDT,COST06,canonical,1763999999999,1764000000000,1764001199999,NORMAL,L,1.4015,1.393,1.42105,1.42105,TP,2.3
SUIUSDT,COST06,canonical,1764005099999,1764005100000,1764006899999,NORMAL,L,1.4485,1.4346,1.4804699999999995,1.4804699999999995,TP,2.3
SUIUSDT,COST06,canonical,1769015399999,1769015400000,1769019299999,NORMAL,S,1.4543,1.4652,1.4292299999999996,1.4652,SL,-1.0
SUIUSDT,COST06,canonical,1769366099999,1769366100000,1769369399999,NORMAL,S,1.4027,1.4114,1.3826900000000002,1.3826900000000002,TP,2.3
SUIUSDT,COST06,canonical,1770138899999,1770138900000,1770139799999,NORMAL,S,1.1147,1.1236,1.0942300000000003,1.1236,SL,-1.0
SUIUSDT,COST06,canonical,1772049599999,1772049600000,1772054999999,NORMAL,L,1.0021,0.9944000000000001,1.0198099999999999,1.0014,EMA,-0.09090909090908174
SUIUSDT,COST06,canonical,1780415399999,1780415400000,1780416299999,NORMAL,S,0.8168,0.8235,0.8013899999999999,0.8235,SL,-1.0
SUIUSDT,COST06,canonical,1780559999999,1780560000000,1780560299999,T-1,S,0.784,0.7898999999999999,0.7704300000000003,0.7898999999999999,SL,-1.0
SUIUSDT,COST06,canonical,1783354199999,1783354200000,1783355399999,NORMAL,L,0.7476,0.743,0.7581800000000002,0.743,SL,-1.0
SUIUSDT,COST06,fixed,1737481199999,1737481200000,1737482399999,NORMAL,L,4.5446,4.5158000000000005,4.610839999999999,4.610839999999999,TP,2.3
SUIUSDT,COST06,fixed,1737695099999,1737695100000,1737696899999,NORMAL,L,4.403,4.3754,4.466479999999999,4.3754,SL,-1.0
SUIUSDT,COST06,fixed,1737954899999,1737954900000,1737957899999,NORMAL,S,3.6689,3.7021,3.592539999999999,3.7021,SL,-1.0
SUIUSDT,COST06,fixed,1739224199999,1739224200000,1739226299999,T-1,S,3.2102999999999997,3.2306000000000004,3.163609999999998,3.2306000000000004,SL,-1.0
SUIUSDT,COST06,fixed,1739391599999,1739391600000,1739399099999,T+1,L,3.4748,3.4419,3.5504700000000007,3.5504700000000007,TP,2.3
SUIUSDT,COST06,fixed,1739768399999,1739768400000,1739768699999,NORMAL,S,3.2365999999999997,3.2561,3.191749999999999,3.191749999999999,TP,2.3
SUIUSDT,COST06,fixed,1740367199999,1740367200000,1740368399999,NORMAL,S,3.2918999999999996,3.3120000000000003,3.2456699999999983,3.3120000000000003,SL,-1.0
SUIUSDT,COST06,fixed,1740371399999,1740371400000,1740372599999,NORMAL,S,3.2514999999999996,3.2723000000000004,3.203659999999998,3.2723000000000004,SL,-1.0
SUIUSDT,COST06,fixed,1740521399999,1740521400000,1740521999999,NORMAL,L,3.0074,2.9804,3.0695000000000006,2.9804,SL,-1.0
SUIUSDT,COST06,fixed,1741038899999,1741038900000,1741040699999,NORMAL,S,2.6056,2.6292000000000004,2.5513199999999987,2.6292000000000004,SL,-1.0
SUIUSDT,COST06,fixed,1743087299999,1743087300000,1743088199999,NORMAL,L,2.7565000000000004,2.7302999999999997,2.8167600000000017,2.7302999999999997,SL,-1.0
SUIUSDT,COST06,fixed,1745432099999,1745432100000,1745435099999,NORMAL,L,3.0218000000000003,2.9863999999999997,3.1032200000000016,2.9863999999999997,SL,-1.0
SUIUSDT,COST06,fixed,1745819099999,1745819100000,1745823899999,NORMAL,L,3.6222000000000003,3.5959999999999996,3.6824600000000016,3.6824600000000016,TP,2.3
SUIUSDT,COST06,fixed,1747598099999,1747598100000,1747600499999,NORMAL,S,3.7251,3.7596000000000003,3.6457499999999987,3.7596000000000003,SL,-1.0
SUIUSDT,COST06,fixed,1747626299999,1747626300000,1747628099999,NORMAL,S,3.7554,3.7792000000000003,3.7006599999999987,3.7792000000000003,SL,-1.0
SUIUSDT,COST06,fixed,1750694999999,1750695000000,1750696199999,NORMAL,S,2.4558999999999997,2.4718,2.419329999999999,2.419329999999999,TP,2.3
SUIUSDT,COST06,fixed,1760453099999,1760453100000,1760455199999,NORMAL,L,2.7604,2.7310999999999996,2.8277900000000016,2.7310999999999996,SL,-1.0
SUIUSDT,COST06,fixed,1760543099999,1760543100000,1760544299999,NORMAL,S,2.6978,2.7226000000000004,2.6407599999999993,2.7226000000000004,SL,-1.0
SUIUSDT,COST06,fixed,1760642999999,1760643000000,1760644499999,NORMAL,S,2.5448,2.5618000000000003,2.505699999999999,2.5618000000000003,SL,-1.0
SUIUSDT,COST06,fixed,1760702399999,1760702400000,1760706899999,NORMAL,L,2.3932,2.3787,2.426550000000001,2.3787,SL,-1.0
SUIUSDT,COST06,fixed,1762274699999,1762274700000,1762276499999,NORMAL,S,1.9955,2.0142,1.9524899999999996,1.9524899999999996,TP,2.3
SUIUSDT,COST06,fixed,1762280999999,1762281000000,1762281899999,NORMAL,S,1.911,1.9289,1.8698299999999999,1.9289,SL,-1.0
SUIUSDT,COST06,fixed,1762311299999,1762311300000,1762331099999,NORMAL,L,2.0075000000000003,1.9915,2.0443000000000007,1.9915,SL,-1.0
SUIUSDT,COST06,fixed,1762793699999,1762793700000,1762794599999,NORMAL,S,2.1285,2.1418000000000004,2.097909999999999,2.1418000000000004,SL,-1.0
SUIUSDT,COST06,fixed,1762831499999,1762831500000,1762832699999,NORMAL,L,2.205,2.1898999999999997,2.2397300000000007,2.1898999999999997,SL,-1.0
SUIUSDT,COST06,fixed,1763999999999,1764000000000,1764001199999,NORMAL,L,1.4015,1.393,1.42105,1.42105,TP,2.3
SUIUSDT,COST06,fixed,1764005099999,1764005100000,1764006899999,NORMAL,L,1.4485,1.4346,1.4804699999999995,1.4804699999999995,TP,2.3
SUIUSDT,COST06,fixed,1769015399999,1769015400000,1769019299999,NORMAL,S,1.4543,1.4652,1.4292299999999996,1.4652,SL,-1.0
SUIUSDT,COST06,fixed,1769366099999,1769366100000,1769369399999,NORMAL,S,1.4027,1.4114,1.3826900000000002,1.3826900000000002,TP,2.3
SUIUSDT,COST06,fixed,1770138899999,1770138900000,1770139799999,NORMAL,S,1.1147,1.1236,1.0942300000000003,1.1236,SL,-1.0
SUIUSDT,COST06,fixed,1772049599999,1772049600000,1772055299999,NORMAL,L,1.0021,0.9944000000000001,1.0198099999999999,0.9944000000000001,SL,-1.0
SUIUSDT,COST06,fixed,1780415399999,1780415400000,1780416299999,NORMAL,S,0.8168,0.8235,0.8013899999999999,0.8235,SL,-1.0
SUIUSDT,COST06,fixed,1780559999999,1780560000000,1780560299999,T-1,S,0.784,0.7898999999999999,0.7704300000000003,0.7898999999999999,SL,-1.0
SUIUSDT,COST06,fixed,1783354199999,1783354200000,1783355399999,NORMAL,L,0.7476,0.743,0.7581800000000002,0.743,SL,-1.0
SUIUSDT,M15CONF,canonical,1736117699999,1736117700000,1736117999999,NORMAL,L,5.2469,5.242500000000001,5.257019999999999,5.257019999999999,TP,2.3
SUIUSDT,M15CONF,canonical,1736125499999,1736125500000,1736127899999,NORMAL,S,5.17,5.190799999999999,5.122160000000001,5.190799999999999,SL,-1.0
SUIUSDT,M15CONF,canonical,1736189399999,1736189400000,1736191799999,NORMAL,S,5.1846000000000005,5.2119,5.121810000000002,5.2119,SL,-1.0
SUIUSDT,M15CONF,canonical,1737321299999,1737321300000,1737321599999,NORMAL,S,4.8979,4.9165,4.855119999999999,4.9165,SL,-1.0
SUIUSDT,M15CONF,canonical,1737479399999,1737479400000,1737481799999,NORMAL,L,4.5186,4.4956000000000005,4.5714999999999995,4.5714999999999995,TP,2.3
SUIUSDT,M15CONF,canonical,1737612599999,1737612600000,1737614099999,NORMAL,L,4.4314,4.4123,4.47533,4.4123,SL,-1.0
SUIUSDT,M15CONF,canonical,1737694799999,1737694800000,1737697499999,NORMAL,L,4.395,4.3712,4.4497399999999985,4.3712,SL,-1.0
SUIUSDT,M15CONF,canonical,1737954899999,1737954900000,1737957899999,NORMAL,S,3.6689,3.7021,3.592539999999999,3.7021,SL,-1.0
SUIUSDT,M15CONF,canonical,1738847399999,1738847400000,1738848899999,T-1,S,3.3815999999999997,3.3967,3.346869999999999,3.3967,SL,-1.0
SUIUSDT,M15CONF,canonical,1739224199999,1739224200000,1739226299999,T-1,S,3.2102999999999997,3.2306000000000004,3.163609999999998,3.2306000000000004,SL,-1.0
SUIUSDT,M15CONF,canonical,1739252399999,1739252400000,1739253599999,T-1,L,3.4426,3.4250999999999996,3.4828500000000013,3.4828500000000013,TP,2.3
SUIUSDT,M15CONF,canonical,1739391599999,1739391600000,1739399099999,T+1,L,3.4748,3.4419,3.5504700000000007,3.5504700000000007,TP,2.3
SUIUSDT,M15CONF,canonical,1739768399999,1739768400000,1739768699999,NORMAL,S,3.2365999999999997,3.2561,3.191749999999999,3.191749999999999,TP,2.3
SUIUSDT,M15CONF,canonical,1739785199999,1739785200000,1739788799999,NORMAL,L,3.2997,3.2828999999999997,3.338340000000001,3.2883,EMA,-0.6785714285714182
SUIUSDT,M15CONF,canonical,1739826899999,1739826900000,1739827199999,NORMAL,L,3.2305,3.2211999999999996,3.2518900000000013,3.2211999999999996,SL,-1.0
SUIUSDT,M15CONF,canonical,1740071699999,1740071700000,1740072599999,NORMAL,L,3.3721,3.3554,3.4105100000000004,3.4105100000000004,TP,2.3
SUIUSDT,M15CONF,canonical,1740367199999,1740367200000,1740368399999,NORMAL,S,3.2918999999999996,3.3120000000000003,3.2456699999999983,3.3120000000000003,SL,-1.0
SUIUSDT,M15CONF,canonical,1740369599999,1740369600000,1740370499999,NORMAL,S,3.2948999999999997,3.3055000000000003,3.2705199999999985,3.2705199999999985,TP,2.3
SUIUSDT,M15CONF,canonical,1740371399999,1740371400000,1740372599999,NORMAL,S,3.2514999999999996,3.2723000000000004,3.203659999999998,3.2723000000000004,SL,-1.0
SUIUSDT,M15CONF,canonical,1740521399999,1740521400000,1740521999999,NORMAL,L,3.0074,2.9804,3.0695000000000006,2.9804,SL,-1.0
SUIUSDT,M15CONF,canonical,1740635699999,1740635700000,1740636899999,NORMAL,L,2.9365,2.9257,2.9613400000000003,2.9257,SL,-1.0
SUIUSDT,M15CONF,canonical,1741038899999,1741038900000,1741040699999,NORMAL,S,2.6056,2.6292000000000004,2.5513199999999987,2.6292000000000004,SL,-1.0
SUIUSDT,M15CONF,canonical,1742894399999,1742894400000,1742895599999,NORMAL,L,2.3705000000000003,2.3615,2.391200000000001,2.391200000000001,TP,2.3
SUIUSDT,M15CONF,canonical,1742950199999,1742950200000,1742950499999,NORMAL,L,2.4913000000000003,2.4814,2.514070000000001,2.4814,SL,-1.0
SUIUSDT,M15CONF,canonical,1743087299999,1743087300000,1743088199999,NORMAL,L,2.7565000000000004,2.7302999999999997,2.8167600000000017,2.7302999999999997,SL,-1.0
SUIUSDT,M15CONF,canonical,1743145199999,1743145200000,1743145799999,NORMAL,S,2.6338999999999997,2.6457,2.6067599999999986,2.6457,SL,-1.0
SUIUSDT,M15CONF,canonical,1744621799999,1744621800000,1744623899999,NORMAL,L,2.2951,2.2843999999999998,2.319710000000001,2.2843999999999998,SL,-1.0
SUIUSDT,M15CONF,canonical,1744758299999,1744758300000,1744760699999,NORMAL,S,2.0984999999999996,2.104,2.0858499999999984,2.0935,SESSION,0.9090909090907255
SUIUSDT,M15CONF,canonical,1744979999999,1744980000000,1744980599999,NORMAL,L,2.1384000000000003,2.1329,2.1510500000000015,2.1329,SL,-1.0
SUIUSDT,M15CONF,canonical,1744989899999,1744989900000,1744992299999,NORMAL,S,2.1039,2.1096000000000004,2.090789999999999,2.1096000000000004,SL,-1.0
SUIUSDT,M15CONF,canonical,1745347199999,1745347200000,1745348399999,NORMAL,L,2.4501000000000004,2.4370999999999996,2.480000000000002,2.4370999999999996,SL,-1.0
SUIUSDT,M15CONF,canonical,1745432099999,1745432100000,1745435099999,NORMAL,L,3.0218000000000003,2.9863999999999997,3.1032200000000016,2.9863999999999997,SL,-1.0
SUIUSDT,M15CONF,canonical,1745819099999,1745819100000,1745823899999,NORMAL,L,3.6222000000000003,3.5959999999999996,3.6824600000000016,3.6824600000000016,TP,2.3
SUIUSDT,M15CONF,canonical,1746051599999,1746051600000,1746052499999,T-1,L,3.4933,3.4852999999999996,3.511700000000001,3.4852999999999996,SL,-1.0
SUIUSDT,M15CONF,canonical,1747598099999,1747598100000,1747600499999,NORMAL,S,3.7251,3.7596000000000003,3.6457499999999987,3.7596000000000003,SL,-1.0
SUIUSDT,M15CONF,canonical,1747626299999,1747626300000,1747628099999,NORMAL,S,3.7554,3.7792000000000003,3.7006599999999987,3.7792000000000003,SL,-1.0
SUIUSDT,M15CONF,canonical,1747686599999,1747686600000,1747690199999,NORMAL,L,3.8181000000000003,3.8004,3.8588100000000014,3.8004,SL,-1.0
SUIUSDT,M15CONF,canonical,1747764299999,1747764300000,1747764599999,NORMAL,L,3.8987000000000003,3.8851999999999998,3.9297500000000016,3.8851999999999998,SL,-1.0
SUIUSDT,M15CONF,canonical,1747966799999,1747966800000,1747969199999,NORMAL,L,3.9131,3.8907,3.9646200000000005,3.8907,SL,-1.0
SUIUSDT,M15CONF,canonical,1748221199999,1748221200000,1748221799999,NORMAL,L,3.6301,3.6129,3.669660000000001,3.6129,SL,-1.0
SUIUSDT,M15CONF,canonical,1748252999999,1748253000000,1748254799999,NORMAL,S,3.5873,3.5973,3.5642999999999994,3.5973,SL,-1.0
SUIUSDT,M15CONF,canonical,1748343599999,1748343600000,1748344199999,NORMAL,L,3.5642,3.5568,3.58122,3.5568,SL,-1.0
SUIUSDT,M15CONF,canonical,1748914799999,1748914800000,1748916599999,NORMAL,L,3.3793,3.3653,3.4115000000000006,3.3653,SL,-1.0
SUIUSDT,M15CONF,canonical,1748919899999,1748919900000,1748927399999,NORMAL,S,3.3078999999999996,3.3226,3.274089999999999,3.3059,EMA,0.13605442176868898
SUIUSDT,M15CONF,canonical,1749141299999,1749141300000,1749142199999,T-1,S,3.0967,3.1060000000000003,3.0753099999999987,3.0753099999999987,TP,2.3
SUIUSDT,M15CONF,canonical,1749697499999,1749697500000,1749698099999,T+1,S,3.3434999999999997,3.3539000000000003,3.3195799999999984,3.3539000000000003,SL,-1.0
SUIUSDT,M15CONF,canonical,1749739799999,1749739800000,1749741599999,T+1,L,3.358,3.3396999999999997,3.400090000000001,3.3396999999999997,SL,-1.0
SUIUSDT,M15CONF,canonical,1750694999999,1750695000000,1750696199999,NORMAL,S,2.4558999999999997,2.4718,2.419329999999999,2.419329999999999,TP,2.3
SUIUSDT,M15CONF,canonical,1750743299999,1750743300000,1750743599999,NORMAL,L,2.8287,2.8167999999999997,2.8560700000000003,2.8560700000000003,TP,2.3
SUIUSDT,M15CONF,canonical,1750891199999,1750891200000,1750892699999,NORMAL,S,2.7319999999999998,2.7415000000000003,2.7101499999999987,2.7101499999999987,TP,2.3
SUIUSDT,M15CONF,canonical,1751464799999,1751464800000,1751469299999,T-1,L,2.7884,2.7748999999999997,2.8194500000000016,2.8194500000000016,TP,2.3
SUIUSDT,M15CONF,canonical,1751972699999,1751972700000,1751977499999,NORMAL,L,2.8876000000000004,2.8811999999999998,2.902320000000002,2.8869,EMA,-0.10937500000008131
SUIUSDT,M15CONF,canonical,1752059099999,1752059100000,1752061499999,NORMAL,L,2.9441,2.9374,2.959510000000001,2.9374,SL,-1.0
SUIUSDT,M15CONF,canonical,1753048499999,1753048500000,1753048799999,NORMAL,S,3.9111,3.9203,3.8899399999999993,3.9203,SL,-1.0
SUIUSDT,M15CONF,canonical,1753151699999,1753151700000,1753152899999,NORMAL,L,4.0245999999999995,4.0071,4.064849999999998,4.0071,SL,-1.0
SUIUSDT,M15CONF,canonical,1753163099999,1753163100000,1753164599999,NORMAL,S,3.8520999999999996,3.8657000000000004,3.820819999999998,3.8657000000000004,SL,-1.0
SUIUSDT,M15CONF,canonical,1753303799999,1753303800000,1753304099999,NORMAL,S,3.6262999999999996,3.6454000000000004,3.582369999999998,3.6454000000000004,SL,-1.0
SUIUSDT,M15CONF,canonical,1753441199999,1753441200000,1753442399999,NORMAL,L,3.7496,3.7401999999999997,3.771220000000001,3.771220000000001,TP,2.3
SUIUSDT,M15CONF,canonical,1753718399999,1753718400000,1753722599999,NORMAL,S,4.0623000000000005,4.0786999999999995,4.024580000000003,4.024580000000003,TP,2.3
SUIUSDT,M15CONF,canonical,1754504099999,1754504100000,1754504999999,NORMAL,L,3.5213,3.5056999999999996,3.557180000000001,3.5056999999999996,SL,-1.0
SUIUSDT,M15CONF,canonical,1755497999999,1755498000000,1755499799999,NORMAL,S,3.5782,3.5922,3.5459999999999994,3.5459999999999994,TP,2.3
SUIUSDT,M15CONF,canonical,1755563399999,1755563400000,1755563999999,NORMAL,S,3.5846999999999998,3.5985,3.5529599999999992,3.5985,SL,-1.0
SUIUSDT,M15CONF,canonical,1755598199999,1755598200000,1755599399999,NORMAL,L,3.5659,3.5584,3.5831500000000007,3.5831500000000007,TP,2.3
SUIUSDT,M15CONF,canonical,1755599999999,1755600000000,1755601199999,NORMAL,L,3.5894000000000004,3.5763999999999996,3.619300000000002,3.5763999999999996,SL,-1.0
SUIUSDT,M15CONF,canonical,1755620999999,1755621000000,1755624299999,NORMAL,S,3.4808,3.4999000000000002,3.436869999999999,3.4919,EMA,-0.5811518324607168
SUIUSDT,M15CONF,canonical,1755719399999,1755719400000,1755721199999,NORMAL,L,3.5816000000000003,3.5669999999999997,3.615180000000002,3.5669999999999997,SL,-1.0
SUIUSDT,M15CONF,canonical,1755850199999,1755850200000,1755851399999,NORMAL,L,3.4595000000000002,3.4522999999999997,3.4760600000000013,3.4522999999999997,SL,-1.0
SUIUSDT,M15CONF,canonical,1756057199999,1756057200000,1756057499999,NORMAL,L,3.6859,3.6773,3.705680000000001,3.705680000000001,TP,2.3
SUIUSDT,M15CONF,canonical,1756090199999,1756090200000,1756092299999,NORMAL,L,3.713,3.6992999999999996,3.7445100000000013,3.6992999999999996,SL,-1.0
SUIUSDT,M15CONF,canonical,1756184699999,1756184700000,1756186799999,NORMAL,L,3.3982,3.3899,3.4172900000000004,3.4172900000000004,TP,2.3
SUIUSDT,M15CONF,canonical,1756279799999,1756279800000,1756280999999,NORMAL,S,3.4189999999999996,3.4283,3.3976099999999985,3.4283,SL,-1.0
SUIUSDT,M15CONF,canonical,1756419299999,1756419300000,1756420499999,NORMAL,L,3.4708,3.4604999999999997,3.494490000000001,3.494490000000001,TP,2.3
SUIUSDT,M15CONF,canonical,1756701899999,1756701900000,1756702499999,NORMAL,S,3.151,3.1589,3.1328299999999993,3.1589,SL,-1.0
SUIUSDT,M15CONF,canonical,1756999199999,1756999200000,1757000999999,T-1,S,3.2527,3.2641,3.2264799999999996,3.2641,SL,-1.0
SUIUSDT,M15CONF,canonical,1757870699999,1757870700000,1757874299999,NORMAL,L,3.7162,3.7003999999999997,3.752540000000001,3.7058,EMA,-0.6582278481012577
SUIUSDT,M15CONF,canonical,1758230099999,1758230100000,1758230399999,T+1,S,3.9210999999999996,3.9301000000000004,3.9003999999999976,3.9301000000000004,SL,-1.0
SUIUSDT,M15CONF,canonical,1758232499999,1758232500000,1758233399999,T+1,S,3.9248999999999996,3.9292000000000002,3.9150099999999983,3.9150099999999983,TP,2.3
SUIUSDT,M15CONF,canonical,1758596399999,1758596400000,1758597599999,NORMAL,S,3.2963999999999998,3.3094,3.266499999999999,3.3094,SL,-1.0
SUIUSDT,M15CONF,canonical,1758659399999,1758659400000,1758659699999,NORMAL,S,3.3164,3.3243,3.2982299999999993,3.3243,SL,-1.0
SUIUSDT,M15CONF,canonical,1758703499999,1758703500000,1758709799999,NORMAL,L,3.378,3.3699,3.3966300000000005,3.3771,EMA,-0.11111111111112329
SUIUSDT,M15CONF,canonical,1758881699999,1758881700000,1758883199999,NORMAL,S,3.0955,3.1108000000000002,3.0603099999999994,3.1108000000000002,SL,-1.0
SUIUSDT,M15CONF,canonical,1758884399999,1758884400000,1758886499999,NORMAL,S,3.097,3.1076,3.0726199999999997,3.1076,SL,-1.0
SUIUSDT,M15CONF,canonical,1759261199999,1759261200000,1759261799999,NORMAL,L,3.2259,3.2188,3.242230000000001,3.242230000000001,TP,2.3
SUIUSDT,M15CONF,canonical,1759317599999,1759317600000,1759318799999,NORMAL,L,3.4156000000000004,3.4057999999999997,3.438140000000002,3.4057999999999997,SL,-1.0
SUIUSDT,M15CONF,canonical,1759345799999,1759345800000,1759350299999,NORMAL,L,3.5063000000000004,3.4934999999999996,3.5357400000000023,3.5001,EMA,-0.48437499999998535
SUIUSDT,M15CONF,canonical,1759467299999,1759467300000,1759468199999,NORMAL,L,3.5959000000000003,3.5885999999999996,3.612690000000002,3.5885999999999996,SL,-1.0
SUIUSDT,M15CONF,canonical,1759688699999,1759688700000,1759689299999,NORMAL,S,3.5629,3.5716,3.5428899999999994,3.5716,SL,-1.0
SUIUSDT,M15CONF,canonical,1759896599999,1759896600000,1759896899999,NORMAL,S,3.4328,3.4494000000000002,3.394619999999999,3.4494000000000002,SL,-1.0
SUIUSDT,M15CONF,canonical,1760049599999,1760049600000,1760051399999,NORMAL,L,3.4074000000000004,3.3987,3.427410000000002,3.3987,SL,-1.0
SUIUSDT,M15CONF,canonical,1760453099999,1760453100000,1760455199999,NORMAL,L,2.7604,2.7310999999999996,2.8277900000000016,2.7310999999999996,SL,-1.0
SUIUSDT,M15CONF,canonical,1760543099999,1760543100000,1760544299999,NORMAL,S,2.6978,2.7226000000000004,2.6407599999999993,2.7226000000000004,SL,-1.0
SUIUSDT,M15CONF,canonical,1760642999999,1760643000000,1760644499999,NORMAL,S,2.5448,2.5618000000000003,2.505699999999999,2.5618000000000003,SL,-1.0
SUIUSDT,M15CONF,canonical,1760702399999,1760702400000,1760705999999,NORMAL,L,2.3932,2.3787,2.426550000000001,2.385,EMA,-0.5655172413793242
SUIUSDT,M15CONF,canonical,1761851699999,1761851700000,1761852899999,T+1,S,2.2258,2.2354000000000003,2.2037199999999992,2.2354000000000003,SL,-1.0
SUIUSDT,M15CONF,canonical,1761884999999,1761885000000,1761887099999,T+1,L,2.3497000000000003,2.3440999999999996,2.362580000000002,2.3440999999999996,SL,-1.0
SUIUSDT,M15CONF,canonical,1762133399999,1762133400000,1762135799999,NORMAL,S,2.3021999999999996,2.3105,2.283109999999998,2.283109999999998,TP,2.3
SUIUSDT,M15CONF,canonical,1762265699999,1762265700000,1762266899999,NORMAL,S,2.012,2.0217,1.98969,2.0217,SL,-1.0
SUIUSDT,M15CONF,canonical,1762274699999,1762274700000,1762276499999,NORMAL,S,1.9955,2.0142,1.9524899999999996,1.9524899999999996,TP,2.3
SUIUSDT,M15CONF,canonical,1762280999999,1762281000000,1762281899999,NORMAL,S,1.911,1.9289,1.8698299999999999,1.9289,SL,-1.0
SUIUSDT,M15CONF,canonical,1762311299999,1762311300000,1762316999999,NORMAL,L,2.0075000000000003,1.9915,2.0443000000000007,2.0072,EMA,-0.018750000000011535
SUIUSDT,M15CONF,canonical,1762467599999,1762467600000,1762468199999,NORMAL,L,1.9826,1.9744,2.00146,1.9744,SL,-1.0
SUIUSDT,M15CONF,canonical,1762793699999,1762793700000,1762794599999,NORMAL,S,2.1285,2.1418000000000004,2.097909999999999,2.1418000000000004,SL,-1.0
SUIUSDT,M15CONF,canonical,1762831499999,1762831500000,1762832699999,NORMAL,L,2.205,2.1898999999999997,2.2397300000000007,2.1898999999999997,SL,-1.0
SUIUSDT,M15CONF,canonical,1762885199999,1762885200000,1762885799999,NORMAL,S,2.0662,2.071,2.055159999999999,2.055159999999999,TP,2.3
SUIUSDT,M15CONF,canonical,1763349299999,1763349300000,1763356499999,NORMAL,L,1.701,1.6919,1.7219300000000004,1.7043,EMA,0.3626373626373428
SUIUSDT,M15CONF,canonical,1763502299999,1763502300000,1763503799999,T-1,S,1.6658,1.6695,1.65729,1.6695,SL,-1.0
SUIUSDT,M15CONF,canonical,1763926499999,1763926500000,1763927999999,NORMAL,L,1.3877,1.3805,1.4042599999999996,1.3805,SL,-1.0
SUIUSDT,M15CONF,canonical,1763999999999,1764000000000,1764001199999,NORMAL,L,1.4015,1.393,1.42105,1.42105,TP,2.3
SUIUSDT,M15CONF,canonical,1764005099999,1764005100000,1764006899999,NORMAL,L,1.4485,1.4346,1.4804699999999995,1.4804699999999995,TP,2.3
SUIUSDT,M15CONF,canonical,1764294299999,1764294300000,1764294899999,NORMAL,S,1.5274,1.5329,1.5147500000000005,1.5147500000000005,TP,2.3
SUIUSDT,M15CONF,canonical,1764650399999,1764650400000,1764652199999,NORMAL,L,1.3585,1.3522,1.37299,1.3522,SL,-1.0
SUIUSDT,M15CONF,canonical,1765479599999,1765479600000,1765480199999,T+1,L,1.5643,1.5579,1.5790199999999999,1.5579,SL,-1.0
SUIUSDT,M15CONF,canonical,1765945799999,1765945800000,1765949399999,T-1,S,1.4823,1.4886,1.46781,1.46781,TP,2.3
SUIUSDT,M15CONF,canonical,1766399999999,1766400000000,1766400599999,NORMAL,L,1.4749,1.4702,1.4857100000000005,1.4702,SL,-1.0
SUIUSDT,M15CONF,canonical,1766574599999,1766574600000,1766576099999,NORMAL,L,1.4152,1.4104,1.4262399999999997,1.4104,SL,-1.0
SUIUSDT,M15CONF,canonical,1766622599999,1766622600000,1766622899999,NORMAL,S,1.411,1.4143,1.4034100000000003,1.4143,SL,-1.0
SUIUSDT,M15CONF,canonical,1766743199999,1766743200000,1766743499999,NORMAL,L,1.4141,1.4124,1.4180099999999995,1.4124,SL,-1.0
SUIUSDT,M15CONF,canonical,1767219899999,1767219900000,1767220499999,NORMAL,L,1.408,1.404,1.4172,1.404,SL,-1.0
SUIUSDT,M15CONF,canonical,1767227099999,1767227100000,1767227999999,NORMAL,L,1.4114,1.4078,1.41968,1.4078,SL,-1.0
SUIUSDT,M15CONF,canonical,1767287699999,1767287700000,1767292799999,NORMAL,L,1.44,1.4345,1.4526499999999996,1.4381,EMA,-0.34545454545455795
SUIUSDT,M15CONF,canonical,1767600899999,1767600900000,1767602099999,NORMAL,L,1.6949,1.6909,1.7041000000000002,1.6909,SL,-1.0
SUIUSDT,M15CONF,canonical,1767876599999,1767876600000,1767876899999,T-1,S,1.7585,1.7638,1.7463099999999998,1.7463099999999998,TP,2.3
SUIUSDT,M15CONF,canonical,1769015399999,1769015400000,1769019299999,NORMAL,S,1.4543,1.4652,1.4292299999999996,1.4652,SL,-1.0
SUIUSDT,M15CONF,canonical,1769366099999,1769366100000,1769369399999,NORMAL,S,1.4027,1.4114,1.3826900000000002,1.3826900000000002,TP,2.3
SUIUSDT,M15CONF,canonical,1770138899999,1770138900000,1770139799999,NORMAL,S,1.1147,1.1236,1.0942300000000003,1.1236,SL,-1.0
SUIUSDT,M15CONF,canonical,1771415399999,1771415400000,1771422599999,NORMAL,S,0.9617,0.9669,0.94974,0.94974,TP,2.3
SUIUSDT,M15CONF,canonical,1771903199999,1771903200000,1771904999999,NORMAL,S,0.8635,0.8678,0.8536100000000001,0.8536100000000001,TP,2.3
SUIUSDT,M15CONF,canonical,1772049599999,1772049600000,1772054999999,NORMAL,L,1.0021,0.9944000000000001,1.0198099999999999,1.0014,EMA,-0.09090909090908174
SUIUSDT,M15CONF,canonical,1772182499999,1772182500000,1772184299999,NORMAL,L,0.9581,0.956,0.96293,0.956,SL,-1.0
SUIUSDT,M15CONF,canonical,1772497199999,1772497200000,1772498099999,NORMAL,S,0.9186,0.9227,0.90917,0.9227,SL,-1.0
SUIUSDT,M15CONF,canonical,1773249599999,1773249600000,1773250799999,T+1,L,0.9861,0.9828,0.9936899999999999,0.9828,SL,-1.0
SUIUSDT,M15CONF,canonical,1773255599999,1773255600000,1773255899999,T+1,L,0.9914999999999999,0.9894000000000001,0.9963299999999997,0.9894000000000001,SL,-1.0
SUIUSDT,M15CONF,canonical,1773804599999,1773804600000,1773806699999,T-1,L,1.0469,1.0427,1.05656,1.0427,SL,-1.0
SUIUSDT,M15CONF,canonical,1773844799999,1773844800000,1773846299999,T-1,S,0.9795,0.9832,0.9709900000000002,0.9709900000000002,TP,2.3
SUIUSDT,M15CONF,canonical,1774305899999,1774305900000,1774306499999,NORMAL,S,0.9506,0.9521,0.9471500000000002,0.9521,SL,-1.0
SUIUSDT,M15CONF,canonical,1774314899999,1774314900000,1774318199999,NORMAL,S,0.9428,0.9469,0.93337,0.9445,EMA,-0.41463414634147266
SUIUSDT,M15CONF,canonical,1774357199999,1774357200000,1774358999999,NORMAL,S,0.9470000000000001,0.949,0.9424000000000003,0.949,SL,-1.0
SUIUSDT,M15CONF,canonical,1774373399999,1774373400000,1774373999999,NORMAL,S,0.929,0.9315,0.9232500000000001,0.9315,SL,-1.0
SUIUSDT,M15CONF,canonical,1774891199999,1774891200000,1774891799999,NORMAL,S,0.8729,0.8755,0.8669200000000001,0.8669200000000001,TP,2.3
SUIUSDT,M15CONF,canonical,1774967399999,1774967400000,1774967999999,NORMAL,L,0.8755,0.8718,0.8840099999999997,0.8718,SL,-1.0
SUIUSDT,M15CONF,canonical,1775141699999,1775141700000,1775143199999,T-1,L,0.8613999999999999,0.8574,0.8705999999999997,0.8574,SL,-1.0
SUIUSDT,M15CONF,canonical,1776109199999,1776109200000,1776111899999,NORMAL,L,0.9306,0.9272,0.9384199999999999,0.9272,SL,-1.0
SUIUSDT,M15CONF,canonical,1776219299999,1776219300000,1776219599999,NORMAL,L,0.9423,0.9411,0.94506,0.9411,SL,-1.0
SUIUSDT,M15CONF,canonical,1776380099999,1776380100000,1776380399999,NORMAL,L,1.0116,1.0057,1.0251700000000001,1.0057,SL,-1.0
SUIUSDT,M15CONF,canonical,1776411899999,1776411900000,1776412499999,NORMAL,L,0.9943,0.991,1.00189,0.991,SL,-1.0
SUIUSDT,M15CONF,canonical,1777025399999,1777025400000,1777025999999,NORMAL,S,0.9387,0.9406,0.93433,0.9406,SL,-1.0
SUIUSDT,M15CONF,canonical,1777470299999,1777470300000,1777470899999,T-1,S,0.9158000000000001,0.9182,0.9102800000000002,0.9182,SL,-1.0
SUIUSDT,M15CONF,canonical,1777475399999,1777475400000,1777477499999,T-1,S,0.9102,0.9138999999999999,0.9016900000000002,0.9016900000000002,TP,2.3
SUIUSDT,M15CONF,canonical,1777960199999,1777960200000,1777961399999,NORMAL,L,0.9445,0.9424,0.94933,0.9424,SL,-1.0
SUIUSDT,M15CONF,canonical,1778638499999,1778638500000,1778638799999,T+1,L,1.2556,1.2502,1.2680200000000001,1.2502,SL,-1.0
SUIUSDT,M15CONF,canonical,1779224399999,1779224400000,1779224999999,NORMAL,L,1.0638,1.0619,1.06817,1.0619,SL,-1.0
SUIUSDT,M15CONF,canonical,1779454499999,1779454500000,1779456299999,NORMAL,L,1.1266,1.1225,1.13603,1.1225,SL,-1.0
SUIUSDT,M15CONF,canonical,1779730799999,1779730800000,1779731699999,NORMAL,L,1.0612,1.0586,1.0671799999999998,1.0586,SL,-1.0
SUIUSDT,M15CONF,canonical,1780415399999,1780415400000,1780416299999,NORMAL,S,0.8168,0.8235,0.8013899999999999,0.8235,SL,-1.0
SUIUSDT,M15CONF,canonical,1780559999999,1780560000000,1780560299999,T-1,S,0.784,0.7898999999999999,0.7704300000000003,0.7898999999999999,SL,-1.0
SUIUSDT,M15CONF,canonical,1781642099999,1781642100000,1781643899999,T-1,L,0.8004,0.7982,0.80546,0.80546,TP,2.3
SUIUSDT,M15CONF,canonical,1781658299999,1781658300000,1781659499999,T-1,L,0.8048,0.8012,0.8130799999999998,0.8012,SL,-1.0
SUIUSDT,M15CONF,canonical,1782269999999,1782270000000,1782272399999,NORMAL,S,0.6983,0.7,0.6943900000000002,0.7,SL,-1.0
SUIUSDT,M15CONF,canonical,1782315899999,1782315900000,1782317999999,NORMAL,S,0.6754,0.6792,0.6666599999999999,0.6792,SL,-1.0
SUIUSDT,M15CONF,canonical,1782338399999,1782338400000,1782341099999,NORMAL,L,0.6889,0.6851,0.6976399999999998,0.6851,SL,-1.0
SUIUSDT,M15CONF,canonical,1783297799999,1783297800000,1783298399999,NORMAL,S,0.749,0.7522,0.7416400000000001,0.7522,SL,-1.0
SUIUSDT,M15CONF,canonical,1783354199999,1783354200000,1783355399999,NORMAL,L,0.7476,0.743,0.7581800000000002,0.743,SL,-1.0
SUIUSDT,M15CONF,canonical,1783442399999,1783442400000,1783448099999,NORMAL,L,0.7462,0.7438,0.7517199999999998,0.7458,EMA,-0.16666666666665125
SUIUSDT,M15CONF,canonical,1783572599999,1783572600000,1783573199999,NORMAL,L,0.7225,0.7207,0.7266400000000001,0.7266400000000001,TP,2.3
SUIUSDT,M15CONF,canonical,1783595099999,1783595100000,1783598099999,NORMAL,S,0.7199,0.7218,0.71553,0.7218,SL,-1.0
SUIUSDT,M15CONF,canonical,1783907999999,1783908000000,1783916399999,T-1,S,0.7291,0.7333,0.71944,0.7286,EMA,0.11904761904760645
SUIUSDT,M15CONF,canonical,1784520899999,1784520900000,1784521799999,NORMAL,S,0.7462,0.7484,0.74114,0.7484,SL,-1.0
SUIUSDT,M15CONF,canonical,1784632199999,1784632200000,1784637599999,NORMAL,S,0.7683,0.7704,0.76347,0.7704,SL,-1.0
SUIUSDT,M15CONF,canonical,1784702399999,1784702400000,1784707799999,NORMAL,S,0.7562,0.7579,0.7522899999999999,0.7569,EMA,-0.41176470588236447
SUIUSDT,M15CONF,canonical,1784734799999,1784734800000,1784735099999,NORMAL,L,0.773,0.7715,0.7764500000000002,0.7715,SL,-1.0
SUIUSDT,M15CONF,canonical,1784772899999,1784772900000,1784774099999,NORMAL,S,0.7596,0.7608,0.7568400000000001,0.7608,SL,-1.0
SUIUSDT,M15CONF,canonical,1784785499999,1784785500000,1784785799999,NORMAL,L,0.7674,0.766,0.7706199999999999,0.766,SL,-1.0
SUIUSDT,M15CONF,canonical,1784889899999,1784889900000,1784897999999,NORMAL,S,0.7314,0.7338,0.7258800000000002,0.7258800000000002,TP,2.3
SUIUSDT,M15CONF,canonical,1785089099999,1785089100000,1785093299999,NORMAL,S,0.7134,0.7147,0.7104100000000001,0.7104100000000001,TP,2.3
SUIUSDT,M15CONF,canonical,1785275699999,1785275700000,1785275999999,T-1,L,0.6953,0.6944,0.69737,0.6944,SL,-1.0
SUIUSDT,M15CONF,canonical,1785952199999,1785952200000,1785952799999,T-1,L,0.6948,0.6936,0.69756,0.6936,SL,-1.0
SUIUSDT,M15CONF,canonical,1786628999999,1786629000000,1786630199999,T+1,L,0.6917,0.6902,0.6951499999999998,0.6902,SL,-1.0
SUIUSDT,M15CONF,fixed,1736117699999,1736117700000,1736117999999,NORMAL,L,5.2469,5.242500000000001,5.257019999999999,5.257019999999999,TP,2.3
SUIUSDT,M15CONF,fixed,1736125499999,1736125500000,1736127899999,NORMAL,S,5.17,5.190799999999999,5.122160000000001,5.190799999999999,SL,-1.0
SUIUSDT,M15CONF,fixed,1736189399999,1736189400000,1736191799999,NORMAL,S,5.1846000000000005,5.2119,5.121810000000002,5.2119,SL,-1.0
SUIUSDT,M15CONF,fixed,1737321299999,1737321300000,1737321599999,NORMAL,S,4.8979,4.9165,4.855119999999999,4.9165,SL,-1.0
SUIUSDT,M15CONF,fixed,1737479399999,1737479400000,1737481799999,NORMAL,L,4.5186,4.4956000000000005,4.5714999999999995,4.5714999999999995,TP,2.3
SUIUSDT,M15CONF,fixed,1737612599999,1737612600000,1737614099999,NORMAL,L,4.4314,4.4123,4.47533,4.4123,SL,-1.0
SUIUSDT,M15CONF,fixed,1737694799999,1737694800000,1737697499999,NORMAL,L,4.395,4.3712,4.4497399999999985,4.3712,SL,-1.0
SUIUSDT,M15CONF,fixed,1737954899999,1737954900000,1737957899999,NORMAL,S,3.6689,3.7021,3.592539999999999,3.7021,SL,-1.0
SUIUSDT,M15CONF,fixed,1738847399999,1738847400000,1738848899999,T-1,S,3.3815999999999997,3.3967,3.346869999999999,3.3967,SL,-1.0
SUIUSDT,M15CONF,fixed,1739224199999,1739224200000,1739226299999,T-1,S,3.2102999999999997,3.2306000000000004,3.163609999999998,3.2306000000000004,SL,-1.0
SUIUSDT,M15CONF,fixed,1739252399999,1739252400000,1739253599999,T-1,L,3.4426,3.4250999999999996,3.4828500000000013,3.4828500000000013,TP,2.3
SUIUSDT,M15CONF,fixed,1739391599999,1739391600000,1739399099999,T+1,L,3.4748,3.4419,3.5504700000000007,3.5504700000000007,TP,2.3
SUIUSDT,M15CONF,fixed,1739768399999,1739768400000,1739768699999,NORMAL,S,3.2365999999999997,3.2561,3.191749999999999,3.191749999999999,TP,2.3
SUIUSDT,M15CONF,fixed,1739785199999,1739785200000,1739789399999,NORMAL,L,3.2997,3.2828999999999997,3.338340000000001,3.2828999999999997,SL,-1.0
SUIUSDT,M15CONF,fixed,1739826899999,1739826900000,1739827199999,NORMAL,L,3.2305,3.2211999999999996,3.2518900000000013,3.2211999999999996,SL,-1.0
SUIUSDT,M15CONF,fixed,1740071699999,1740071700000,1740072599999,NORMAL,L,3.3721,3.3554,3.4105100000000004,3.4105100000000004,TP,2.3
SUIUSDT,M15CONF,fixed,1740367199999,1740367200000,1740368399999,NORMAL,S,3.2918999999999996,3.3120000000000003,3.2456699999999983,3.3120000000000003,SL,-1.0
SUIUSDT,M15CONF,fixed,1740369599999,1740369600000,1740370499999,NORMAL,S,3.2948999999999997,3.3055000000000003,3.2705199999999985,3.2705199999999985,TP,2.3
SUIUSDT,M15CONF,fixed,1740371399999,1740371400000,1740372599999,NORMAL,S,3.2514999999999996,3.2723000000000004,3.203659999999998,3.2723000000000004,SL,-1.0
SUIUSDT,M15CONF,fixed,1740521399999,1740521400000,1740521999999,NORMAL,L,3.0074,2.9804,3.0695000000000006,2.9804,SL,-1.0
SUIUSDT,M15CONF,fixed,1740635699999,1740635700000,1740636899999,NORMAL,L,2.9365,2.9257,2.9613400000000003,2.9257,SL,-1.0
SUIUSDT,M15CONF,fixed,1741038899999,1741038900000,1741040699999,NORMAL,S,2.6056,2.6292000000000004,2.5513199999999987,2.6292000000000004,SL,-1.0
SUIUSDT,M15CONF,fixed,1742894399999,1742894400000,1742895599999,NORMAL,L,2.3705000000000003,2.3615,2.391200000000001,2.391200000000001,TP,2.3
SUIUSDT,M15CONF,fixed,1742950199999,1742950200000,1742950499999,NORMAL,L,2.4913000000000003,2.4814,2.514070000000001,2.4814,SL,-1.0
SUIUSDT,M15CONF,fixed,1743087299999,1743087300000,1743088199999,NORMAL,L,2.7565000000000004,2.7302999999999997,2.8167600000000017,2.7302999999999997,SL,-1.0
SUIUSDT,M15CONF,fixed,1743145199999,1743145200000,1743145799999,NORMAL,S,2.6338999999999997,2.6457,2.6067599999999986,2.6457,SL,-1.0
SUIUSDT,M15CONF,fixed,1744621799999,1744621800000,1744623899999,NORMAL,L,2.2951,2.2843999999999998,2.319710000000001,2.2843999999999998,SL,-1.0
SUIUSDT,M15CONF,fixed,1744758299999,1744758300000,1744760999999,NORMAL,S,2.0984999999999996,2.104,2.0858499999999984,2.0858499999999984,TP,2.3
SUIUSDT,M15CONF,fixed,1744979999999,1744980000000,1744980599999,NORMAL,L,2.1384000000000003,2.1329,2.1510500000000015,2.1329,SL,-1.0
SUIUSDT,M15CONF,fixed,1744989899999,1744989900000,1744992299999,NORMAL,S,2.1039,2.1096000000000004,2.090789999999999,2.1096000000000004,SL,-1.0
SUIUSDT,M15CONF,fixed,1745347199999,1745347200000,1745348399999,NORMAL,L,2.4501000000000004,2.4370999999999996,2.480000000000002,2.4370999999999996,SL,-1.0
SUIUSDT,M15CONF,fixed,1745432099999,1745432100000,1745435099999,NORMAL,L,3.0218000000000003,2.9863999999999997,3.1032200000000016,2.9863999999999997,SL,-1.0
SUIUSDT,M15CONF,fixed,1745819099999,1745819100000,1745823899999,NORMAL,L,3.6222000000000003,3.5959999999999996,3.6824600000000016,3.6824600000000016,TP,2.3
SUIUSDT,M15CONF,fixed,1746051599999,1746051600000,1746052499999,T-1,L,3.4933,3.4852999999999996,3.511700000000001,3.4852999999999996,SL,-1.0
SUIUSDT,M15CONF,fixed,1747598099999,1747598100000,1747600499999,NORMAL,S,3.7251,3.7596000000000003,3.6457499999999987,3.7596000000000003,SL,-1.0
SUIUSDT,M15CONF,fixed,1747626299999,1747626300000,1747628099999,NORMAL,S,3.7554,3.7792000000000003,3.7006599999999987,3.7792000000000003,SL,-1.0
SUIUSDT,M15CONF,fixed,1747686599999,1747686600000,1747690199999,NORMAL,L,3.8181000000000003,3.8004,3.8588100000000014,3.8004,SL,-1.0
SUIUSDT,M15CONF,fixed,1747764299999,1747764300000,1747764599999,NORMAL,L,3.8987000000000003,3.8851999999999998,3.9297500000000016,3.8851999999999998,SL,-1.0
SUIUSDT,M15CONF,fixed,1747966799999,1747966800000,1747969199999,NORMAL,L,3.9131,3.8907,3.9646200000000005,3.8907,SL,-1.0
SUIUSDT,M15CONF,fixed,1748221199999,1748221200000,1748221799999,NORMAL,L,3.6301,3.6129,3.669660000000001,3.6129,SL,-1.0
SUIUSDT,M15CONF,fixed,1748252999999,1748253000000,1748254799999,NORMAL,S,3.5873,3.5973,3.5642999999999994,3.5973,SL,-1.0
SUIUSDT,M15CONF,fixed,1748343599999,1748343600000,1748344199999,NORMAL,L,3.5642,3.5568,3.58122,3.5568,SL,-1.0
SUIUSDT,M15CONF,fixed,1748914799999,1748914800000,1748916599999,NORMAL,L,3.3793,3.3653,3.4115000000000006,3.3653,SL,-1.0
SUIUSDT,M15CONF,fixed,1748919899999,1748919900000,1748930399999,NORMAL,S,3.3078999999999996,3.3226,3.274089999999999,3.3226,SL,-1.0
SUIUSDT,M15CONF,fixed,1749141299999,1749141300000,1749142199999,T-1,S,3.0967,3.1060000000000003,3.0753099999999987,3.0753099999999987,TP,2.3
SUIUSDT,M15CONF,fixed,1749697499999,1749697500000,1749698099999,T+1,S,3.3434999999999997,3.3539000000000003,3.3195799999999984,3.3539000000000003,SL,-1.0
SUIUSDT,M15CONF,fixed,1749739799999,1749739800000,1749741599999,T+1,L,3.358,3.3396999999999997,3.400090000000001,3.3396999999999997,SL,-1.0
SUIUSDT,M15CONF,fixed,1750694999999,1750695000000,1750696199999,NORMAL,S,2.4558999999999997,2.4718,2.419329999999999,2.419329999999999,TP,2.3
SUIUSDT,M15CONF,fixed,1750743299999,1750743300000,1750743599999,NORMAL,L,2.8287,2.8167999999999997,2.8560700000000003,2.8560700000000003,TP,2.3
SUIUSDT,M15CONF,fixed,1750891199999,1750891200000,1750892699999,NORMAL,S,2.7319999999999998,2.7415000000000003,2.7101499999999987,2.7101499999999987,TP,2.3
SUIUSDT,M15CONF,fixed,1751464799999,1751464800000,1751469299999,T-1,L,2.7884,2.7748999999999997,2.8194500000000016,2.8194500000000016,TP,2.3
SUIUSDT,M15CONF,fixed,1751972699999,1751972700000,1751979899999,NORMAL,L,2.8876000000000004,2.8811999999999998,2.902320000000002,2.902320000000002,TP,2.3
SUIUSDT,M15CONF,fixed,1752059099999,1752059100000,1752061499999,NORMAL,L,2.9441,2.9374,2.959510000000001,2.9374,SL,-1.0
SUIUSDT,M15CONF,fixed,1753048499999,1753048500000,1753048799999,NORMAL,S,3.9111,3.9203,3.8899399999999993,3.9203,SL,-1.0
SUIUSDT,M15CONF,fixed,1753151699999,1753151700000,1753152899999,NORMAL,L,4.0245999999999995,4.0071,4.064849999999998,4.0071,SL,-1.0
SUIUSDT,M15CONF,fixed,1753163099999,1753163100000,1753164599999,NORMAL,S,3.8520999999999996,3.8657000000000004,3.820819999999998,3.8657000000000004,SL,-1.0
SUIUSDT,M15CONF,fixed,1753303799999,1753303800000,1753304099999,NORMAL,S,3.6262999999999996,3.6454000000000004,3.582369999999998,3.6454000000000004,SL,-1.0
SUIUSDT,M15CONF,fixed,1753441199999,1753441200000,1753442399999,NORMAL,L,3.7496,3.7401999999999997,3.771220000000001,3.771220000000001,TP,2.3
SUIUSDT,M15CONF,fixed,1753718399999,1753718400000,1753722599999,NORMAL,S,4.0623000000000005,4.0786999999999995,4.024580000000003,4.024580000000003,TP,2.3
SUIUSDT,M15CONF,fixed,1754504099999,1754504100000,1754504999999,NORMAL,L,3.5213,3.5056999999999996,3.557180000000001,3.5056999999999996,SL,-1.0
SUIUSDT,M15CONF,fixed,1755497999999,1755498000000,1755499799999,NORMAL,S,3.5782,3.5922,3.5459999999999994,3.5459999999999994,TP,2.3
SUIUSDT,M15CONF,fixed,1755563399999,1755563400000,1755563999999,NORMAL,S,3.5846999999999998,3.5985,3.5529599999999992,3.5985,SL,-1.0
SUIUSDT,M15CONF,fixed,1755598199999,1755598200000,1755599399999,NORMAL,L,3.5659,3.5584,3.5831500000000007,3.5831500000000007,TP,2.3
SUIUSDT,M15CONF,fixed,1755599999999,1755600000000,1755601199999,NORMAL,L,3.5894000000000004,3.5763999999999996,3.619300000000002,3.5763999999999996,SL,-1.0
SUIUSDT,M15CONF,fixed,1755620999999,1755621000000,1755629699999,NORMAL,S,3.4808,3.4999000000000002,3.436869999999999,3.436869999999999,TP,2.3
SUIUSDT,M15CONF,fixed,1755719399999,1755719400000,1755721199999,NORMAL,L,3.5816000000000003,3.5669999999999997,3.615180000000002,3.5669999999999997,SL,-1.0
SUIUSDT,M15CONF,fixed,1755850199999,1755850200000,1755851399999,NORMAL,L,3.4595000000000002,3.4522999999999997,3.4760600000000013,3.4522999999999997,SL,-1.0
SUIUSDT,M15CONF,fixed,1756057199999,1756057200000,1756057499999,NORMAL,L,3.6859,3.6773,3.705680000000001,3.705680000000001,TP,2.3
SUIUSDT,M15CONF,fixed,1756090199999,1756090200000,1756092299999,NORMAL,L,3.713,3.6992999999999996,3.7445100000000013,3.6992999999999996,SL,-1.0
SUIUSDT,M15CONF,fixed,1756184699999,1756184700000,1756186799999,NORMAL,L,3.3982,3.3899,3.4172900000000004,3.4172900000000004,TP,2.3
SUIUSDT,M15CONF,fixed,1756279799999,1756279800000,1756280999999,NORMAL,S,3.4189999999999996,3.4283,3.3976099999999985,3.4283,SL,-1.0
SUIUSDT,M15CONF,fixed,1756419299999,1756419300000,1756420499999,NORMAL,L,3.4708,3.4604999999999997,3.494490000000001,3.494490000000001,TP,2.3
SUIUSDT,M15CONF,fixed,1756701899999,1756701900000,1756702499999,NORMAL,S,3.151,3.1589,3.1328299999999993,3.1589,SL,-1.0
SUIUSDT,M15CONF,fixed,1756999199999,1756999200000,1757000999999,T-1,S,3.2527,3.2641,3.2264799999999996,3.2641,SL,-1.0
SUIUSDT,M15CONF,fixed,1757870699999,1757870700000,1757874599999,NORMAL,L,3.7162,3.7003999999999997,3.752540000000001,3.7003999999999997,SL,-1.0
SUIUSDT,M15CONF,fixed,1758230099999,1758230100000,1758230399999,T+1,S,3.9210999999999996,3.9301000000000004,3.9003999999999976,3.9301000000000004,SL,-1.0
SUIUSDT,M15CONF,fixed,1758232499999,1758232500000,1758233399999,T+1,S,3.9248999999999996,3.9292000000000002,3.9150099999999983,3.9150099999999983,TP,2.3
SUIUSDT,M15CONF,fixed,1758596399999,1758596400000,1758597599999,NORMAL,S,3.2963999999999998,3.3094,3.266499999999999,3.3094,SL,-1.0
SUIUSDT,M15CONF,fixed,1758659399999,1758659400000,1758659699999,NORMAL,S,3.3164,3.3243,3.2982299999999993,3.3243,SL,-1.0
SUIUSDT,M15CONF,fixed,1758703499999,1758703500000,1758712499999,NORMAL,L,3.378,3.3699,3.3966300000000005,3.3966300000000005,TP,2.3
SUIUSDT,M15CONF,fixed,1758881699999,1758881700000,1758883199999,NORMAL,S,3.0955,3.1108000000000002,3.0603099999999994,3.1108000000000002,SL,-1.0
SUIUSDT,M15CONF,fixed,1758884399999,1758884400000,1758886499999,NORMAL,S,3.097,3.1076,3.0726199999999997,3.1076,SL,-1.0
SUIUSDT,M15CONF,fixed,1759261199999,1759261200000,1759261799999,NORMAL,L,3.2259,3.2188,3.242230000000001,3.242230000000001,TP,2.3
SUIUSDT,M15CONF,fixed,1759317599999,1759317600000,1759318799999,NORMAL,L,3.4156000000000004,3.4057999999999997,3.438140000000002,3.4057999999999997,SL,-1.0
SUIUSDT,M15CONF,fixed,1759345799999,1759345800000,1759353899999,NORMAL,L,3.5063000000000004,3.4934999999999996,3.5357400000000023,3.4934999999999996,SL,-1.0
SUIUSDT,M15CONF,fixed,1759467299999,1759467300000,1759468199999,NORMAL,L,3.5959000000000003,3.5885999999999996,3.612690000000002,3.5885999999999996,SL,-1.0
SUIUSDT,M15CONF,fixed,1759688699999,1759688700000,1759689299999,NORMAL,S,3.5629,3.5716,3.5428899999999994,3.5716,SL,-1.0
SUIUSDT,M15CONF,fixed,1759896599999,1759896600000,1759896899999,NORMAL,S,3.4328,3.4494000000000002,3.394619999999999,3.4494000000000002,SL,-1.0
SUIUSDT,M15CONF,fixed,1760049599999,1760049600000,1760051399999,NORMAL,L,3.4074000000000004,3.3987,3.427410000000002,3.3987,SL,-1.0
SUIUSDT,M15CONF,fixed,1760453099999,1760453100000,1760455199999,NORMAL,L,2.7604,2.7310999999999996,2.8277900000000016,2.7310999999999996,SL,-1.0
SUIUSDT,M15CONF,fixed,1760543099999,1760543100000,1760544299999,NORMAL,S,2.6978,2.7226000000000004,2.6407599999999993,2.7226000000000004,SL,-1.0
SUIUSDT,M15CONF,fixed,1760642999999,1760643000000,1760644499999,NORMAL,S,2.5448,2.5618000000000003,2.505699999999999,2.5618000000000003,SL,-1.0
SUIUSDT,M15CONF,fixed,1760702399999,1760702400000,1760706899999,NORMAL,L,2.3932,2.3787,2.426550000000001,2.3787,SL,-1.0
SUIUSDT,M15CONF,fixed,1761851699999,1761851700000,1761852899999,T+1,S,2.2258,2.2354000000000003,2.2037199999999992,2.2354000000000003,SL,-1.0
SUIUSDT,M15CONF,fixed,1761884999999,1761885000000,1761887099999,T+1,L,2.3497000000000003,2.3440999999999996,2.362580000000002,2.3440999999999996,SL,-1.0
SUIUSDT,M15CONF,fixed,1762133399999,1762133400000,1762135799999,NORMAL,S,2.3021999999999996,2.3105,2.283109999999998,2.283109999999998,TP,2.3
SUIUSDT,M15CONF,fixed,1762265699999,1762265700000,1762266899999,NORMAL,S,2.012,2.0217,1.98969,2.0217,SL,-1.0
SUIUSDT,M15CONF,fixed,1762274699999,1762274700000,1762276499999,NORMAL,S,1.9955,2.0142,1.9524899999999996,1.9524899999999996,TP,2.3
SUIUSDT,M15CONF,fixed,1762280999999,1762281000000,1762281899999,NORMAL,S,1.911,1.9289,1.8698299999999999,1.9289,SL,-1.0
SUIUSDT,M15CONF,fixed,1762311299999,1762311300000,1762331099999,NORMAL,L,2.0075000000000003,1.9915,2.0443000000000007,1.9915,SL,-1.0
SUIUSDT,M15CONF,fixed,1762467599999,1762467600000,1762468199999,NORMAL,L,1.9826,1.9744,2.00146,1.9744,SL,-1.0
SUIUSDT,M15CONF,fixed,1762793699999,1762793700000,1762794599999,NORMAL,S,2.1285,2.1418000000000004,2.097909999999999,2.1418000000000004,SL,-1.0
SUIUSDT,M15CONF,fixed,1762831499999,1762831500000,1762832699999,NORMAL,L,2.205,2.1898999999999997,2.2397300000000007,2.1898999999999997,SL,-1.0
SUIUSDT,M15CONF,fixed,1762885199999,1762885200000,1762885799999,NORMAL,S,2.0662,2.071,2.055159999999999,2.055159999999999,TP,2.3
SUIUSDT,M15CONF,fixed,1763349299999,1763349300000,1763363099999,NORMAL,L,1.701,1.6919,1.7219300000000004,1.7219300000000004,TP,2.3
SUIUSDT,M15CONF,fixed,1763502299999,1763502300000,1763503799999,T-1,S,1.6658,1.6695,1.65729,1.6695,SL,-1.0
SUIUSDT,M15CONF,fixed,1763926499999,1763926500000,1763927999999,NORMAL,L,1.3877,1.3805,1.4042599999999996,1.3805,SL,-1.0
SUIUSDT,M15CONF,fixed,1763999999999,1764000000000,1764001199999,NORMAL,L,1.4015,1.393,1.42105,1.42105,TP,2.3
SUIUSDT,M15CONF,fixed,1764005099999,1764005100000,1764006899999,NORMAL,L,1.4485,1.4346,1.4804699999999995,1.4804699999999995,TP,2.3
SUIUSDT,M15CONF,fixed,1764294299999,1764294300000,1764294899999,NORMAL,S,1.5274,1.5329,1.5147500000000005,1.5147500000000005,TP,2.3
SUIUSDT,M15CONF,fixed,1764650399999,1764650400000,1764652199999,NORMAL,L,1.3585,1.3522,1.37299,1.3522,SL,-1.0
SUIUSDT,M15CONF,fixed,1765479599999,1765479600000,1765480199999,T+1,L,1.5643,1.5579,1.5790199999999999,1.5579,SL,-1.0
SUIUSDT,M15CONF,fixed,1765945799999,1765945800000,1765949399999,T-1,S,1.4823,1.4886,1.46781,1.46781,TP,2.3
SUIUSDT,M15CONF,fixed,1766399999999,1766400000000,1766400599999,NORMAL,L,1.4749,1.4702,1.4857100000000005,1.4702,SL,-1.0
SUIUSDT,M15CONF,fixed,1766574599999,1766574600000,1766576099999,NORMAL,L,1.4152,1.4104,1.4262399999999997,1.4104,SL,-1.0
SUIUSDT,M15CONF,fixed,1766622599999,1766622600000,1766622899999,NORMAL,S,1.411,1.4143,1.4034100000000003,1.4143,SL,-1.0
SUIUSDT,M15CONF,fixed,1766743199999,1766743200000,1766743499999,NORMAL,L,1.4141,1.4124,1.4180099999999995,1.4124,SL,-1.0
SUIUSDT,M15CONF,fixed,1767219899999,1767219900000,1767220499999,NORMAL,L,1.408,1.404,1.4172,1.404,SL,-1.0
SUIUSDT,M15CONF,fixed,1767227099999,1767227100000,1767227999999,NORMAL,L,1.4114,1.4078,1.41968,1.4078,SL,-1.0
SUIUSDT,M15CONF,fixed,1767287699999,1767287700000,1767297899999,NORMAL,L,1.44,1.4345,1.4526499999999996,1.4526499999999996,TP,2.3
SUIUSDT,M15CONF,fixed,1767600899999,1767600900000,1767602099999,NORMAL,L,1.6949,1.6909,1.7041000000000002,1.6909,SL,-1.0
SUIUSDT,M15CONF,fixed,1767876599999,1767876600000,1767876899999,T-1,S,1.7585,1.7638,1.7463099999999998,1.7463099999999998,TP,2.3
SUIUSDT,M15CONF,fixed,1769015399999,1769015400000,1769019299999,NORMAL,S,1.4543,1.4652,1.4292299999999996,1.4652,SL,-1.0
SUIUSDT,M15CONF,fixed,1769366099999,1769366100000,1769369399999,NORMAL,S,1.4027,1.4114,1.3826900000000002,1.3826900000000002,TP,2.3
SUIUSDT,M15CONF,fixed,1770138899999,1770138900000,1770139799999,NORMAL,S,1.1147,1.1236,1.0942300000000003,1.1236,SL,-1.0
SUIUSDT,M15CONF,fixed,1771415399999,1771415400000,1771422599999,NORMAL,S,0.9617,0.9669,0.94974,0.94974,TP,2.3
SUIUSDT,M15CONF,fixed,1771903199999,1771903200000,1771904999999,NORMAL,S,0.8635,0.8678,0.8536100000000001,0.8536100000000001,TP,2.3
SUIUSDT,M15CONF,fixed,1772049599999,1772049600000,1772055299999,NORMAL,L,1.0021,0.9944000000000001,1.0198099999999999,0.9944000000000001,SL,-1.0
SUIUSDT,M15CONF,fixed,1772182499999,1772182500000,1772184299999,NORMAL,L,0.9581,0.956,0.96293,0.956,SL,-1.0
SUIUSDT,M15CONF,fixed,1772497199999,1772497200000,1772498099999,NORMAL,S,0.9186,0.9227,0.90917,0.9227,SL,-1.0
SUIUSDT,M15CONF,fixed,1773249599999,1773249600000,1773250799999,T+1,L,0.9861,0.9828,0.9936899999999999,0.9828,SL,-1.0
SUIUSDT,M15CONF,fixed,1773255599999,1773255600000,1773255899999,T+1,L,0.9914999999999999,0.9894000000000001,0.9963299999999997,0.9894000000000001,SL,-1.0
SUIUSDT,M15CONF,fixed,1773804599999,1773804600000,1773806699999,T-1,L,1.0469,1.0427,1.05656,1.0427,SL,-1.0
SUIUSDT,M15CONF,fixed,1773844799999,1773844800000,1773846299999,T-1,S,0.9795,0.9832,0.9709900000000002,0.9709900000000002,TP,2.3
SUIUSDT,M15CONF,fixed,1774305899999,1774305900000,1774306499999,NORMAL,S,0.9506,0.9521,0.9471500000000002,0.9521,SL,-1.0
SUIUSDT,M15CONF,fixed,1774314899999,1774314900000,1774335899999,NORMAL,S,0.9428,0.9469,0.93337,0.9469,SL,-1.0
SUIUSDT,M15CONF,fixed,1774357199999,1774357200000,1774358999999,NORMAL,S,0.9470000000000001,0.949,0.9424000000000003,0.949,SL,-1.0
SUIUSDT,M15CONF,fixed,1774373399999,1774373400000,1774373999999,NORMAL,S,0.929,0.9315,0.9232500000000001,0.9315,SL,-1.0
SUIUSDT,M15CONF,fixed,1774891199999,1774891200000,1774891799999,NORMAL,S,0.8729,0.8755,0.8669200000000001,0.8669200000000001,TP,2.3
SUIUSDT,M15CONF,fixed,1774967399999,1774967400000,1774967999999,NORMAL,L,0.8755,0.8718,0.8840099999999997,0.8718,SL,-1.0
SUIUSDT,M15CONF,fixed,1775141699999,1775141700000,1775143199999,T-1,L,0.8613999999999999,0.8574,0.8705999999999997,0.8574,SL,-1.0
SUIUSDT,M15CONF,fixed,1776109199999,1776109200000,1776111899999,NORMAL,L,0.9306,0.9272,0.9384199999999999,0.9272,SL,-1.0
SUIUSDT,M15CONF,fixed,1776219299999,1776219300000,1776219599999,NORMAL,L,0.9423,0.9411,0.94506,0.9411,SL,-1.0
SUIUSDT,M15CONF,fixed,1776380099999,1776380100000,1776380399999,NORMAL,L,1.0116,1.0057,1.0251700000000001,1.0057,SL,-1.0
SUIUSDT,M15CONF,fixed,1776411899999,1776411900000,1776412499999,NORMAL,L,0.9943,0.991,1.00189,0.991,SL,-1.0
SUIUSDT,M15CONF,fixed,1777025399999,1777025400000,1777025999999,NORMAL,S,0.9387,0.9406,0.93433,0.9406,SL,-1.0
SUIUSDT,M15CONF,fixed,1777470299999,1777470300000,1777470899999,T-1,S,0.9158000000000001,0.9182,0.9102800000000002,0.9182,SL,-1.0
SUIUSDT,M15CONF,fixed,1777475399999,1777475400000,1777477499999,T-1,S,0.9102,0.9138999999999999,0.9016900000000002,0.9016900000000002,TP,2.3
SUIUSDT,M15CONF,fixed,1777960199999,1777960200000,1777961399999,NORMAL,L,0.9445,0.9424,0.94933,0.9424,SL,-1.0
SUIUSDT,M15CONF,fixed,1778638499999,1778638500000,1778638799999,T+1,L,1.2556,1.2502,1.2680200000000001,1.2502,SL,-1.0
SUIUSDT,M15CONF,fixed,1779224399999,1779224400000,1779224999999,NORMAL,L,1.0638,1.0619,1.06817,1.0619,SL,-1.0
SUIUSDT,M15CONF,fixed,1779454499999,1779454500000,1779456299999,NORMAL,L,1.1266,1.1225,1.13603,1.1225,SL,-1.0
SUIUSDT,M15CONF,fixed,1779730799999,1779730800000,1779731699999,NORMAL,L,1.0612,1.0586,1.0671799999999998,1.0586,SL,-1.0
SUIUSDT,M15CONF,fixed,1780415399999,1780415400000,1780416299999,NORMAL,S,0.8168,0.8235,0.8013899999999999,0.8235,SL,-1.0
SUIUSDT,M15CONF,fixed,1780559999999,1780560000000,1780560299999,T-1,S,0.784,0.7898999999999999,0.7704300000000003,0.7898999999999999,SL,-1.0
SUIUSDT,M15CONF,fixed,1781642099999,1781642100000,1781643899999,T-1,L,0.8004,0.7982,0.80546,0.80546,TP,2.3
SUIUSDT,M15CONF,fixed,1781658299999,1781658300000,1781659499999,T-1,L,0.8048,0.8012,0.8130799999999998,0.8012,SL,-1.0
SUIUSDT,M15CONF,fixed,1782269999999,1782270000000,1782272399999,NORMAL,S,0.6983,0.7,0.6943900000000002,0.7,SL,-1.0
SUIUSDT,M15CONF,fixed,1782315899999,1782315900000,1782317999999,NORMAL,S,0.6754,0.6792,0.6666599999999999,0.6792,SL,-1.0
SUIUSDT,M15CONF,fixed,1782338399999,1782338400000,1782341099999,NORMAL,L,0.6889,0.6851,0.6976399999999998,0.6851,SL,-1.0
SUIUSDT,M15CONF,fixed,1783297799999,1783297800000,1783298399999,NORMAL,S,0.749,0.7522,0.7416400000000001,0.7522,SL,-1.0
SUIUSDT,M15CONF,fixed,1783354199999,1783354200000,1783355399999,NORMAL,L,0.7476,0.743,0.7581800000000002,0.743,SL,-1.0
SUIUSDT,M15CONF,fixed,1783442399999,1783442400000,1783448699999,NORMAL,L,0.7462,0.7438,0.7517199999999998,0.7438,SL,-1.0
SUIUSDT,M15CONF,fixed,1783572599999,1783572600000,1783573199999,NORMAL,L,0.7225,0.7207,0.7266400000000001,0.7266400000000001,TP,2.3
SUIUSDT,M15CONF,fixed,1783595099999,1783595100000,1783598099999,NORMAL,S,0.7199,0.7218,0.71553,0.7218,SL,-1.0
SUIUSDT,M15CONF,fixed,1783907999999,1783908000000,1783924499999,T-1,S,0.7291,0.7333,0.71944,0.7333,SL,-1.0
SUIUSDT,M15CONF,fixed,1784520899999,1784520900000,1784521799999,NORMAL,S,0.7462,0.7484,0.74114,0.7484,SL,-1.0
SUIUSDT,M15CONF,fixed,1784632199999,1784632200000,1784637599999,NORMAL,S,0.7683,0.7704,0.76347,0.7704,SL,-1.0
SUIUSDT,M15CONF,fixed,1784702399999,1784702400000,1784708699999,NORMAL,S,0.7562,0.7579,0.7522899999999999,0.7579,SL,-1.0
SUIUSDT,M15CONF,fixed,1784734799999,1784734800000,1784735099999,NORMAL,L,0.773,0.7715,0.7764500000000002,0.7715,SL,-1.0
SUIUSDT,M15CONF,fixed,1784772899999,1784772900000,1784774099999,NORMAL,S,0.7596,0.7608,0.7568400000000001,0.7608,SL,-1.0
SUIUSDT,M15CONF,fixed,1784785499999,1784785500000,1784785799999,NORMAL,L,0.7674,0.766,0.7706199999999999,0.766,SL,-1.0
SUIUSDT,M15CONF,fixed,1784889899999,1784889900000,1784897999999,NORMAL,S,0.7314,0.7338,0.7258800000000002,0.7258800000000002,TP,2.3
SUIUSDT,M15CONF,fixed,1785089099999,1785089100000,1785093299999,NORMAL,S,0.7134,0.7147,0.7104100000000001,0.7104100000000001,TP,2.3
SUIUSDT,M15CONF,fixed,1785275699999,1785275700000,1785275999999,T-1,L,0.6953,0.6944,0.69737,0.6944,SL,-1.0
SUIUSDT,M15CONF,fixed,1785952199999,1785952200000,1785952799999,T-1,L,0.6948,0.6936,0.69756,0.6936,SL,-1.0
SUIUSDT,M15CONF,fixed,1786628999999,1786629000000,1786630199999,T+1,L,0.6917,0.6902,0.6951499999999998,0.6902,SL,-1.0
SUIUSDT,COST06_M15,canonical,1737481199999,1737481200000,1737482399999,NORMAL,L,4.5446,4.5158000000000005,4.610839999999999,4.610839999999999,TP,2.3
SUIUSDT,COST06_M15,canonical,1737695099999,1737695100000,1737696899999,NORMAL,L,4.403,4.3754,4.466479999999999,4.3754,SL,-1.0
SUIUSDT,COST06_M15,canonical,1737954899999,1737954900000,1737957899999,NORMAL,S,3.6689,3.7021,3.592539999999999,3.7021,SL,-1.0
SUIUSDT,COST06_M15,canonical,1739224199999,1739224200000,1739226299999,T-1,S,3.2102999999999997,3.2306000000000004,3.163609999999998,3.2306000000000004,SL,-1.0
SUIUSDT,COST06_M15,canonical,1739391599999,1739391600000,1739399099999,T+1,L,3.4748,3.4419,3.5504700000000007,3.5504700000000007,TP,2.3
SUIUSDT,COST06_M15,canonical,1739768399999,1739768400000,1739768699999,NORMAL,S,3.2365999999999997,3.2561,3.191749999999999,3.191749999999999,TP,2.3
SUIUSDT,COST06_M15,canonical,1740367199999,1740367200000,1740368399999,NORMAL,S,3.2918999999999996,3.3120000000000003,3.2456699999999983,3.3120000000000003,SL,-1.0
SUIUSDT,COST06_M15,canonical,1740371399999,1740371400000,1740372599999,NORMAL,S,3.2514999999999996,3.2723000000000004,3.203659999999998,3.2723000000000004,SL,-1.0
SUIUSDT,COST06_M15,canonical,1740521399999,1740521400000,1740521999999,NORMAL,L,3.0074,2.9804,3.0695000000000006,2.9804,SL,-1.0
SUIUSDT,COST06_M15,canonical,1741038899999,1741038900000,1741040699999,NORMAL,S,2.6056,2.6292000000000004,2.5513199999999987,2.6292000000000004,SL,-1.0
SUIUSDT,COST06_M15,canonical,1743087299999,1743087300000,1743088199999,NORMAL,L,2.7565000000000004,2.7302999999999997,2.8167600000000017,2.7302999999999997,SL,-1.0
SUIUSDT,COST06_M15,canonical,1745432099999,1745432100000,1745435099999,NORMAL,L,3.0218000000000003,2.9863999999999997,3.1032200000000016,2.9863999999999997,SL,-1.0
SUIUSDT,COST06_M15,canonical,1745819099999,1745819100000,1745823899999,NORMAL,L,3.6222000000000003,3.5959999999999996,3.6824600000000016,3.6824600000000016,TP,2.3
SUIUSDT,COST06_M15,canonical,1747598099999,1747598100000,1747600499999,NORMAL,S,3.7251,3.7596000000000003,3.6457499999999987,3.7596000000000003,SL,-1.0
SUIUSDT,COST06_M15,canonical,1747626299999,1747626300000,1747628099999,NORMAL,S,3.7554,3.7792000000000003,3.7006599999999987,3.7792000000000003,SL,-1.0
SUIUSDT,COST06_M15,canonical,1750694999999,1750695000000,1750696199999,NORMAL,S,2.4558999999999997,2.4718,2.419329999999999,2.419329999999999,TP,2.3
SUIUSDT,COST06_M15,canonical,1760453099999,1760453100000,1760455199999,NORMAL,L,2.7604,2.7310999999999996,2.8277900000000016,2.7310999999999996,SL,-1.0
SUIUSDT,COST06_M15,canonical,1760543099999,1760543100000,1760544299999,NORMAL,S,2.6978,2.7226000000000004,2.6407599999999993,2.7226000000000004,SL,-1.0
SUIUSDT,COST06_M15,canonical,1760642999999,1760643000000,1760644499999,NORMAL,S,2.5448,2.5618000000000003,2.505699999999999,2.5618000000000003,SL,-1.0
SUIUSDT,COST06_M15,canonical,1760702399999,1760702400000,1760705999999,NORMAL,L,2.3932,2.3787,2.426550000000001,2.385,EMA,-0.5655172413793242
SUIUSDT,COST06_M15,canonical,1762274699999,1762274700000,1762276499999,NORMAL,S,1.9955,2.0142,1.9524899999999996,1.9524899999999996,TP,2.3
SUIUSDT,COST06_M15,canonical,1762280999999,1762281000000,1762281899999,NORMAL,S,1.911,1.9289,1.8698299999999999,1.9289,SL,-1.0
SUIUSDT,COST06_M15,canonical,1762311299999,1762311300000,1762316999999,NORMAL,L,2.0075000000000003,1.9915,2.0443000000000007,2.0072,EMA,-0.018750000000011535
SUIUSDT,COST06_M15,canonical,1762793699999,1762793700000,1762794599999,NORMAL,S,2.1285,2.1418000000000004,2.097909999999999,2.1418000000000004,SL,-1.0
SUIUSDT,COST06_M15,canonical,1762831499999,1762831500000,1762832699999,NORMAL,L,2.205,2.1898999999999997,2.2397300000000007,2.1898999999999997,SL,-1.0
SUIUSDT,COST06_M15,canonical,1763999999999,1764000000000,1764001199999,NORMAL,L,1.4015,1.393,1.42105,1.42105,TP,2.3
SUIUSDT,COST06_M15,canonical,1764005099999,1764005100000,1764006899999,NORMAL,L,1.4485,1.4346,1.4804699999999995,1.4804699999999995,TP,2.3
SUIUSDT,COST06_M15,canonical,1769015399999,1769015400000,1769019299999,NORMAL,S,1.4543,1.4652,1.4292299999999996,1.4652,SL,-1.0
SUIUSDT,COST06_M15,canonical,1769366099999,1769366100000,1769369399999,NORMAL,S,1.4027,1.4114,1.3826900000000002,1.3826900000000002,TP,2.3
SUIUSDT,COST06_M15,canonical,1770138899999,1770138900000,1770139799999,NORMAL,S,1.1147,1.1236,1.0942300000000003,1.1236,SL,-1.0
SUIUSDT,COST06_M15,canonical,1772049599999,1772049600000,1772054999999,NORMAL,L,1.0021,0.9944000000000001,1.0198099999999999,1.0014,EMA,-0.09090909090908174
SUIUSDT,COST06_M15,canonical,1780415399999,1780415400000,1780416299999,NORMAL,S,0.8168,0.8235,0.8013899999999999,0.8235,SL,-1.0
SUIUSDT,COST06_M15,canonical,1780559999999,1780560000000,1780560299999,T-1,S,0.784,0.7898999999999999,0.7704300000000003,0.7898999999999999,SL,-1.0
SUIUSDT,COST06_M15,canonical,1783354199999,1783354200000,1783355399999,NORMAL,L,0.7476,0.743,0.7581800000000002,0.743,SL,-1.0
SUIUSDT,COST06_M15,fixed,1737481199999,1737481200000,1737482399999,NORMAL,L,4.5446,4.5158000000000005,4.610839999999999,4.610839999999999,TP,2.3
SUIUSDT,COST06_M15,fixed,1737695099999,1737695100000,1737696899999,NORMAL,L,4.403,4.3754,4.466479999999999,4.3754,SL,-1.0
SUIUSDT,COST06_M15,fixed,1737954899999,1737954900000,1737957899999,NORMAL,S,3.6689,3.7021,3.592539999999999,3.7021,SL,-1.0
SUIUSDT,COST06_M15,fixed,1739224199999,1739224200000,1739226299999,T-1,S,3.2102999999999997,3.2306000000000004,3.163609999999998,3.2306000000000004,SL,-1.0
SUIUSDT,COST06_M15,fixed,1739391599999,1739391600000,1739399099999,T+1,L,3.4748,3.4419,3.5504700000000007,3.5504700000000007,TP,2.3
SUIUSDT,COST06_M15,fixed,1739768399999,1739768400000,1739768699999,NORMAL,S,3.2365999999999997,3.2561,3.191749999999999,3.191749999999999,TP,2.3
SUIUSDT,COST06_M15,fixed,1740367199999,1740367200000,1740368399999,NORMAL,S,3.2918999999999996,3.3120000000000003,3.2456699999999983,3.3120000000000003,SL,-1.0
SUIUSDT,COST06_M15,fixed,1740371399999,1740371400000,1740372599999,NORMAL,S,3.2514999999999996,3.2723000000000004,3.203659999999998,3.2723000000000004,SL,-1.0
SUIUSDT,COST06_M15,fixed,1740521399999,1740521400000,1740521999999,NORMAL,L,3.0074,2.9804,3.0695000000000006,2.9804,SL,-1.0
SUIUSDT,COST06_M15,fixed,1741038899999,1741038900000,1741040699999,NORMAL,S,2.6056,2.6292000000000004,2.5513199999999987,2.6292000000000004,SL,-1.0
SUIUSDT,COST06_M15,fixed,1743087299999,1743087300000,1743088199999,NORMAL,L,2.7565000000000004,2.7302999999999997,2.8167600000000017,2.7302999999999997,SL,-1.0
SUIUSDT,COST06_M15,fixed,1745432099999,1745432100000,1745435099999,NORMAL,L,3.0218000000000003,2.9863999999999997,3.1032200000000016,2.9863999999999997,SL,-1.0
SUIUSDT,COST06_M15,fixed,1745819099999,1745819100000,1745823899999,NORMAL,L,3.6222000000000003,3.5959999999999996,3.6824600000000016,3.6824600000000016,TP,2.3
SUIUSDT,COST06_M15,fixed,1747598099999,1747598100000,1747600499999,NORMAL,S,3.7251,3.7596000000000003,3.6457499999999987,3.7596000000000003,SL,-1.0
SUIUSDT,COST06_M15,fixed,1747626299999,1747626300000,1747628099999,NORMAL,S,3.7554,3.7792000000000003,3.7006599999999987,3.7792000000000003,SL,-1.0
SUIUSDT,COST06_M15,fixed,1750694999999,1750695000000,1750696199999,NORMAL,S,2.4558999999999997,2.4718,2.419329999999999,2.419329999999999,TP,2.3
SUIUSDT,COST06_M15,fixed,1760453099999,1760453100000,1760455199999,NORMAL,L,2.7604,2.7310999999999996,2.8277900000000016,2.7310999999999996,SL,-1.0
SUIUSDT,COST06_M15,fixed,1760543099999,1760543100000,1760544299999,NORMAL,S,2.6978,2.7226000000000004,2.6407599999999993,2.7226000000000004,SL,-1.0
SUIUSDT,COST06_M15,fixed,1760642999999,1760643000000,1760644499999,NORMAL,S,2.5448,2.5618000000000003,2.505699999999999,2.5618000000000003,SL,-1.0
SUIUSDT,COST06_M15,fixed,1760702399999,1760702400000,1760706899999,NORMAL,L,2.3932,2.3787,2.426550000000001,2.3787,SL,-1.0
SUIUSDT,COST06_M15,fixed,1762274699999,1762274700000,1762276499999,NORMAL,S,1.9955,2.0142,1.9524899999999996,1.9524899999999996,TP,2.3
SUIUSDT,COST06_M15,fixed,1762280999999,1762281000000,1762281899999,NORMAL,S,1.911,1.9289,1.8698299999999999,1.9289,SL,-1.0
SUIUSDT,COST06_M15,fixed,1762311299999,1762311300000,1762331099999,NORMAL,L,2.0075000000000003,1.9915,2.0443000000000007,1.9915,SL,-1.0
SUIUSDT,COST06_M15,fixed,1762793699999,1762793700000,1762794599999,NORMAL,S,2.1285,2.1418000000000004,2.097909999999999,2.1418000000000004,SL,-1.0
SUIUSDT,COST06_M15,fixed,1762831499999,1762831500000,1762832699999,NORMAL,L,2.205,2.1898999999999997,2.2397300000000007,2.1898999999999997,SL,-1.0
SUIUSDT,COST06_M15,fixed,1763999999999,1764000000000,1764001199999,NORMAL,L,1.4015,1.393,1.42105,1.42105,TP,2.3
SUIUSDT,COST06_M15,fixed,1764005099999,1764005100000,1764006899999,NORMAL,L,1.4485,1.4346,1.4804699999999995,1.4804699999999995,TP,2.3
SUIUSDT,COST06_M15,fixed,1769015399999,1769015400000,1769019299999,NORMAL,S,1.4543,1.4652,1.4292299999999996,1.4652,SL,-1.0
SUIUSDT,COST06_M15,fixed,1769366099999,1769366100000,1769369399999,NORMAL,S,1.4027,1.4114,1.3826900000000002,1.3826900000000002,TP,2.3
SUIUSDT,COST06_M15,fixed,1770138899999,1770138900000,1770139799999,NORMAL,S,1.1147,1.1236,1.0942300000000003,1.1236,SL,-1.0
SUIUSDT,COST06_M15,fixed,1772049599999,1772049600000,1772055299999,NORMAL,L,1.0021,0.9944000000000001,1.0198099999999999,0.9944000000000001,SL,-1.0
SUIUSDT,COST06_M15,fixed,1780415399999,1780415400000,1780416299999,NORMAL,S,0.8168,0.8235,0.8013899999999999,0.8235,SL,-1.0
SUIUSDT,COST06_M15,fixed,1780559999999,1780560000000,1780560299999,T-1,S,0.784,0.7898999999999999,0.7704300000000003,0.7898999999999999,SL,-1.0
SUIUSDT,COST06_M15,fixed,1783354199999,1783354200000,1783355399999,NORMAL,L,0.7476,0.743,0.7581800000000002,0.743,SL,-1.0
XRPUSDT,BASE,canonical,1735693799999,1735693800000,1735694399999,NORMAL,L,2.1061,2.0991999999999997,2.121970000000001,2.0991999999999997,SL,-1.0
XRPUSDT,BASE,canonical,1735723499999,1735723500000,1735724099999,NORMAL,S,2.093,2.1011,2.0743699999999996,2.1011,SL,-1.0
XRPUSDT,BASE,canonical,1735798799999,1735798800000,1735804199999,NORMAL,S,2.3579,2.3713,2.327079999999999,2.3713,SL,-1.0
XRPUSDT,BASE,canonical,1735916999999,1735917000000,1735918499999,NORMAL,L,2.4391000000000003,2.4309,2.4579600000000013,2.4309,SL,-1.0
XRPUSDT,BASE,canonical,1737404099999,1737404100000,1737405299999,NORMAL,S,3.1050999999999997,3.1371,3.0314999999999985,3.1371,SL,-1.0
XRPUSDT,BASE,canonical,1737479399999,1737479400000,1737486299999,NORMAL,L,3.1941,3.1696,3.2504500000000007,3.201,EMA,0.2816326530612185
XRPUSDT,BASE,canonical,1737506999999,1737507000000,1737511499999,NORMAL,L,3.1929000000000003,3.1799,3.222800000000001,3.1815,EMA,-0.8769230769230596
XRPUSDT,BASE,canonical,1737623399999,1737623400000,1737623699999,NORMAL,S,3.0949999999999998,3.1083000000000003,3.0644099999999987,3.1083000000000003,SL,-1.0
XRPUSDT,BASE,canonical,1737642599999,1737642600000,1737642899999,NORMAL,L,3.1052000000000004,3.0987,3.120150000000001,3.120150000000001,TP,2.3
XRPUSDT,BASE,canonical,1737659099999,1737659100000,1737661199999,NORMAL,S,3.081,3.0937,3.0517899999999996,3.0937,SL,-1.0
XRPUSDT,BASE,canonical,1737707699999,1737707700000,1737713999999,NORMAL,L,3.1781,3.1683999999999997,3.200410000000001,3.1713,EMA,-0.7010309278350307
XRPUSDT,BASE,canonical,1737933299999,1737933300000,1737933599999,NORMAL,S,3.0540999999999996,3.0673000000000004,3.023739999999998,3.023739999999998,TP,2.3
XRPUSDT,BASE,canonical,1737956399999,1737956400000,1737958199999,NORMAL,S,2.9238999999999997,2.9438000000000004,2.8781299999999983,2.9438000000000004,SL,-1.0
XRPUSDT,BASE,canonical,1738127999999,1738128000000,1738134599999,T-1,L,3.1021,3.0915999999999997,3.126250000000001,3.1042,EMA,0.19999999999999155
XRPUSDT,BASE,canonical,1738284599999,1738284600000,1738292999999,T+1,S,3.1083999999999996,3.1165000000000003,3.089769999999998,3.089769999999998,TP,2.3
XRPUSDT,BASE,canonical,1738311899999,1738311900000,1738315799999,T+1,S,3.0688,3.0754,3.0536199999999996,3.0724,EMA,-0.5454545454545393
XRPUSDT,BASE,canonical,1738515899999,1738515900000,1738516499999,NORMAL,S,2.6999,2.7301,2.6304399999999992,2.7301,SL,-1.0
XRPUSDT,BASE,canonical,1738563899999,1738563900000,1738565099999,NORMAL,L,2.3433,2.3009,2.4408200000000004,2.3009,SL,-1.0
XRPUSDT,BASE,canonical,1738655699999,1738655700000,1738656599999,NORMAL,S,2.4728999999999997,2.5017,2.4066599999999987,2.5017,SL,-1.0
XRPUSDT,BASE,canonical,1738667999999,1738668000000,1738670399999,NORMAL,L,2.6134000000000004,2.5921,2.6623900000000016,2.5921,SL,-1.0
XRPUSDT,BASE,canonical,1738674299999,1738674300000,1738676399999,NORMAL,L,2.6545,2.6264999999999996,2.718900000000001,2.6264999999999996,SL,-1.0
XRPUSDT,BASE,canonical,1739249699999,1739249700000,1739250299999,T-1,L,2.4726000000000004,2.4635999999999996,2.4933000000000023,2.4933000000000023,TP,2.3
XRPUSDT,BASE,canonical,1739391599999,1739391600000,1739393099999,T+1,L,2.4599,2.4486999999999997,2.4856600000000015,2.4486999999999997,SL,-1.0
XRPUSDT,BASE,canonical,1739777699999,1739777700000,1739779799999,NORMAL,S,2.6458,2.6615,2.609689999999999,2.6615,SL,-1.0
XRPUSDT,BASE,canonical,1739987399999,1739987400000,1739988899999,NORMAL,L,2.6787,2.6612999999999998,2.7187200000000007,2.6612999999999998,SL,-1.0
XRPUSDT,BASE,canonical,1740066899999,1740066900000,1740068099999,NORMAL,S,2.6723,2.6849000000000003,2.6433199999999992,2.6849000000000003,SL,-1.0
XRPUSDT,BASE,canonical,1740139799999,1740139800000,1740140099999,NORMAL,S,2.6439,2.6507,2.6282599999999996,2.6507,SL,-1.0
XRPUSDT,BASE,canonical,1740334199999,1740334200000,1740334499999,NORMAL,L,2.5636,2.5597,2.5725700000000007,2.5597,SL,-1.0
XRPUSDT,BASE,canonical,1740479099999,1740479100000,1740479399999,NORMAL,S,2.0705999999999998,2.1005000000000003,2.0018299999999987,2.1005000000000003,SL,-1.0
XRPUSDT,BASE,canonical,1740635999999,1740636000000,1740636599999,NORMAL,L,2.2183,2.211,2.235090000000001,2.211,SL,-1.0
XRPUSDT,BASE,canonical,1740653699999,1740653700000,1740656099999,NORMAL,L,2.2489000000000003,2.2384,2.2730500000000013,2.2384,SL,-1.0
XRPUSDT,BASE,canonical,1740715499999,1740715500000,1740715799999,NORMAL,S,2.0063,2.0275000000000003,1.9575399999999992,2.0275000000000003,SL,-1.0
XRPUSDT,BASE,canonical,1740756299999,1740756300000,1740759299999,NORMAL,L,2.1470000000000002,2.1268,2.1934600000000013,2.1268,SL,-1.0
XRPUSDT,BASE,canonical,1741087799999,1741087800000,1741088399999,NORMAL,L,2.3947000000000003,2.3815,2.425060000000001,2.3815,SL,-1.0
XRPUSDT,BASE,canonical,1741256099999,1741256100000,1741262399999,T-1,L,2.6081000000000003,2.5871999999999997,2.6561700000000017,2.6097,EMA,0.0765550239234344
XRPUSDT,BASE,canonical,1741667399999,1741667400000,1741668299999,T-1,L,2.079,2.0635999999999997,2.1144200000000013,2.0635999999999997,SL,-1.0
XRPUSDT,BASE,canonical,1741868699999,1741868700000,1741869299999,T+1,L,2.3000000000000003,2.2878999999999996,2.327830000000002,2.327830000000002,TP,2.3
XRPUSDT,BASE,canonical,1742526899999,1742526900000,1742527499999,T+1,S,2.4132,2.4204000000000003,2.3966399999999988,2.4204000000000003,SL,-1.0
XRPUSDT,BASE,canonical,1742812499999,1742812500000,1742814299999,NORMAL,L,2.4723,2.4659999999999997,2.486790000000001,2.4659999999999997,SL,-1.0
XRPUSDT,BASE,canonical,1742952599999,1742952600000,1742953799999,NORMAL,L,2.4734000000000003,2.4667,2.4888100000000013,2.4667,SL,-1.0
XRPUSDT,BASE,canonical,1743054299999,1743054300000,1743054899999,NORMAL,S,2.3651999999999997,2.3685,2.357609999999999,2.357609999999999,TP,2.3
XRPUSDT,BASE,canonical,1743424499999,1743424500000,1743425699999,NORMAL,L,2.0853,2.0763,2.1060000000000008,2.1060000000000008,TP,2.3
XRPUSDT,BASE,canonical,1743476399999,1743476400000,1743477899999,NORMAL,L,2.1100000000000003,2.1035,2.124950000000001,2.1035,SL,-1.0
XRPUSDT,BASE,canonical,1743485399999,1743485400000,1743485999999,NORMAL,L,2.117,2.1149,2.12183,2.1149,SL,-1.0
XRPUSDT,BASE,canonical,1744175999999,1744176000000,1744179299999,T-1,L,1.8018,1.7924,1.8234200000000003,1.8234200000000003,TP,2.3
XRPUSDT,BASE,canonical,1744345799999,1744345800000,1744346399999,T+1,L,2.0099,2.0042999999999997,2.0227800000000005,2.0042999999999997,SL,-1.0
XRPUSDT,BASE,canonical,1744699799999,1744699800000,1744700699999,NORMAL,S,2.1363,2.1390000000000002,2.130089999999999,2.1390000000000002,SL,-1.0
XRPUSDT,BASE,canonical,1744802099999,1744802100000,1744802699999,NORMAL,L,2.0847,2.0806999999999998,2.0939000000000014,2.0806999999999998,SL,-1.0
XRPUSDT,BASE,canonical,1745215199999,1745215200000,1745221799999,NORMAL,L,2.1267,2.1210999999999998,2.1395800000000005,2.1259,EMA,-0.1428571428571202
XRPUSDT,BASE,canonical,1745253599999,1745253600000,1745254199999,NORMAL,S,2.0999,2.1046,2.0890899999999997,2.0890899999999997,TP,2.3
XRPUSDT,BASE,canonical,1745454599999,1745454600000,1745455199999,NORMAL,S,2.2037999999999998,2.2111,2.187009999999999,2.2111,SL,-1.0
XRPUSDT,BASE,canonical,1745477699999,1745477700000,1745478899999,NORMAL,S,2.1658,2.1718,2.1519999999999992,2.1718,SL,-1.0
XRPUSDT,BASE,canonical,1745853599999,1745853600000,1745858099999,NORMAL,S,2.2687,2.2812,2.2399499999999994,2.2812,SL,-1.0
XRPUSDT,BASE,canonical,1746066299999,1746066300000,1746067799999,T-1,L,2.2148000000000003,2.2095,2.2269900000000016,2.2095,SL,-1.0
XRPUSDT,BASE,canonical,1746596399999,1746596400000,1746599999999,T-1,S,2.1361,2.1389,2.1296599999999994,2.1296599999999994,TP,2.3
XRPUSDT,BASE,canonical,1746989399999,1746989400000,1746990599999,T-1,L,2.3799,2.371,2.4003700000000006,2.371,SL,-1.0
XRPUSDT,BASE,canonical,1746991799999,1746991800000,1746992699999,T-1,L,2.3783000000000003,2.3724,2.3918700000000013,2.3724,SL,-1.0
XRPUSDT,BASE,canonical,1747591799999,1747591800000,1747592699999,NORMAL,S,2.3699,2.3831,2.339539999999999,2.3831,SL,-1.0
XRPUSDT,BASE,canonical,1747683599999,1747683600000,1747683899999,NORMAL,L,2.3832000000000004,2.3758999999999997,2.399990000000002,2.3758999999999997,SL,-1.0
XRPUSDT,BASE,canonical,1747949099999,1747949100000,1747951199999,NORMAL,S,2.4076,2.4134,2.3942599999999996,2.4134,SL,-1.0
XRPUSDT,BASE,canonical,1748221199999,1748221200000,1748221799999,NORMAL,L,2.3518000000000003,2.3444999999999996,2.368590000000002,2.3444999999999996,SL,-1.0
XRPUSDT,BASE,canonical,1748258999999,1748259000000,1748259899999,NORMAL,S,2.3318999999999996,2.3354000000000004,2.323849999999998,2.3354000000000004,SL,-1.0
XRPUSDT,BASE,canonical,1749140999999,1749141000000,1749150899999,T-1,S,2.1687,2.1768,2.1500699999999995,2.1500699999999995,TP,2.3
XRPUSDT,BASE,canonical,1749671999999,1749672000000,1749672899999,T+1,S,2.2821,2.2878000000000003,2.2689899999999987,2.2878000000000003,SL,-1.0
XRPUSDT,BASE,canonical,1749714899999,1749714900000,1749715199999,T+1,S,2.2333999999999996,2.2395,2.2193699999999987,2.2395,SL,-1.0
XRPUSDT,BASE,canonical,1750199699999,1750199700000,1750202699999,T-1,S,2.1473999999999998,2.1567000000000003,2.1260099999999986,2.1567000000000003,SL,-1.0
XRPUSDT,BASE,canonical,1751041799999,1751041800000,1751042099999,NORMAL,L,2.1059,2.0995999999999997,2.120390000000001,2.120390000000001,TP,2.3
XRPUSDT,BASE,canonical,1751428199999,1751428200000,1751437799999,T-1,L,2.1838,2.1797999999999997,2.1930000000000014,2.1833,EMA,-0.12500000000002776
XRPUSDT,BASE,canonical,1751467199999,1751467200000,1751467799999,T-1,L,2.1921000000000004,2.1868,2.2042900000000016,2.1868,SL,-1.0
XRPUSDT,BASE,canonical,1751567999999,1751568000000,1751569499999,T+1,L,2.2707,2.2664,2.2805900000000006,2.2805900000000006,TP,2.3
XRPUSDT,BASE,canonical,1751606699999,1751606700000,1751606999999,T+1,S,2.2384999999999997,2.2414,2.231829999999999,2.2414,SL,-1.0
XRPUSDT,BASE,canonical,1751904599999,1751904600000,1751905199999,NORMAL,L,2.3531000000000004,2.3381,2.3876000000000017,2.3381,SL,-1.0
XRPUSDT,BASE,canonical,1752200399999,1752200400000,1752204899999,NORMAL,L,2.5767,2.5656999999999996,2.6020000000000016,2.57,EMA,-0.6090909090909117
XRPUSDT,BASE,canonical,1752602099999,1752602100000,1752602999999,T+1,L,2.9346,2.9290999999999996,2.9472500000000013,2.9290999999999996,SL,-1.0
XRPUSDT,BASE,canonical,1752620699999,1752620700000,1752623099999,T+1,L,2.9223000000000003,2.909,2.9528900000000013,2.9233,SESSION,0.07518796992476734
XRPUSDT,BASE,canonical,1753442699999,1753442700000,1753443899999,NORMAL,L,3.1460000000000004,3.1340999999999997,3.173370000000002,3.1340999999999997,SL,-1.0
XRPUSDT,BASE,canonical,1754327699999,1754327700000,1754328299999,NORMAL,L,3.0878,3.0761999999999996,3.1144800000000012,3.0761999999999996,SL,-1.0
XRPUSDT,BASE,canonical,1754388899999,1754388900000,1754389499999,NORMAL,L,3.0566000000000004,3.0507,3.0701700000000014,3.0507,SL,-1.0
XRPUSDT,BASE,canonical,1754504099999,1754504100000,1754504699999,NORMAL,L,3.0145000000000004,3.0058,3.034510000000002,3.0058,SL,-1.0
XRPUSDT,BASE,canonical,1754595899999,1754595900000,1754596799999,NORMAL,L,3.0725000000000002,3.065,3.089750000000001,3.089750000000001,TP,2.3
XRPUSDT,BASE,canonical,1755619199999,1755619200000,1755623399999,NORMAL,S,2.9248999999999996,2.9356000000000004,2.900289999999998,2.900289999999998,TP,2.3
XRPUSDT,BASE,canonical,1756104299999,1756104300000,1756106099999,NORMAL,S,2.9688,2.9763,2.9515499999999992,2.9515499999999992,TP,2.3
XRPUSDT,BASE,canonical,1756125899999,1756125900000,1756127999999,NORMAL,L,2.9613,2.9537,2.97878,2.9537,SL,-1.0
XRPUSDT,BASE,canonical,1756173899999,1756173900000,1756174499999,NORMAL,L,2.8841,2.8806999999999996,2.891920000000001,2.891920000000001,TP,2.3
XRPUSDT,BASE,canonical,1756317599999,1756317600000,1756319699999,NORMAL,L,3.0368000000000004,3.0286,3.0556600000000014,3.0286,SL,-1.0
XRPUSDT,BASE,canonical,1756960799999,1756960800000,1756961699999,T-1,L,2.8581000000000003,2.8508999999999998,2.8746600000000013,2.8508999999999998,SL,-1.0
XRPUSDT,BASE,canonical,1758232499999,1758232500000,1758233099999,T+1,S,3.086,3.0885000000000002,3.080249999999999,3.080249999999999,TP,2.3
XRPUSDT,BASE,canonical,1758820199999,1758820200000,1758821099999,NORMAL,S,2.7813,2.7929000000000004,2.7546199999999987,2.7546199999999987,TP,2.3
XRPUSDT,BASE,canonical,1759209899999,1759209900000,1759213799999,NORMAL,L,2.89,2.8848999999999996,2.9017300000000015,2.9017300000000015,TP,2.3
XRPUSDT,BASE,canonical,1759289399999,1759289400000,1759290899999,NORMAL,S,2.8251999999999997,2.8305000000000002,2.8130099999999985,2.8130099999999985,TP,2.3
XRPUSDT,BASE,canonical,1759346999999,1759347000000,1759349699999,NORMAL,L,2.9497000000000004,2.9446,2.961430000000002,2.9446,SL,-1.0
XRPUSDT,BASE,canonical,1759431899999,1759431900000,1759433399999,NORMAL,L,3.0629000000000004,3.0570999999999997,3.076240000000002,3.076240000000002,TP,2.3
XRPUSDT,BASE,canonical,1759734899999,1759734900000,1759736099999,NORMAL,L,2.9948,2.9875999999999996,3.0113600000000016,2.9875999999999996,SL,-1.0
XRPUSDT,BASE,canonical,1759790399999,1759790400000,1759791299999,NORMAL,S,2.9919,2.9974000000000003,2.9792499999999986,2.9974000000000003,SL,-1.0
XRPUSDT,BASE,canonical,1759820099999,1759820100000,1759825499999,NORMAL,S,2.9684,2.9745000000000004,2.954369999999999,2.954369999999999,TP,2.3
XRPUSDT,BASE,canonical,1760618399999,1760618400000,1760619599999,NORMAL,L,2.4623000000000004,2.4526,2.4846100000000013,2.4526,SL,-1.0
XRPUSDT,BASE,canonical,1761167399999,1761167400000,1761174599999,T-1,S,2.3428,2.3541000000000003,2.3168099999999994,2.3471,EMA,-0.380530973451334
XRPUSDT,BASE,canonical,1761196199999,1761196200000,1761200399999,T-1,L,2.3889,2.3842,2.3997100000000002,2.3997100000000002,TP,2.3
XRPUSDT,BASE,canonical,1761683399999,1761683400000,1761683999999,T-1,S,2.5911,2.6069,2.55476,2.6069,SL,-1.0
XRPUSDT,BASE,canonical,1761907199999,1761907200000,1761908999999,T+1,L,2.4998,2.4936999999999996,2.513830000000001,2.4936999999999996,SL,-1.0
XRPUSDT,BASE,canonical,1762151399999,1762151400000,1762152599999,NORMAL,S,2.4135,2.4199,2.3987799999999995,2.3987799999999995,TP,2.3
XRPUSDT,BASE,canonical,1762241099999,1762241100000,1762241999999,NORMAL,S,2.238,2.2558000000000002,2.1970599999999996,2.2558000000000002,SL,-1.0
XRPUSDT,BASE,canonical,1762760399999,1762760400000,1762763999999,NORMAL,L,2.4803,2.4682999999999997,2.507900000000001,2.4701,EMA,-0.8499999999999852
XRPUSDT,BASE,canonical,1762836299999,1762836300000,1762839299999,NORMAL,S,2.5052999999999996,2.5155000000000003,2.4818399999999983,2.4818399999999983,TP,2.3
XRPUSDT,BASE,canonical,1762981499999,1762981500000,1762984799999,NORMAL,L,2.3624,2.3518999999999997,2.386550000000001,2.386550000000001,TP,2.3
XRPUSDT,BASE,canonical,1763015099999,1763015100000,1763015999999,NORMAL,L,2.5136000000000003,2.5027,2.538670000000001,2.5027,SL,-1.0
XRPUSDT,BASE,canonical,1763041799999,1763041800000,1763044499999,NORMAL,S,2.4619999999999997,2.4718,2.439459999999999,2.4718,SL,-1.0
XRPUSDT,BASE,canonical,1763512499999,1763512500000,1763513099999,T-1,S,2.1995,2.2067,2.18294,2.2067,SL,-1.0
XRPUSDT,BASE,canonical,1763561999999,1763562000000,1763563499999,T-1,S,2.1119,2.1229,2.0866,2.1229,SL,-1.0
XRPUSDT,BASE,canonical,1763665499999,1763665500000,1763666699999,T+1,S,1.9734,1.9866,1.9430400000000003,1.9866,SL,-1.0
XRPUSDT,BASE,canonical,1764149099999,1764149100000,1764158699999,NORMAL,S,2.1790999999999996,2.1852,2.1650699999999987,2.1650699999999987,TP,2.3
XRPUSDT,BASE,canonical,1764274499999,1764274500000,1764274799999,NORMAL,L,2.2324,2.2287999999999997,2.240680000000001,2.2287999999999997,SL,-1.0
XRPUSDT,BASE,canonical,1764295499999,1764295500000,1764296099999,NORMAL,S,2.1704,2.1754000000000002,2.158899999999999,2.1754000000000002,SL,-1.0
XRPUSDT,BASE,canonical,1764696599999,1764696600000,1764706799999,NORMAL,L,2.1710000000000003,2.1580999999999997,2.2006700000000015,2.1580999999999997,SL,-1.0
XRPUSDT,BASE,canonical,1764823499999,1764823500000,1764827099999,NORMAL,S,2.1868999999999996,2.1914000000000002,2.176549999999998,2.176549999999998,TP,2.3
XRPUSDT,BASE,canonical,1765317299999,1765317300000,1765317599999,T-1,S,2.0881,2.0988,2.063489999999999,2.0988,SL,-1.0
XRPUSDT,BASE,canonical,1765357799999,1765357800000,1765359299999,T-1,S,2.0730999999999997,2.0755000000000003,2.067579999999998,2.0755000000000003,SL,-1.0
XRPUSDT,BASE,canonical,1765365899999,1765365900000,1765367999999,T-1,S,2.0669,2.0714,2.0565499999999997,2.0714,SL,-1.0
XRPUSDT,BASE,canonical,1765487099999,1765487100000,1765487999999,T+1,L,2.0305000000000004,2.0223999999999998,2.049130000000002,2.049130000000002,TP,2.3
XRPUSDT,BASE,canonical,1765508699999,1765508700000,1765509299999,T+1,L,2.0410000000000004,2.0378999999999996,2.0481300000000022,2.0378999999999996,SL,-1.0
XRPUSDT,BASE,canonical,1766468699999,1766468700000,1766470199999,NORMAL,S,1.8818,1.8849,1.8746699999999996,1.8849,SL,-1.0
XRPUSDT,BASE,canonical,1766555099999,1766555100000,1766555699999,NORMAL,S,1.8428,1.847,1.83314,1.847,SL,-1.0
XRPUSDT,BASE,canonical,1766978999999,1766979000000,1766979299999,NORMAL,L,1.8991,1.8956,1.9071500000000001,1.9071500000000001,TP,2.3
XRPUSDT,BASE,canonical,1766992799999,1766992800000,1766993999999,NORMAL,S,1.8929,1.8981999999999999,1.8807100000000003,1.8981999999999999,SL,-1.0
XRPUSDT,BASE,canonical,1767127199999,1767127200000,1767128699999,NORMAL,S,1.8681,1.8716,1.8600500000000004,1.8716,SL,-1.0
XRPUSDT,BASE,canonical,1767635699999,1767635700000,1767636599999,NORMAL,L,2.1974,2.1900999999999997,2.2141900000000008,2.2141900000000008,TP,2.3
XRPUSDT,BASE,canonical,1768996499999,1768996500000,1768996799999,NORMAL,S,1.8955,1.8984,1.8888299999999998,1.8888299999999998,TP,2.3
XRPUSDT,BASE,canonical,1769015699999,1769015700000,1769015999999,NORMAL,S,1.8737,1.8879,1.84104,1.8879,SL,-1.0
XRPUSDT,BASE,canonical,1769544599999,1769544600000,1769546999999,T-1,L,1.9141,1.9085,1.9269799999999995,1.9269799999999995,TP,2.3
XRPUSDT,BASE,canonical,1769713199999,1769713200000,1769713499999,T+1,S,1.7823,1.79,1.7645899999999999,1.79,SL,-1.0
XRPUSDT,BASE,canonical,1770138599999,1770138600000,1770142499999,NORMAL,S,1.5762,1.5864,1.55274,1.55274,TP,2.3
XRPUSDT,BASE,canonical,1770253199999,1770253200000,1770253799999,NORMAL,S,1.4881,1.4961,1.4697,1.4961,SL,-1.0
XRPUSDT,BASE,canonical,1770342599999,1770342600000,1770344699999,NORMAL,L,1.2801,1.2518,1.34519,1.2518,SL,-1.0
XRPUSDT,BASE,canonical,1770845399999,1770845400000,1770846899999,T-1,L,1.3921999999999999,1.3856,1.4073799999999996,1.3856,SL,-1.0
XRPUSDT,BASE,canonical,1770851399999,1770851400000,1770853499999,T-1,S,1.3673,1.3723,1.3557999999999997,1.3681,SESSION,-0.1600000000000231
XRPUSDT,BASE,canonical,1771369499999,1771369500000,1771370399999,NORMAL,S,1.4719,1.4744,1.46615,1.4744,SL,-1.0
XRPUSDT,BASE,canonical,1771385699999,1771385700000,1771389599999,NORMAL,L,1.4797,1.4759,1.48844,1.4759,SL,-1.0
XRPUSDT,BASE,canonical,1771497899999,1771497900000,1771498499999,NORMAL,S,1.4123,1.4142,1.4079300000000006,1.4079300000000006,TP,2.3
XRPUSDT,BASE,canonical,1771862699999,1771862700000,1771863299999,NORMAL,S,1.3632,1.3702,1.3470999999999997,1.3702,SL,-1.0
XRPUSDT,BASE,canonical,1771867799999,1771867800000,1771869599999,NORMAL,S,1.3554,1.3616,1.34114,1.3616,SL,-1.0
XRPUSDT,BASE,canonical,1772080199999,1772080200000,1772082599999,NORMAL,L,1.4533,1.4463,1.4694000000000003,1.4463,SL,-1.0
XRPUSDT,BASE,canonical,1772090999999,1772091000000,1772093699999,NORMAL,S,1.4363,1.4405,1.42664,1.4405,SL,-1.0
XRPUSDT,BASE,canonical,1773806399999,1773806400000,1773806999999,T-1,L,1.5385,1.5355,1.5453999999999997,1.5355,SL,-1.0
XRPUSDT,BASE,canonical,1773844799999,1773844800000,1773846299999,T-1,S,1.4511,1.4557,1.4405200000000002,1.4405200000000002,TP,2.3
XRPUSDT,BASE,canonical,1773954599999,1773954600000,1773958199999,T+1,L,1.4522,1.4493,1.4588699999999997,1.4493,SL,-1.0
XRPUSDT,BASE,canonical,1774274999999,1774275000000,1774280399999,NORMAL,L,1.4509,1.4407,1.4743600000000001,1.4484,EMA,-0.24509803921570314
XRPUSDT,BASE,canonical,1774407599999,1774407600000,1774409699999,NORMAL,S,1.4096,1.4114,1.40546,1.4114,SL,-1.0
XRPUSDT,BASE,canonical,1774864799999,1774864800000,1774867199999,NORMAL,S,1.3492,1.351,1.34506,1.34506,TP,2.3
XRPUSDT,BASE,canonical,1774893299999,1774893300000,1774895099999,NORMAL,S,1.3333,1.3356999999999999,1.32778,1.32778,TP,2.3
XRPUSDT,BASE,canonical,1775689199999,1775689200000,1775691899999,T-1,S,1.3437000000000001,1.3468,1.3365700000000005,1.3404,SESSION,1.064516129032325
XRPUSDT,BASE,canonical,1776149999999,1776150000000,1776150599999,NORMAL,L,1.3711,1.3695,1.3747800000000001,1.3747800000000001,TP,2.3
XRPUSDT,BASE,canonical,1776365399999,1776365400000,1776368699999,NORMAL,L,1.4447,1.4367,1.4631,1.4631,TP,2.3
XRPUSDT,BASE,canonical,1776618299999,1776618300000,1776619199999,NORMAL,S,1.4179,1.4226,1.4070899999999995,1.4226,SL,-1.0
XRPUSDT,BASE,canonical,1776669299999,1776669300000,1776669899999,NORMAL,L,1.4156,1.412,1.42388,1.42388,TP,2.3
XRPUSDT,BASE,canonical,1776740999999,1776741000000,1776742199999,NORMAL,S,1.4202,1.4219,1.4162899999999998,1.4219,SL,-1.0
XRPUSDT,BASE,canonical,1777464599999,1777464600000,1777465499999,T-1,S,1.3868,1.3883,1.3833499999999999,1.3833499999999999,TP,2.3
XRPUSDT,BASE,canonical,1778093399999,1778093400000,1778094299999,T-1,S,1.422,1.4248,1.4155599999999997,1.4248,SL,-1.0
XRPUSDT,BASE,canonical,1778663999999,1778664000000,1778664899999,T+1,L,1.4645,1.4628,1.4684099999999995,1.4628,SL,-1.0
XRPUSDT,BASE,canonical,1779085199999,1779085200000,1779086999999,NORMAL,S,1.3834,1.388,1.3728200000000002,1.388,SL,-1.0
XRPUSDT,BASE,canonical,1779323999999,1779324000000,1779324599999,NORMAL,L,1.3719,1.3705,1.3751199999999995,1.3751199999999995,TP,2.3
XRPUSDT,BASE,canonical,1779366599999,1779366600000,1779366899999,NORMAL,S,1.3613,1.3631,1.35716,1.3631,SL,-1.0
XRPUSDT,BASE,canonical,1779679199999,1779679200000,1779681299999,NORMAL,S,1.345,1.3466,1.3413199999999998,1.3466,SL,-1.0
XRPUSDT,BASE,canonical,1780055399999,1780055400000,1780056299999,NORMAL,S,1.3085,1.3117,1.3011399999999997,1.3117,SL,-1.0
XRPUSDT,BASE,canonical,1780057499999,1780057500000,1780058699999,NORMAL,S,1.3073,1.3093,1.3027,1.3027,TP,2.3
XRPUSDT,BASE,canonical,1780263599999,1780263600000,1780265099999,NORMAL,L,1.3334,1.3311,1.33869,1.3311,SL,-1.0
XRPUSDT,BASE,canonical,1780514699999,1780514700000,1780516199999,T-1,S,1.2066000000000001,1.2123,1.1934900000000006,1.2123,SL,-1.0
XRPUSDT,BASE,canonical,1780544699999,1780544700000,1780547699999,T-1,L,1.2091,1.205,1.2185300000000001,1.205,SL,-1.0
XRPUSDT,BASE,canonical,1781021699999,1781021700000,1781024699999,T-1,S,1.1262,1.1307,1.1158500000000002,1.1307,SL,-1.0
XRPUSDT,BASE,canonical,1781153399999,1781153400000,1781154299999,T+1,L,1.1208,1.1168,1.1300000000000001,1.1168,SL,-1.0
XRPUSDT,BASE,canonical,1781520599999,1781520600000,1781520899999,NORMAL,L,1.1867,1.1849,1.1908400000000001,1.1908400000000001,TP,2.3
XRPUSDT,BASE,canonical,1782321599999,1782321600000,1782324899999,NORMAL,S,1.0533,1.0589,1.04042,1.0578,EMA,-0.8035714285714519
XRPUSDT,BASE,canonical,1782437099999,1782437100000,1782440099999,NORMAL,S,1.0334,1.0368,1.0255800000000004,1.0255800000000004,TP,2.3
XRPUSDT,BASE,canonical,1782703499999,1782703500000,1782704399999,NORMAL,L,1.0531,1.0502,1.0597699999999997,1.0502,SL,-1.0
XRPUSDT,BASE,canonical,1782914399999,1782914400000,1782914699999,T-1,L,1.0491,1.0471,1.0536999999999999,1.0471,SL,-1.0
XRPUSDT,BASE,canonical,1783354199999,1783354200000,1783360499999,NORMAL,L,1.1472,1.1409,1.16169,1.1466,EMA,-0.09523809523808517
XRPUSDT,BASE,canonical,1783491599999,1783491600000,1783491899999,NORMAL,S,1.0891,1.0903,1.0863399999999999,1.0903,SL,-1.0
XRPUSDT,BASE,canonical,1783492199999,1783492200000,1783493699999,NORMAL,S,1.0887,1.091,1.08341,1.091,SL,-1.0
XRPUSDT,BASE,canonical,1783531199999,1783531200000,1783533299999,NORMAL,L,1.0879,1.0842,1.09641,1.0842,SL,-1.0
XRPUSDT,BASE,canonical,1783595999999,1783596000000,1783596899999,NORMAL,S,1.0901,1.0917,1.0864200000000004,1.0917,SL,-1.0
XRPUSDT,BASE,canonical,1783687799999,1783687800000,1783691099999,NORMAL,S,1.1078000000000001,1.1091,1.1048100000000005,1.1091,SL,-1.0
XRPUSDT,BASE,canonical,1783908299999,1783908300000,1783909199999,T-1,S,1.0767,1.0812,1.0663500000000001,1.0812,SL,-1.0
XRPUSDT,BASE,canonical,1784055299999,1784055300000,1784055899999,T+1,L,1.1096,1.1077,1.11397,1.11397,TP,2.3
XRPUSDT,BASE,canonical,1784766899999,1784766900000,1784767799999,NORMAL,L,1.1435,1.1419,1.14718,1.1419,SL,-1.0
XRPUSDT,BASE,canonical,1784773499999,1784773500000,1784774999999,NORMAL,S,1.1345,1.1371,1.1285200000000002,1.1371,SL,-1.0
XRPUSDT,BASE,canonical,1784809499999,1784809500000,1784810099999,NORMAL,S,1.1301,1.132,1.1257300000000006,1.1257300000000006,TP,2.3
XRPUSDT,BASE,canonical,1784831999999,1784832000000,1784832899999,NORMAL,S,1.1026,1.1045,1.09823,1.1045,SL,-1.0
XRPUSDT,BASE,canonical,1784851799999,1784851800000,1784854199999,NORMAL,S,1.1056,1.1076,1.101,1.1076,SL,-1.0
XRPUSDT,BASE,canonical,1785154799999,1785154800000,1785156599999,NORMAL,S,1.1015,1.1038,1.09621,1.1038,SL,-1.0
XRPUSDT,BASE,canonical,1785490799999,1785490800000,1785495299999,T+1,S,1.0722,1.0739,1.06829,1.0739,SL,-1.0
XRPUSDT,BASE,canonical,1785839099999,1785839100000,1785840299999,NORMAL,S,1.0703,1.0715999999999999,1.0673100000000004,1.0715999999999999,SL,-1.0
XRPUSDT,BASE,canonical,1785844199999,1785844200000,1785845999999,NORMAL,L,1.077,1.0752,1.08114,1.0752,SL,-1.0
XRPUSDT,BASE,fixed,1735693799999,1735693800000,1735694399999,NORMAL,L,2.1061,2.0991999999999997,2.121970000000001,2.0991999999999997,SL,-1.0
XRPUSDT,BASE,fixed,1735723499999,1735723500000,1735724099999,NORMAL,S,2.093,2.1011,2.0743699999999996,2.1011,SL,-1.0
XRPUSDT,BASE,fixed,1735798799999,1735798800000,1735804199999,NORMAL,S,2.3579,2.3713,2.327079999999999,2.3713,SL,-1.0
XRPUSDT,BASE,fixed,1735916999999,1735917000000,1735918499999,NORMAL,L,2.4391000000000003,2.4309,2.4579600000000013,2.4309,SL,-1.0
XRPUSDT,BASE,fixed,1737404099999,1737404100000,1737405299999,NORMAL,S,3.1050999999999997,3.1371,3.0314999999999985,3.1371,SL,-1.0
XRPUSDT,BASE,fixed,1737479399999,1737479400000,1737497999999,NORMAL,L,3.1941,3.1696,3.2504500000000007,3.1696,SL,-1.0
XRPUSDT,BASE,fixed,1737506999999,1737507000000,1737512099999,NORMAL,L,3.1929000000000003,3.1799,3.222800000000001,3.1799,SL,-1.0
XRPUSDT,BASE,fixed,1737623399999,1737623400000,1737623699999,NORMAL,S,3.0949999999999998,3.1083000000000003,3.0644099999999987,3.1083000000000003,SL,-1.0
XRPUSDT,BASE,fixed,1737642599999,1737642600000,1737642899999,NORMAL,L,3.1052000000000004,3.0987,3.120150000000001,3.120150000000001,TP,2.3
XRPUSDT,BASE,fixed,1737659099999,1737659100000,1737661199999,NORMAL,S,3.081,3.0937,3.0517899999999996,3.0937,SL,-1.0
XRPUSDT,BASE,fixed,1737707699999,1737707700000,1737714299999,NORMAL,L,3.1781,3.1683999999999997,3.200410000000001,3.1683999999999997,SL,-1.0
XRPUSDT,BASE,fixed,1737933299999,1737933300000,1737933599999,NORMAL,S,3.0540999999999996,3.0673000000000004,3.023739999999998,3.023739999999998,TP,2.3
XRPUSDT,BASE,fixed,1737956399999,1737956400000,1737958199999,NORMAL,S,2.9238999999999997,2.9438000000000004,2.8781299999999983,2.9438000000000004,SL,-1.0
XRPUSDT,BASE,fixed,1738127999999,1738128000000,1738138799999,T-1,L,3.1021,3.0915999999999997,3.126250000000001,3.126250000000001,TP,2.3
XRPUSDT,BASE,fixed,1738284599999,1738284600000,1738292999999,T+1,S,3.1083999999999996,3.1165000000000003,3.089769999999998,3.089769999999998,TP,2.3
XRPUSDT,BASE,fixed,1738311899999,1738311900000,1738316099999,T+1,S,3.0688,3.0754,3.0536199999999996,3.0754,SL,-1.0
XRPUSDT,BASE,fixed,1738515899999,1738515900000,1738516499999,NORMAL,S,2.6999,2.7301,2.6304399999999992,2.7301,SL,-1.0
XRPUSDT,BASE,fixed,1738563899999,1738563900000,1738565099999,NORMAL,L,2.3433,2.3009,2.4408200000000004,2.3009,SL,-1.0
XRPUSDT,BASE,fixed,1738655699999,1738655700000,1738656599999,NORMAL,S,2.4728999999999997,2.5017,2.4066599999999987,2.5017,SL,-1.0
XRPUSDT,BASE,fixed,1738667999999,1738668000000,1738670399999,NORMAL,L,2.6134000000000004,2.5921,2.6623900000000016,2.5921,SL,-1.0
XRPUSDT,BASE,fixed,1738674299999,1738674300000,1738676399999,NORMAL,L,2.6545,2.6264999999999996,2.718900000000001,2.6264999999999996,SL,-1.0
XRPUSDT,BASE,fixed,1739249699999,1739249700000,1739250299999,T-1,L,2.4726000000000004,2.4635999999999996,2.4933000000000023,2.4933000000000023,TP,2.3
XRPUSDT,BASE,fixed,1739391599999,1739391600000,1739393099999,T+1,L,2.4599,2.4486999999999997,2.4856600000000015,2.4486999999999997,SL,-1.0
XRPUSDT,BASE,fixed,1739777699999,1739777700000,1739779799999,NORMAL,S,2.6458,2.6615,2.609689999999999,2.6615,SL,-1.0
XRPUSDT,BASE,fixed,1739987399999,1739987400000,1739988899999,NORMAL,L,2.6787,2.6612999999999998,2.7187200000000007,2.6612999999999998,SL,-1.0
XRPUSDT,BASE,fixed,1740066899999,1740066900000,1740068099999,NORMAL,S,2.6723,2.6849000000000003,2.6433199999999992,2.6849000000000003,SL,-1.0
XRPUSDT,BASE,fixed,1740139799999,1740139800000,1740140099999,NORMAL,S,2.6439,2.6507,2.6282599999999996,2.6507,SL,-1.0
XRPUSDT,BASE,fixed,1740334199999,1740334200000,1740334499999,NORMAL,L,2.5636,2.5597,2.5725700000000007,2.5597,SL,-1.0
XRPUSDT,BASE,fixed,1740479099999,1740479100000,1740479399999,NORMAL,S,2.0705999999999998,2.1005000000000003,2.0018299999999987,2.1005000000000003,SL,-1.0
XRPUSDT,BASE,fixed,1740635999999,1740636000000,1740636599999,NORMAL,L,2.2183,2.211,2.235090000000001,2.211,SL,-1.0
XRPUSDT,BASE,fixed,1740653699999,1740653700000,1740656099999,NORMAL,L,2.2489000000000003,2.2384,2.2730500000000013,2.2384,SL,-1.0
XRPUSDT,BASE,fixed,1740715499999,1740715500000,1740715799999,NORMAL,S,2.0063,2.0275000000000003,1.9575399999999992,2.0275000000000003,SL,-1.0
XRPUSDT,BASE,fixed,1740756299999,1740756300000,1740759299999,NORMAL,L,2.1470000000000002,2.1268,2.1934600000000013,2.1268,SL,-1.0
XRPUSDT,BASE,fixed,1741087799999,1741087800000,1741088399999,NORMAL,L,2.3947000000000003,2.3815,2.425060000000001,2.3815,SL,-1.0
XRPUSDT,BASE,fixed,1741256099999,1741256100000,1741262999999,T-1,L,2.6081000000000003,2.5871999999999997,2.6561700000000017,2.5871999999999997,SL,-1.0
XRPUSDT,BASE,fixed,1741667399999,1741667400000,1741668299999,T-1,L,2.079,2.0635999999999997,2.1144200000000013,2.0635999999999997,SL,-1.0
XRPUSDT,BASE,fixed,1741868699999,1741868700000,1741869299999,T+1,L,2.3000000000000003,2.2878999999999996,2.327830000000002,2.327830000000002,TP,2.3
XRPUSDT,BASE,fixed,1742526899999,1742526900000,1742527499999,T+1,S,2.4132,2.4204000000000003,2.3966399999999988,2.4204000000000003,SL,-1.0
XRPUSDT,BASE,fixed,1742812499999,1742812500000,1742814299999,NORMAL,L,2.4723,2.4659999999999997,2.486790000000001,2.4659999999999997,SL,-1.0
XRPUSDT,BASE,fixed,1742952599999,1742952600000,1742953799999,NORMAL,L,2.4734000000000003,2.4667,2.4888100000000013,2.4667,SL,-1.0
XRPUSDT,BASE,fixed,1743054299999,1743054300000,1743054899999,NORMAL,S,2.3651999999999997,2.3685,2.357609999999999,2.357609999999999,TP,2.3
XRPUSDT,BASE,fixed,1743424499999,1743424500000,1743425699999,NORMAL,L,2.0853,2.0763,2.1060000000000008,2.1060000000000008,TP,2.3
XRPUSDT,BASE,fixed,1743476399999,1743476400000,1743477899999,NORMAL,L,2.1100000000000003,2.1035,2.124950000000001,2.1035,SL,-1.0
XRPUSDT,BASE,fixed,1743485399999,1743485400000,1743485999999,NORMAL,L,2.117,2.1149,2.12183,2.1149,SL,-1.0
XRPUSDT,BASE,fixed,1744175999999,1744176000000,1744179299999,T-1,L,1.8018,1.7924,1.8234200000000003,1.8234200000000003,TP,2.3
XRPUSDT,BASE,fixed,1744345799999,1744345800000,1744346399999,T+1,L,2.0099,2.0042999999999997,2.0227800000000005,2.0042999999999997,SL,-1.0
XRPUSDT,BASE,fixed,1744699799999,1744699800000,1744700699999,NORMAL,S,2.1363,2.1390000000000002,2.130089999999999,2.1390000000000002,SL,-1.0
XRPUSDT,BASE,fixed,1744802099999,1744802100000,1744802699999,NORMAL,L,2.0847,2.0806999999999998,2.0939000000000014,2.0806999999999998,SL,-1.0
XRPUSDT,BASE,fixed,1745215199999,1745215200000,1745226599999,NORMAL,L,2.1267,2.1210999999999998,2.1395800000000005,2.1395800000000005,TP,2.3
XRPUSDT,BASE,fixed,1745253599999,1745253600000,1745254199999,NORMAL,S,2.0999,2.1046,2.0890899999999997,2.0890899999999997,TP,2.3
XRPUSDT,BASE,fixed,1745454599999,1745454600000,1745455199999,NORMAL,S,2.2037999999999998,2.2111,2.187009999999999,2.2111,SL,-1.0
XRPUSDT,BASE,fixed,1745477699999,1745477700000,1745478899999,NORMAL,S,2.1658,2.1718,2.1519999999999992,2.1718,SL,-1.0
XRPUSDT,BASE,fixed,1745853599999,1745853600000,1745858099999,NORMAL,S,2.2687,2.2812,2.2399499999999994,2.2812,SL,-1.0
XRPUSDT,BASE,fixed,1746066299999,1746066300000,1746067799999,T-1,L,2.2148000000000003,2.2095,2.2269900000000016,2.2095,SL,-1.0
XRPUSDT,BASE,fixed,1746596399999,1746596400000,1746599999999,T-1,S,2.1361,2.1389,2.1296599999999994,2.1296599999999994,TP,2.3
XRPUSDT,BASE,fixed,1746989399999,1746989400000,1746990599999,T-1,L,2.3799,2.371,2.4003700000000006,2.371,SL,-1.0
XRPUSDT,BASE,fixed,1746991799999,1746991800000,1746992699999,T-1,L,2.3783000000000003,2.3724,2.3918700000000013,2.3724,SL,-1.0
XRPUSDT,BASE,fixed,1747591799999,1747591800000,1747592699999,NORMAL,S,2.3699,2.3831,2.339539999999999,2.3831,SL,-1.0
XRPUSDT,BASE,fixed,1747683599999,1747683600000,1747683899999,NORMAL,L,2.3832000000000004,2.3758999999999997,2.399990000000002,2.3758999999999997,SL,-1.0
XRPUSDT,BASE,fixed,1747949099999,1747949100000,1747951199999,NORMAL,S,2.4076,2.4134,2.3942599999999996,2.4134,SL,-1.0
XRPUSDT,BASE,fixed,1748221199999,1748221200000,1748221799999,NORMAL,L,2.3518000000000003,2.3444999999999996,2.368590000000002,2.3444999999999996,SL,-1.0
XRPUSDT,BASE,fixed,1748258999999,1748259000000,1748259899999,NORMAL,S,2.3318999999999996,2.3354000000000004,2.323849999999998,2.3354000000000004,SL,-1.0
XRPUSDT,BASE,fixed,1749140999999,1749141000000,1749150899999,T-1,S,2.1687,2.1768,2.1500699999999995,2.1500699999999995,TP,2.3
XRPUSDT,BASE,fixed,1749671999999,1749672000000,1749672899999,T+1,S,2.2821,2.2878000000000003,2.2689899999999987,2.2878000000000003,SL,-1.0
XRPUSDT,BASE,fixed,1749714899999,1749714900000,1749715199999,T+1,S,2.2333999999999996,2.2395,2.2193699999999987,2.2395,SL,-1.0
XRPUSDT,BASE,fixed,1750199699999,1750199700000,1750202699999,T-1,S,2.1473999999999998,2.1567000000000003,2.1260099999999986,2.1567000000000003,SL,-1.0
XRPUSDT,BASE,fixed,1751041799999,1751041800000,1751042099999,NORMAL,L,2.1059,2.0995999999999997,2.120390000000001,2.120390000000001,TP,2.3
XRPUSDT,BASE,fixed,1751428199999,1751428200000,1751438999999,T-1,L,2.1838,2.1797999999999997,2.1930000000000014,2.1930000000000014,TP,2.3
XRPUSDT,BASE,fixed,1751467199999,1751467200000,1751467799999,T-1,L,2.1921000000000004,2.1868,2.2042900000000016,2.1868,SL,-1.0
XRPUSDT,BASE,fixed,1751567999999,1751568000000,1751569499999,T+1,L,2.2707,2.2664,2.2805900000000006,2.2805900000000006,TP,2.3
XRPUSDT,BASE,fixed,1751606699999,1751606700000,1751606999999,T+1,S,2.2384999999999997,2.2414,2.231829999999999,2.2414,SL,-1.0
XRPUSDT,BASE,fixed,1751904599999,1751904600000,1751905199999,NORMAL,L,2.3531000000000004,2.3381,2.3876000000000017,2.3381,SL,-1.0
XRPUSDT,BASE,fixed,1752200399999,1752200400000,1752205499999,NORMAL,L,2.5767,2.5656999999999996,2.6020000000000016,2.5656999999999996,SL,-1.0
XRPUSDT,BASE,fixed,1752602099999,1752602100000,1752602999999,T+1,L,2.9346,2.9290999999999996,2.9472500000000013,2.9290999999999996,SL,-1.0
XRPUSDT,BASE,fixed,1752620699999,1752620700000,1752624599999,T+1,L,2.9223000000000003,2.909,2.9528900000000013,2.909,SL,-1.0
XRPUSDT,BASE,fixed,1753442699999,1753442700000,1753443899999,NORMAL,L,3.1460000000000004,3.1340999999999997,3.173370000000002,3.1340999999999997,SL,-1.0
XRPUSDT,BASE,fixed,1754327699999,1754327700000,1754328299999,NORMAL,L,3.0878,3.0761999999999996,3.1144800000000012,3.0761999999999996,SL,-1.0
XRPUSDT,BASE,fixed,1754388899999,1754388900000,1754389499999,NORMAL,L,3.0566000000000004,3.0507,3.0701700000000014,3.0507,SL,-1.0
XRPUSDT,BASE,fixed,1754504099999,1754504100000,1754504699999,NORMAL,L,3.0145000000000004,3.0058,3.034510000000002,3.0058,SL,-1.0
XRPUSDT,BASE,fixed,1754595899999,1754595900000,1754596799999,NORMAL,L,3.0725000000000002,3.065,3.089750000000001,3.089750000000001,TP,2.3
XRPUSDT,BASE,fixed,1755619199999,1755619200000,1755623399999,NORMAL,S,2.9248999999999996,2.9356000000000004,2.900289999999998,2.900289999999998,TP,2.3
XRPUSDT,BASE,fixed,1756104299999,1756104300000,1756106099999,NORMAL,S,2.9688,2.9763,2.9515499999999992,2.9515499999999992,TP,2.3
XRPUSDT,BASE,fixed,1756125899999,1756125900000,1756127999999,NORMAL,L,2.9613,2.9537,2.97878,2.9537,SL,-1.0
XRPUSDT,BASE,fixed,1756173899999,1756173900000,1756174499999,NORMAL,L,2.8841,2.8806999999999996,2.891920000000001,2.891920000000001,TP,2.3
XRPUSDT,BASE,fixed,1756317599999,1756317600000,1756319699999,NORMAL,L,3.0368000000000004,3.0286,3.0556600000000014,3.0286,SL,-1.0
XRPUSDT,BASE,fixed,1756960799999,1756960800000,1756961699999,T-1,L,2.8581000000000003,2.8508999999999998,2.8746600000000013,2.8508999999999998,SL,-1.0
XRPUSDT,BASE,fixed,1758232499999,1758232500000,1758233099999,T+1,S,3.086,3.0885000000000002,3.080249999999999,3.080249999999999,TP,2.3
XRPUSDT,BASE,fixed,1758820199999,1758820200000,1758821099999,NORMAL,S,2.7813,2.7929000000000004,2.7546199999999987,2.7546199999999987,TP,2.3
XRPUSDT,BASE,fixed,1759209899999,1759209900000,1759213799999,NORMAL,L,2.89,2.8848999999999996,2.9017300000000015,2.9017300000000015,TP,2.3
XRPUSDT,BASE,fixed,1759289399999,1759289400000,1759290899999,NORMAL,S,2.8251999999999997,2.8305000000000002,2.8130099999999985,2.8130099999999985,TP,2.3
XRPUSDT,BASE,fixed,1759346999999,1759347000000,1759349699999,NORMAL,L,2.9497000000000004,2.9446,2.961430000000002,2.9446,SL,-1.0
XRPUSDT,BASE,fixed,1759431899999,1759431900000,1759433399999,NORMAL,L,3.0629000000000004,3.0570999999999997,3.076240000000002,3.076240000000002,TP,2.3
XRPUSDT,BASE,fixed,1759734899999,1759734900000,1759736099999,NORMAL,L,2.9948,2.9875999999999996,3.0113600000000016,2.9875999999999996,SL,-1.0
XRPUSDT,BASE,fixed,1759790399999,1759790400000,1759791299999,NORMAL,S,2.9919,2.9974000000000003,2.9792499999999986,2.9974000000000003,SL,-1.0
XRPUSDT,BASE,fixed,1759820099999,1759820100000,1759825499999,NORMAL,S,2.9684,2.9745000000000004,2.954369999999999,2.954369999999999,TP,2.3
XRPUSDT,BASE,fixed,1760618399999,1760618400000,1760619599999,NORMAL,L,2.4623000000000004,2.4526,2.4846100000000013,2.4526,SL,-1.0
XRPUSDT,BASE,fixed,1761167399999,1761167400000,1761175199999,T-1,S,2.3428,2.3541000000000003,2.3168099999999994,2.3541000000000003,SL,-1.0
XRPUSDT,BASE,fixed,1761196199999,1761196200000,1761200399999,T-1,L,2.3889,2.3842,2.3997100000000002,2.3997100000000002,TP,2.3
XRPUSDT,BASE,fixed,1761683399999,1761683400000,1761683999999,T-1,S,2.5911,2.6069,2.55476,2.6069,SL,-1.0
XRPUSDT,BASE,fixed,1761907199999,1761907200000,1761908999999,T+1,L,2.4998,2.4936999999999996,2.513830000000001,2.4936999999999996,SL,-1.0
XRPUSDT,BASE,fixed,1762151399999,1762151400000,1762152599999,NORMAL,S,2.4135,2.4199,2.3987799999999995,2.3987799999999995,TP,2.3
XRPUSDT,BASE,fixed,1762241099999,1762241100000,1762241999999,NORMAL,S,2.238,2.2558000000000002,2.1970599999999996,2.2558000000000002,SL,-1.0
XRPUSDT,BASE,fixed,1762760399999,1762760400000,1762767599999,NORMAL,L,2.4803,2.4682999999999997,2.507900000000001,2.507900000000001,TP,2.3
XRPUSDT,BASE,fixed,1762836299999,1762836300000,1762839299999,NORMAL,S,2.5052999999999996,2.5155000000000003,2.4818399999999983,2.4818399999999983,TP,2.3
XRPUSDT,BASE,fixed,1762981499999,1762981500000,1762984799999,NORMAL,L,2.3624,2.3518999999999997,2.386550000000001,2.386550000000001,TP,2.3
XRPUSDT,BASE,fixed,1763015099999,1763015100000,1763015999999,NORMAL,L,2.5136000000000003,2.5027,2.538670000000001,2.5027,SL,-1.0
XRPUSDT,BASE,fixed,1763041799999,1763041800000,1763044499999,NORMAL,S,2.4619999999999997,2.4718,2.439459999999999,2.4718,SL,-1.0
XRPUSDT,BASE,fixed,1763512499999,1763512500000,1763513099999,T-1,S,2.1995,2.2067,2.18294,2.2067,SL,-1.0
XRPUSDT,BASE,fixed,1763561999999,1763562000000,1763563499999,T-1,S,2.1119,2.1229,2.0866,2.1229,SL,-1.0
XRPUSDT,BASE,fixed,1763665499999,1763665500000,1763666699999,T+1,S,1.9734,1.9866,1.9430400000000003,1.9866,SL,-1.0
XRPUSDT,BASE,fixed,1764149099999,1764149100000,1764158699999,NORMAL,S,2.1790999999999996,2.1852,2.1650699999999987,2.1650699999999987,TP,2.3
XRPUSDT,BASE,fixed,1764274499999,1764274500000,1764274799999,NORMAL,L,2.2324,2.2287999999999997,2.240680000000001,2.2287999999999997,SL,-1.0
XRPUSDT,BASE,fixed,1764295499999,1764295500000,1764296099999,NORMAL,S,2.1704,2.1754000000000002,2.158899999999999,2.1754000000000002,SL,-1.0
XRPUSDT,BASE,fixed,1764696599999,1764696600000,1764706799999,NORMAL,L,2.1710000000000003,2.1580999999999997,2.2006700000000015,2.1580999999999997,SL,-1.0
XRPUSDT,BASE,fixed,1764823499999,1764823500000,1764827099999,NORMAL,S,2.1868999999999996,2.1914000000000002,2.176549999999998,2.176549999999998,TP,2.3
XRPUSDT,BASE,fixed,1765317299999,1765317300000,1765317599999,T-1,S,2.0881,2.0988,2.063489999999999,2.0988,SL,-1.0
XRPUSDT,BASE,fixed,1765357799999,1765357800000,1765359299999,T-1,S,2.0730999999999997,2.0755000000000003,2.067579999999998,2.0755000000000003,SL,-1.0
XRPUSDT,BASE,fixed,1765365899999,1765365900000,1765367999999,T-1,S,2.0669,2.0714,2.0565499999999997,2.0714,SL,-1.0
XRPUSDT,BASE,fixed,1765487099999,1765487100000,1765487999999,T+1,L,2.0305000000000004,2.0223999999999998,2.049130000000002,2.049130000000002,TP,2.3
XRPUSDT,BASE,fixed,1765508699999,1765508700000,1765509299999,T+1,L,2.0410000000000004,2.0378999999999996,2.0481300000000022,2.0378999999999996,SL,-1.0
XRPUSDT,BASE,fixed,1766468699999,1766468700000,1766470199999,NORMAL,S,1.8818,1.8849,1.8746699999999996,1.8849,SL,-1.0
XRPUSDT,BASE,fixed,1766555099999,1766555100000,1766555699999,NORMAL,S,1.8428,1.847,1.83314,1.847,SL,-1.0
XRPUSDT,BASE,fixed,1766978999999,1766979000000,1766979299999,NORMAL,L,1.8991,1.8956,1.9071500000000001,1.9071500000000001,TP,2.3
XRPUSDT,BASE,fixed,1766992799999,1766992800000,1766993999999,NORMAL,S,1.8929,1.8981999999999999,1.8807100000000003,1.8981999999999999,SL,-1.0
XRPUSDT,BASE,fixed,1767127199999,1767127200000,1767128699999,NORMAL,S,1.8681,1.8716,1.8600500000000004,1.8716,SL,-1.0
XRPUSDT,BASE,fixed,1767635699999,1767635700000,1767636599999,NORMAL,L,2.1974,2.1900999999999997,2.2141900000000008,2.2141900000000008,TP,2.3
XRPUSDT,BASE,fixed,1768996499999,1768996500000,1768996799999,NORMAL,S,1.8955,1.8984,1.8888299999999998,1.8888299999999998,TP,2.3
XRPUSDT,BASE,fixed,1769015699999,1769015700000,1769015999999,NORMAL,S,1.8737,1.8879,1.84104,1.8879,SL,-1.0
XRPUSDT,BASE,fixed,1769544599999,1769544600000,1769546999999,T-1,L,1.9141,1.9085,1.9269799999999995,1.9269799999999995,TP,2.3
XRPUSDT,BASE,fixed,1769713199999,1769713200000,1769713499999,T+1,S,1.7823,1.79,1.7645899999999999,1.79,SL,-1.0
XRPUSDT,BASE,fixed,1770138599999,1770138600000,1770142499999,NORMAL,S,1.5762,1.5864,1.55274,1.55274,TP,2.3
XRPUSDT,BASE,fixed,1770253199999,1770253200000,1770253799999,NORMAL,S,1.4881,1.4961,1.4697,1.4961,SL,-1.0
XRPUSDT,BASE,fixed,1770342599999,1770342600000,1770344699999,NORMAL,L,1.2801,1.2518,1.34519,1.2518,SL,-1.0
XRPUSDT,BASE,fixed,1770845399999,1770845400000,1770846899999,T-1,L,1.3921999999999999,1.3856,1.4073799999999996,1.3856,SL,-1.0
XRPUSDT,BASE,fixed,1770851399999,1770851400000,1770854999999,T-1,S,1.3673,1.3723,1.3557999999999997,1.3723,SL,-1.0
XRPUSDT,BASE,fixed,1771369499999,1771369500000,1771370399999,NORMAL,S,1.4719,1.4744,1.46615,1.4744,SL,-1.0
XRPUSDT,BASE,fixed,1771385699999,1771385700000,1771389599999,NORMAL,L,1.4797,1.4759,1.48844,1.4759,SL,-1.0
XRPUSDT,BASE,fixed,1771497899999,1771497900000,1771498499999,NORMAL,S,1.4123,1.4142,1.4079300000000006,1.4079300000000006,TP,2.3
XRPUSDT,BASE,fixed,1771862699999,1771862700000,1771863299999,NORMAL,S,1.3632,1.3702,1.3470999999999997,1.3702,SL,-1.0
XRPUSDT,BASE,fixed,1771867799999,1771867800000,1771869599999,NORMAL,S,1.3554,1.3616,1.34114,1.3616,SL,-1.0
XRPUSDT,BASE,fixed,1772080199999,1772080200000,1772082599999,NORMAL,L,1.4533,1.4463,1.4694000000000003,1.4463,SL,-1.0
XRPUSDT,BASE,fixed,1772090999999,1772091000000,1772093699999,NORMAL,S,1.4363,1.4405,1.42664,1.4405,SL,-1.0
XRPUSDT,BASE,fixed,1773806399999,1773806400000,1773806999999,T-1,L,1.5385,1.5355,1.5453999999999997,1.5355,SL,-1.0
XRPUSDT,BASE,fixed,1773844799999,1773844800000,1773846299999,T-1,S,1.4511,1.4557,1.4405200000000002,1.4405200000000002,TP,2.3
XRPUSDT,BASE,fixed,1773954599999,1773954600000,1773958199999,T+1,L,1.4522,1.4493,1.4588699999999997,1.4493,SL,-1.0
XRPUSDT,BASE,fixed,1774274999999,1774275000000,1774281299999,NORMAL,L,1.4509,1.4407,1.4743600000000001,1.4407,SL,-1.0
XRPUSDT,BASE,fixed,1774407599999,1774407600000,1774409699999,NORMAL,S,1.4096,1.4114,1.40546,1.4114,SL,-1.0
XRPUSDT,BASE,fixed,1774864799999,1774864800000,1774867199999,NORMAL,S,1.3492,1.351,1.34506,1.34506,TP,2.3
XRPUSDT,BASE,fixed,1774893299999,1774893300000,1774895099999,NORMAL,S,1.3333,1.3356999999999999,1.32778,1.32778,TP,2.3
XRPUSDT,BASE,fixed,1775689199999,1775689200000,1775694599999,T-1,S,1.3437000000000001,1.3468,1.3365700000000005,1.3365700000000005,TP,2.3
XRPUSDT,BASE,fixed,1776149999999,1776150000000,1776150599999,NORMAL,L,1.3711,1.3695,1.3747800000000001,1.3747800000000001,TP,2.3
XRPUSDT,BASE,fixed,1776365399999,1776365400000,1776368699999,NORMAL,L,1.4447,1.4367,1.4631,1.4631,TP,2.3
XRPUSDT,BASE,fixed,1776618299999,1776618300000,1776619199999,NORMAL,S,1.4179,1.4226,1.4070899999999995,1.4226,SL,-1.0
XRPUSDT,BASE,fixed,1776669299999,1776669300000,1776669899999,NORMAL,L,1.4156,1.412,1.42388,1.42388,TP,2.3
XRPUSDT,BASE,fixed,1776740999999,1776741000000,1776742199999,NORMAL,S,1.4202,1.4219,1.4162899999999998,1.4219,SL,-1.0
XRPUSDT,BASE,fixed,1777464599999,1777464600000,1777465499999,T-1,S,1.3868,1.3883,1.3833499999999999,1.3833499999999999,TP,2.3
XRPUSDT,BASE,fixed,1778093399999,1778093400000,1778094299999,T-1,S,1.422,1.4248,1.4155599999999997,1.4248,SL,-1.0
XRPUSDT,BASE,fixed,1778663999999,1778664000000,1778664899999,T+1,L,1.4645,1.4628,1.4684099999999995,1.4628,SL,-1.0
XRPUSDT,BASE,fixed,1779085199999,1779085200000,1779086999999,NORMAL,S,1.3834,1.388,1.3728200000000002,1.388,SL,-1.0
XRPUSDT,BASE,fixed,1779323999999,1779324000000,1779324599999,NORMAL,L,1.3719,1.3705,1.3751199999999995,1.3751199999999995,TP,2.3
XRPUSDT,BASE,fixed,1779366599999,1779366600000,1779366899999,NORMAL,S,1.3613,1.3631,1.35716,1.3631,SL,-1.0
XRPUSDT,BASE,fixed,1779679199999,1779679200000,1779681299999,NORMAL,S,1.345,1.3466,1.3413199999999998,1.3466,SL,-1.0
XRPUSDT,BASE,fixed,1780055399999,1780055400000,1780056299999,NORMAL,S,1.3085,1.3117,1.3011399999999997,1.3117,SL,-1.0
XRPUSDT,BASE,fixed,1780057499999,1780057500000,1780058699999,NORMAL,S,1.3073,1.3093,1.3027,1.3027,TP,2.3
XRPUSDT,BASE,fixed,1780263599999,1780263600000,1780265099999,NORMAL,L,1.3334,1.3311,1.33869,1.3311,SL,-1.0
XRPUSDT,BASE,fixed,1780514699999,1780514700000,1780516199999,T-1,S,1.2066000000000001,1.2123,1.1934900000000006,1.2123,SL,-1.0
XRPUSDT,BASE,fixed,1780544699999,1780544700000,1780547699999,T-1,L,1.2091,1.205,1.2185300000000001,1.205,SL,-1.0
XRPUSDT,BASE,fixed,1781021699999,1781021700000,1781024699999,T-1,S,1.1262,1.1307,1.1158500000000002,1.1307,SL,-1.0
XRPUSDT,BASE,fixed,1781153399999,1781153400000,1781154299999,T+1,L,1.1208,1.1168,1.1300000000000001,1.1168,SL,-1.0
XRPUSDT,BASE,fixed,1781520599999,1781520600000,1781520899999,NORMAL,L,1.1867,1.1849,1.1908400000000001,1.1908400000000001,TP,2.3
XRPUSDT,BASE,fixed,1782321599999,1782321600000,1782325199999,NORMAL,S,1.0533,1.0589,1.04042,1.0589,SL,-1.0
XRPUSDT,BASE,fixed,1782437099999,1782437100000,1782440099999,NORMAL,S,1.0334,1.0368,1.0255800000000004,1.0255800000000004,TP,2.3
XRPUSDT,BASE,fixed,1782703499999,1782703500000,1782704399999,NORMAL,L,1.0531,1.0502,1.0597699999999997,1.0502,SL,-1.0
XRPUSDT,BASE,fixed,1782914399999,1782914400000,1782914699999,T-1,L,1.0491,1.0471,1.0536999999999999,1.0471,SL,-1.0
XRPUSDT,BASE,fixed,1783354199999,1783354200000,1783361999999,NORMAL,L,1.1472,1.1409,1.16169,1.1409,SL,-1.0
XRPUSDT,BASE,fixed,1783491599999,1783491600000,1783491899999,NORMAL,S,1.0891,1.0903,1.0863399999999999,1.0903,SL,-1.0
XRPUSDT,BASE,fixed,1783492199999,1783492200000,1783493699999,NORMAL,S,1.0887,1.091,1.08341,1.091,SL,-1.0
XRPUSDT,BASE,fixed,1783531199999,1783531200000,1783533299999,NORMAL,L,1.0879,1.0842,1.09641,1.0842,SL,-1.0
XRPUSDT,BASE,fixed,1783595999999,1783596000000,1783596899999,NORMAL,S,1.0901,1.0917,1.0864200000000004,1.0917,SL,-1.0
XRPUSDT,BASE,fixed,1783687799999,1783687800000,1783691099999,NORMAL,S,1.1078000000000001,1.1091,1.1048100000000005,1.1091,SL,-1.0
XRPUSDT,BASE,fixed,1783908299999,1783908300000,1783909199999,T-1,S,1.0767,1.0812,1.0663500000000001,1.0812,SL,-1.0
XRPUSDT,BASE,fixed,1784055299999,1784055300000,1784055899999,T+1,L,1.1096,1.1077,1.11397,1.11397,TP,2.3
XRPUSDT,BASE,fixed,1784766899999,1784766900000,1784767799999,NORMAL,L,1.1435,1.1419,1.14718,1.1419,SL,-1.0
XRPUSDT,BASE,fixed,1784773499999,1784773500000,1784774999999,NORMAL,S,1.1345,1.1371,1.1285200000000002,1.1371,SL,-1.0
XRPUSDT,BASE,fixed,1784809499999,1784809500000,1784810099999,NORMAL,S,1.1301,1.132,1.1257300000000006,1.1257300000000006,TP,2.3
XRPUSDT,BASE,fixed,1784831999999,1784832000000,1784832899999,NORMAL,S,1.1026,1.1045,1.09823,1.1045,SL,-1.0
XRPUSDT,BASE,fixed,1784851799999,1784851800000,1784854199999,NORMAL,S,1.1056,1.1076,1.101,1.1076,SL,-1.0
XRPUSDT,BASE,fixed,1785154799999,1785154800000,1785156599999,NORMAL,S,1.1015,1.1038,1.09621,1.1038,SL,-1.0
XRPUSDT,BASE,fixed,1785490799999,1785490800000,1785495299999,T+1,S,1.0722,1.0739,1.06829,1.0739,SL,-1.0
XRPUSDT,BASE,fixed,1785839099999,1785839100000,1785840299999,NORMAL,S,1.0703,1.0715999999999999,1.0673100000000004,1.0715999999999999,SL,-1.0
XRPUSDT,BASE,fixed,1785844199999,1785844200000,1785845999999,NORMAL,L,1.077,1.0752,1.08114,1.0752,SL,-1.0
XRPUSDT,COST06,canonical,1737404099999,1737404100000,1737405299999,NORMAL,S,3.1050999999999997,3.1371,3.0314999999999985,3.1371,SL,-1.0
XRPUSDT,COST06,canonical,1737479399999,1737479400000,1737486299999,NORMAL,L,3.1941,3.1696,3.2504500000000007,3.201,EMA,0.2816326530612185
XRPUSDT,COST06,canonical,1737956399999,1737956400000,1737958199999,NORMAL,S,2.9238999999999997,2.9438000000000004,2.8781299999999983,2.9438000000000004,SL,-1.0
XRPUSDT,COST06,canonical,1738515899999,1738515900000,1738516499999,NORMAL,S,2.6999,2.7301,2.6304399999999992,2.7301,SL,-1.0
XRPUSDT,COST06,canonical,1738563899999,1738563900000,1738565099999,NORMAL,L,2.3433,2.3009,2.4408200000000004,2.3009,SL,-1.0
XRPUSDT,COST06,canonical,1738655699999,1738655700000,1738656599999,NORMAL,S,2.4728999999999997,2.5017,2.4066599999999987,2.5017,SL,-1.0
XRPUSDT,COST06,canonical,1738667999999,1738668000000,1738670399999,NORMAL,L,2.6134000000000004,2.5921,2.6623900000000016,2.5921,SL,-1.0
XRPUSDT,COST06,canonical,1738674299999,1738674300000,1738676399999,NORMAL,L,2.6545,2.6264999999999996,2.718900000000001,2.6264999999999996,SL,-1.0
XRPUSDT,COST06,canonical,1739987399999,1739987400000,1739988899999,NORMAL,L,2.6787,2.6612999999999998,2.7187200000000007,2.6612999999999998,SL,-1.0
XRPUSDT,COST06,canonical,1740479099999,1740479100000,1740479399999,NORMAL,S,2.0705999999999998,2.1005000000000003,2.0018299999999987,2.1005000000000003,SL,-1.0
XRPUSDT,COST06,canonical,1740715499999,1740715500000,1740715799999,NORMAL,S,2.0063,2.0275000000000003,1.9575399999999992,2.0275000000000003,SL,-1.0
XRPUSDT,COST06,canonical,1740756299999,1740756300000,1740759299999,NORMAL,L,2.1470000000000002,2.1268,2.1934600000000013,2.1268,SL,-1.0
XRPUSDT,COST06,canonical,1741256099999,1741256100000,1741262399999,T-1,L,2.6081000000000003,2.5871999999999997,2.6561700000000017,2.6097,EMA,0.0765550239234344
XRPUSDT,COST06,canonical,1741667399999,1741667400000,1741668299999,T-1,L,2.079,2.0635999999999997,2.1144200000000013,2.0635999999999997,SL,-1.0
XRPUSDT,COST06,canonical,1751904599999,1751904600000,1751905199999,NORMAL,L,2.3531000000000004,2.3381,2.3876000000000017,2.3381,SL,-1.0
XRPUSDT,COST06,canonical,1761683399999,1761683400000,1761683999999,T-1,S,2.5911,2.6069,2.55476,2.6069,SL,-1.0
XRPUSDT,COST06,canonical,1762241099999,1762241100000,1762241999999,NORMAL,S,2.238,2.2558000000000002,2.1970599999999996,2.2558000000000002,SL,-1.0
XRPUSDT,COST06,canonical,1763665499999,1763665500000,1763666699999,T+1,S,1.9734,1.9866,1.9430400000000003,1.9866,SL,-1.0
XRPUSDT,COST06,canonical,1769015699999,1769015700000,1769015999999,NORMAL,S,1.8737,1.8879,1.84104,1.8879,SL,-1.0
XRPUSDT,COST06,canonical,1770138599999,1770138600000,1770142499999,NORMAL,S,1.5762,1.5864,1.55274,1.55274,TP,2.3
XRPUSDT,COST06,canonical,1770342599999,1770342600000,1770344699999,NORMAL,L,1.2801,1.2518,1.34519,1.2518,SL,-1.0
XRPUSDT,COST06,canonical,1774274999999,1774275000000,1774280399999,NORMAL,L,1.4509,1.4407,1.4743600000000001,1.4484,EMA,-0.24509803921570314
XRPUSDT,COST06,fixed,1737404099999,1737404100000,1737405299999,NORMAL,S,3.1050999999999997,3.1371,3.0314999999999985,3.1371,SL,-1.0
XRPUSDT,COST06,fixed,1737479399999,1737479400000,1737497999999,NORMAL,L,3.1941,3.1696,3.2504500000000007,3.1696,SL,-1.0
XRPUSDT,COST06,fixed,1737956399999,1737956400000,1737958199999,NORMAL,S,2.9238999999999997,2.9438000000000004,2.8781299999999983,2.9438000000000004,SL,-1.0
XRPUSDT,COST06,fixed,1738515899999,1738515900000,1738516499999,NORMAL,S,2.6999,2.7301,2.6304399999999992,2.7301,SL,-1.0
XRPUSDT,COST06,fixed,1738563899999,1738563900000,1738565099999,NORMAL,L,2.3433,2.3009,2.4408200000000004,2.3009,SL,-1.0
XRPUSDT,COST06,fixed,1738655699999,1738655700000,1738656599999,NORMAL,S,2.4728999999999997,2.5017,2.4066599999999987,2.5017,SL,-1.0
XRPUSDT,COST06,fixed,1738667999999,1738668000000,1738670399999,NORMAL,L,2.6134000000000004,2.5921,2.6623900000000016,2.5921,SL,-1.0
XRPUSDT,COST06,fixed,1738674299999,1738674300000,1738676399999,NORMAL,L,2.6545,2.6264999999999996,2.718900000000001,2.6264999999999996,SL,-1.0
XRPUSDT,COST06,fixed,1739987399999,1739987400000,1739988899999,NORMAL,L,2.6787,2.6612999999999998,2.7187200000000007,2.6612999999999998,SL,-1.0
XRPUSDT,COST06,fixed,1740479099999,1740479100000,1740479399999,NORMAL,S,2.0705999999999998,2.1005000000000003,2.0018299999999987,2.1005000000000003,SL,-1.0
XRPUSDT,COST06,fixed,1740715499999,1740715500000,1740715799999,NORMAL,S,2.0063,2.0275000000000003,1.9575399999999992,2.0275000000000003,SL,-1.0
XRPUSDT,COST06,fixed,1740756299999,1740756300000,1740759299999,NORMAL,L,2.1470000000000002,2.1268,2.1934600000000013,2.1268,SL,-1.0
XRPUSDT,COST06,fixed,1741256099999,1741256100000,1741262999999,T-1,L,2.6081000000000003,2.5871999999999997,2.6561700000000017,2.5871999999999997,SL,-1.0
XRPUSDT,COST06,fixed,1741667399999,1741667400000,1741668299999,T-1,L,2.079,2.0635999999999997,2.1144200000000013,2.0635999999999997,SL,-1.0
XRPUSDT,COST06,fixed,1751904599999,1751904600000,1751905199999,NORMAL,L,2.3531000000000004,2.3381,2.3876000000000017,2.3381,SL,-1.0
XRPUSDT,COST06,fixed,1761683399999,1761683400000,1761683999999,T-1,S,2.5911,2.6069,2.55476,2.6069,SL,-1.0
XRPUSDT,COST06,fixed,1762241099999,1762241100000,1762241999999,NORMAL,S,2.238,2.2558000000000002,2.1970599999999996,2.2558000000000002,SL,-1.0
XRPUSDT,COST06,fixed,1763665499999,1763665500000,1763666699999,T+1,S,1.9734,1.9866,1.9430400000000003,1.9866,SL,-1.0
XRPUSDT,COST06,fixed,1769015699999,1769015700000,1769015999999,NORMAL,S,1.8737,1.8879,1.84104,1.8879,SL,-1.0
XRPUSDT,COST06,fixed,1770138599999,1770138600000,1770142499999,NORMAL,S,1.5762,1.5864,1.55274,1.55274,TP,2.3
XRPUSDT,COST06,fixed,1770342599999,1770342600000,1770344699999,NORMAL,L,1.2801,1.2518,1.34519,1.2518,SL,-1.0
XRPUSDT,COST06,fixed,1774274999999,1774275000000,1774281299999,NORMAL,L,1.4509,1.4407,1.4743600000000001,1.4407,SL,-1.0
XRPUSDT,M15CONF,canonical,1735693799999,1735693800000,1735694399999,NORMAL,L,2.1061,2.0991999999999997,2.121970000000001,2.0991999999999997,SL,-1.0
XRPUSDT,M15CONF,canonical,1735723499999,1735723500000,1735724099999,NORMAL,S,2.093,2.1011,2.0743699999999996,2.1011,SL,-1.0
XRPUSDT,M15CONF,canonical,1735798799999,1735798800000,1735804199999,NORMAL,S,2.3579,2.3713,2.327079999999999,2.3713,SL,-1.0
XRPUSDT,M15CONF,canonical,1735916999999,1735917000000,1735918499999,NORMAL,L,2.4391000000000003,2.4309,2.4579600000000013,2.4309,SL,-1.0
XRPUSDT,M15CONF,canonical,1737404099999,1737404100000,1737405299999,NORMAL,S,3.1050999999999997,3.1371,3.0314999999999985,3.1371,SL,-1.0
XRPUSDT,M15CONF,canonical,1737479399999,1737479400000,1737486299999,NORMAL,L,3.1941,3.1696,3.2504500000000007,3.201,EMA,0.2816326530612185
XRPUSDT,M15CONF,canonical,1737506999999,1737507000000,1737511499999,NORMAL,L,3.1929000000000003,3.1799,3.222800000000001,3.1815,EMA,-0.8769230769230596
XRPUSDT,M15CONF,canonical,1737623399999,1737623400000,1737623699999,NORMAL,S,3.0949999999999998,3.1083000000000003,3.0644099999999987,3.1083000000000003,SL,-1.0
XRPUSDT,M15CONF,canonical,1737642599999,1737642600000,1737642899999,NORMAL,L,3.1052000000000004,3.0987,3.120150000000001,3.120150000000001,TP,2.3
XRPUSDT,M15CONF,canonical,1737659099999,1737659100000,1737661199999,NORMAL,S,3.081,3.0937,3.0517899999999996,3.0937,SL,-1.0
XRPUSDT,M15CONF,canonical,1737707699999,1737707700000,1737713999999,NORMAL,L,3.1781,3.1683999999999997,3.200410000000001,3.1713,EMA,-0.7010309278350307
XRPUSDT,M15CONF,canonical,1737933299999,1737933300000,1737933599999,NORMAL,S,3.0540999999999996,3.0673000000000004,3.023739999999998,3.023739999999998,TP,2.3
XRPUSDT,M15CONF,canonical,1737956399999,1737956400000,1737958199999,NORMAL,S,2.9238999999999997,2.9438000000000004,2.8781299999999983,2.9438000000000004,SL,-1.0
XRPUSDT,M15CONF,canonical,1738127999999,1738128000000,1738134599999,T-1,L,3.1021,3.0915999999999997,3.126250000000001,3.1042,EMA,0.19999999999999155
XRPUSDT,M15CONF,canonical,1738284599999,1738284600000,1738292999999,T+1,S,3.1083999999999996,3.1165000000000003,3.089769999999998,3.089769999999998,TP,2.3
XRPUSDT,M15CONF,canonical,1738311899999,1738311900000,1738315799999,T+1,S,3.0688,3.0754,3.0536199999999996,3.0724,EMA,-0.5454545454545393
XRPUSDT,M15CONF,canonical,1738515899999,1738515900000,1738516499999,NORMAL,S,2.6999,2.7301,2.6304399999999992,2.7301,SL,-1.0
XRPUSDT,M15CONF,canonical,1738563899999,1738563900000,1738565099999,NORMAL,L,2.3433,2.3009,2.4408200000000004,2.3009,SL,-1.0
XRPUSDT,M15CONF,canonical,1738655699999,1738655700000,1738656599999,NORMAL,S,2.4728999999999997,2.5017,2.4066599999999987,2.5017,SL,-1.0
XRPUSDT,M15CONF,canonical,1738667999999,1738668000000,1738670399999,NORMAL,L,2.6134000000000004,2.5921,2.6623900000000016,2.5921,SL,-1.0
XRPUSDT,M15CONF,canonical,1738674299999,1738674300000,1738676399999,NORMAL,L,2.6545,2.6264999999999996,2.718900000000001,2.6264999999999996,SL,-1.0
XRPUSDT,M15CONF,canonical,1739249699999,1739249700000,1739250299999,T-1,L,2.4726000000000004,2.4635999999999996,2.4933000000000023,2.4933000000000023,TP,2.3
XRPUSDT,M15CONF,canonical,1739391599999,1739391600000,1739393099999,T+1,L,2.4599,2.4486999999999997,2.4856600000000015,2.4486999999999997,SL,-1.0
XRPUSDT,M15CONF,canonical,1739777699999,1739777700000,1739779799999,NORMAL,S,2.6458,2.6615,2.609689999999999,2.6615,SL,-1.0
XRPUSDT,M15CONF,canonical,1739987399999,1739987400000,1739988899999,NORMAL,L,2.6787,2.6612999999999998,2.7187200000000007,2.6612999999999998,SL,-1.0
XRPUSDT,M15CONF,canonical,1740066899999,1740066900000,1740068099999,NORMAL,S,2.6723,2.6849000000000003,2.6433199999999992,2.6849000000000003,SL,-1.0
XRPUSDT,M15CONF,canonical,1740139799999,1740139800000,1740140099999,NORMAL,S,2.6439,2.6507,2.6282599999999996,2.6507,SL,-1.0
XRPUSDT,M15CONF,canonical,1740334199999,1740334200000,1740334499999,NORMAL,L,2.5636,2.5597,2.5725700000000007,2.5597,SL,-1.0
XRPUSDT,M15CONF,canonical,1740479099999,1740479100000,1740479399999,NORMAL,S,2.0705999999999998,2.1005000000000003,2.0018299999999987,2.1005000000000003,SL,-1.0
XRPUSDT,M15CONF,canonical,1740635999999,1740636000000,1740636599999,NORMAL,L,2.2183,2.211,2.235090000000001,2.211,SL,-1.0
XRPUSDT,M15CONF,canonical,1740653699999,1740653700000,1740656099999,NORMAL,L,2.2489000000000003,2.2384,2.2730500000000013,2.2384,SL,-1.0
XRPUSDT,M15CONF,canonical,1740715499999,1740715500000,1740715799999,NORMAL,S,2.0063,2.0275000000000003,1.9575399999999992,2.0275000000000003,SL,-1.0
XRPUSDT,M15CONF,canonical,1740756299999,1740756300000,1740759299999,NORMAL,L,2.1470000000000002,2.1268,2.1934600000000013,2.1268,SL,-1.0
XRPUSDT,M15CONF,canonical,1741087799999,1741087800000,1741088399999,NORMAL,L,2.3947000000000003,2.3815,2.425060000000001,2.3815,SL,-1.0
XRPUSDT,M15CONF,canonical,1741256099999,1741256100000,1741262399999,T-1,L,2.6081000000000003,2.5871999999999997,2.6561700000000017,2.6097,EMA,0.0765550239234344
XRPUSDT,M15CONF,canonical,1741667399999,1741667400000,1741668299999,T-1,L,2.079,2.0635999999999997,2.1144200000000013,2.0635999999999997,SL,-1.0
XRPUSDT,M15CONF,canonical,1741868699999,1741868700000,1741869299999,T+1,L,2.3000000000000003,2.2878999999999996,2.327830000000002,2.327830000000002,TP,2.3
XRPUSDT,M15CONF,canonical,1742526899999,1742526900000,1742527499999,T+1,S,2.4132,2.4204000000000003,2.3966399999999988,2.4204000000000003,SL,-1.0
XRPUSDT,M15CONF,canonical,1742812499999,1742812500000,1742814299999,NORMAL,L,2.4723,2.4659999999999997,2.486790000000001,2.4659999999999997,SL,-1.0
XRPUSDT,M15CONF,canonical,1742952599999,1742952600000,1742953799999,NORMAL,L,2.4734000000000003,2.4667,2.4888100000000013,2.4667,SL,-1.0
XRPUSDT,M15CONF,canonical,1743054299999,1743054300000,1743054899999,NORMAL,S,2.3651999999999997,2.3685,2.357609999999999,2.357609999999999,TP,2.3
XRPUSDT,M15CONF,canonical,1743424499999,1743424500000,1743425699999,NORMAL,L,2.0853,2.0763,2.1060000000000008,2.1060000000000008,TP,2.3
XRPUSDT,M15CONF,canonical,1743476399999,1743476400000,1743477899999,NORMAL,L,2.1100000000000003,2.1035,2.124950000000001,2.1035,SL,-1.0
XRPUSDT,M15CONF,canonical,1743485399999,1743485400000,1743485999999,NORMAL,L,2.117,2.1149,2.12183,2.1149,SL,-1.0
XRPUSDT,M15CONF,canonical,1744175999999,1744176000000,1744179299999,T-1,L,1.8018,1.7924,1.8234200000000003,1.8234200000000003,TP,2.3
XRPUSDT,M15CONF,canonical,1744345799999,1744345800000,1744346399999,T+1,L,2.0099,2.0042999999999997,2.0227800000000005,2.0042999999999997,SL,-1.0
XRPUSDT,M15CONF,canonical,1744699799999,1744699800000,1744700699999,NORMAL,S,2.1363,2.1390000000000002,2.130089999999999,2.1390000000000002,SL,-1.0
XRPUSDT,M15CONF,canonical,1744802099999,1744802100000,1744802699999,NORMAL,L,2.0847,2.0806999999999998,2.0939000000000014,2.0806999999999998,SL,-1.0
XRPUSDT,M15CONF,canonical,1745215199999,1745215200000,1745221799999,NORMAL,L,2.1267,2.1210999999999998,2.1395800000000005,2.1259,EMA,-0.1428571428571202
XRPUSDT,M15CONF,canonical,1745253599999,1745253600000,1745254199999,NORMAL,S,2.0999,2.1046,2.0890899999999997,2.0890899999999997,TP,2.3
XRPUSDT,M15CONF,canonical,1745454599999,1745454600000,1745455199999,NORMAL,S,2.2037999999999998,2.2111,2.187009999999999,2.2111,SL,-1.0
XRPUSDT,M15CONF,canonical,1745477699999,1745477700000,1745478899999,NORMAL,S,2.1658,2.1718,2.1519999999999992,2.1718,SL,-1.0
XRPUSDT,M15CONF,canonical,1745853599999,1745853600000,1745858099999,NORMAL,S,2.2687,2.2812,2.2399499999999994,2.2812,SL,-1.0
XRPUSDT,M15CONF,canonical,1746066299999,1746066300000,1746067799999,T-1,L,2.2148000000000003,2.2095,2.2269900000000016,2.2095,SL,-1.0
XRPUSDT,M15CONF,canonical,1746596399999,1746596400000,1746599999999,T-1,S,2.1361,2.1389,2.1296599999999994,2.1296599999999994,TP,2.3
XRPUSDT,M15CONF,canonical,1746989399999,1746989400000,1746990599999,T-1,L,2.3799,2.371,2.4003700000000006,2.371,SL,-1.0
XRPUSDT,M15CONF,canonical,1746991799999,1746991800000,1746992699999,T-1,L,2.3783000000000003,2.3724,2.3918700000000013,2.3724,SL,-1.0
XRPUSDT,M15CONF,canonical,1747591799999,1747591800000,1747592699999,NORMAL,S,2.3699,2.3831,2.339539999999999,2.3831,SL,-1.0
XRPUSDT,M15CONF,canonical,1747683599999,1747683600000,1747683899999,NORMAL,L,2.3832000000000004,2.3758999999999997,2.399990000000002,2.3758999999999997,SL,-1.0
XRPUSDT,M15CONF,canonical,1747949099999,1747949100000,1747951199999,NORMAL,S,2.4076,2.4134,2.3942599999999996,2.4134,SL,-1.0
XRPUSDT,M15CONF,canonical,1748221199999,1748221200000,1748221799999,NORMAL,L,2.3518000000000003,2.3444999999999996,2.368590000000002,2.3444999999999996,SL,-1.0
XRPUSDT,M15CONF,canonical,1748258999999,1748259000000,1748259899999,NORMAL,S,2.3318999999999996,2.3354000000000004,2.323849999999998,2.3354000000000004,SL,-1.0
XRPUSDT,M15CONF,canonical,1749140999999,1749141000000,1749150899999,T-1,S,2.1687,2.1768,2.1500699999999995,2.1500699999999995,TP,2.3
XRPUSDT,M15CONF,canonical,1749671999999,1749672000000,1749672899999,T+1,S,2.2821,2.2878000000000003,2.2689899999999987,2.2878000000000003,SL,-1.0
XRPUSDT,M15CONF,canonical,1749714899999,1749714900000,1749715199999,T+1,S,2.2333999999999996,2.2395,2.2193699999999987,2.2395,SL,-1.0
XRPUSDT,M15CONF,canonical,1750199699999,1750199700000,1750202699999,T-1,S,2.1473999999999998,2.1567000000000003,2.1260099999999986,2.1567000000000003,SL,-1.0
XRPUSDT,M15CONF,canonical,1751041799999,1751041800000,1751042099999,NORMAL,L,2.1059,2.0995999999999997,2.120390000000001,2.120390000000001,TP,2.3
XRPUSDT,M15CONF,canonical,1751428199999,1751428200000,1751437799999,T-1,L,2.1838,2.1797999999999997,2.1930000000000014,2.1833,EMA,-0.12500000000002776
XRPUSDT,M15CONF,canonical,1751467199999,1751467200000,1751467799999,T-1,L,2.1921000000000004,2.1868,2.2042900000000016,2.1868,SL,-1.0
XRPUSDT,M15CONF,canonical,1751567999999,1751568000000,1751569499999,T+1,L,2.2707,2.2664,2.2805900000000006,2.2805900000000006,TP,2.3
XRPUSDT,M15CONF,canonical,1751606699999,1751606700000,1751606999999,T+1,S,2.2384999999999997,2.2414,2.231829999999999,2.2414,SL,-1.0
XRPUSDT,M15CONF,canonical,1751904599999,1751904600000,1751905199999,NORMAL,L,2.3531000000000004,2.3381,2.3876000000000017,2.3381,SL,-1.0
XRPUSDT,M15CONF,canonical,1752200399999,1752200400000,1752204899999,NORMAL,L,2.5767,2.5656999999999996,2.6020000000000016,2.57,EMA,-0.6090909090909117
XRPUSDT,M15CONF,canonical,1752602099999,1752602100000,1752602999999,T+1,L,2.9346,2.9290999999999996,2.9472500000000013,2.9290999999999996,SL,-1.0
XRPUSDT,M15CONF,canonical,1752620699999,1752620700000,1752623099999,T+1,L,2.9223000000000003,2.909,2.9528900000000013,2.9233,SESSION,0.07518796992476734
XRPUSDT,M15CONF,canonical,1753442699999,1753442700000,1753443899999,NORMAL,L,3.1460000000000004,3.1340999999999997,3.173370000000002,3.1340999999999997,SL,-1.0
XRPUSDT,M15CONF,canonical,1754327699999,1754327700000,1754328299999,NORMAL,L,3.0878,3.0761999999999996,3.1144800000000012,3.0761999999999996,SL,-1.0
XRPUSDT,M15CONF,canonical,1754388899999,1754388900000,1754389499999,NORMAL,L,3.0566000000000004,3.0507,3.0701700000000014,3.0507,SL,-1.0
XRPUSDT,M15CONF,canonical,1754504099999,1754504100000,1754504699999,NORMAL,L,3.0145000000000004,3.0058,3.034510000000002,3.0058,SL,-1.0
XRPUSDT,M15CONF,canonical,1754595899999,1754595900000,1754596799999,NORMAL,L,3.0725000000000002,3.065,3.089750000000001,3.089750000000001,TP,2.3
XRPUSDT,M15CONF,canonical,1755619199999,1755619200000,1755623399999,NORMAL,S,2.9248999999999996,2.9356000000000004,2.900289999999998,2.900289999999998,TP,2.3
XRPUSDT,M15CONF,canonical,1756104299999,1756104300000,1756106099999,NORMAL,S,2.9688,2.9763,2.9515499999999992,2.9515499999999992,TP,2.3
XRPUSDT,M15CONF,canonical,1756125899999,1756125900000,1756127999999,NORMAL,L,2.9613,2.9537,2.97878,2.9537,SL,-1.0
XRPUSDT,M15CONF,canonical,1756173899999,1756173900000,1756174499999,NORMAL,L,2.8841,2.8806999999999996,2.891920000000001,2.891920000000001,TP,2.3
XRPUSDT,M15CONF,canonical,1756317599999,1756317600000,1756319699999,NORMAL,L,3.0368000000000004,3.0286,3.0556600000000014,3.0286,SL,-1.0
XRPUSDT,M15CONF,canonical,1756960799999,1756960800000,1756961699999,T-1,L,2.8581000000000003,2.8508999999999998,2.8746600000000013,2.8508999999999998,SL,-1.0
XRPUSDT,M15CONF,canonical,1758232499999,1758232500000,1758233099999,T+1,S,3.086,3.0885000000000002,3.080249999999999,3.080249999999999,TP,2.3
XRPUSDT,M15CONF,canonical,1758820199999,1758820200000,1758821099999,NORMAL,S,2.7813,2.7929000000000004,2.7546199999999987,2.7546199999999987,TP,2.3
XRPUSDT,M15CONF,canonical,1759209899999,1759209900000,1759213799999,NORMAL,L,2.89,2.8848999999999996,2.9017300000000015,2.9017300000000015,TP,2.3
XRPUSDT,M15CONF,canonical,1759289399999,1759289400000,1759290899999,NORMAL,S,2.8251999999999997,2.8305000000000002,2.8130099999999985,2.8130099999999985,TP,2.3
XRPUSDT,M15CONF,canonical,1759346999999,1759347000000,1759349699999,NORMAL,L,2.9497000000000004,2.9446,2.961430000000002,2.9446,SL,-1.0
XRPUSDT,M15CONF,canonical,1759431899999,1759431900000,1759433399999,NORMAL,L,3.0629000000000004,3.0570999999999997,3.076240000000002,3.076240000000002,TP,2.3
XRPUSDT,M15CONF,canonical,1759734899999,1759734900000,1759736099999,NORMAL,L,2.9948,2.9875999999999996,3.0113600000000016,2.9875999999999996,SL,-1.0
XRPUSDT,M15CONF,canonical,1759790399999,1759790400000,1759791299999,NORMAL,S,2.9919,2.9974000000000003,2.9792499999999986,2.9974000000000003,SL,-1.0
XRPUSDT,M15CONF,canonical,1759820099999,1759820100000,1759825499999,NORMAL,S,2.9684,2.9745000000000004,2.954369999999999,2.954369999999999,TP,2.3
XRPUSDT,M15CONF,canonical,1760618399999,1760618400000,1760619599999,NORMAL,L,2.4623000000000004,2.4526,2.4846100000000013,2.4526,SL,-1.0
XRPUSDT,M15CONF,canonical,1761167399999,1761167400000,1761174599999,T-1,S,2.3428,2.3541000000000003,2.3168099999999994,2.3471,EMA,-0.380530973451334
XRPUSDT,M15CONF,canonical,1761196199999,1761196200000,1761200399999,T-1,L,2.3889,2.3842,2.3997100000000002,2.3997100000000002,TP,2.3
XRPUSDT,M15CONF,canonical,1761683399999,1761683400000,1761683999999,T-1,S,2.5911,2.6069,2.55476,2.6069,SL,-1.0
XRPUSDT,M15CONF,canonical,1761907199999,1761907200000,1761908999999,T+1,L,2.4998,2.4936999999999996,2.513830000000001,2.4936999999999996,SL,-1.0
XRPUSDT,M15CONF,canonical,1762151399999,1762151400000,1762152599999,NORMAL,S,2.4135,2.4199,2.3987799999999995,2.3987799999999995,TP,2.3
XRPUSDT,M15CONF,canonical,1762241099999,1762241100000,1762241999999,NORMAL,S,2.238,2.2558000000000002,2.1970599999999996,2.2558000000000002,SL,-1.0
XRPUSDT,M15CONF,canonical,1762760399999,1762760400000,1762763999999,NORMAL,L,2.4803,2.4682999999999997,2.507900000000001,2.4701,EMA,-0.8499999999999852
XRPUSDT,M15CONF,canonical,1762836299999,1762836300000,1762839299999,NORMAL,S,2.5052999999999996,2.5155000000000003,2.4818399999999983,2.4818399999999983,TP,2.3
XRPUSDT,M15CONF,canonical,1763015099999,1763015100000,1763015999999,NORMAL,L,2.5136000000000003,2.5027,2.538670000000001,2.5027,SL,-1.0
XRPUSDT,M15CONF,canonical,1763041799999,1763041800000,1763044499999,NORMAL,S,2.4619999999999997,2.4718,2.439459999999999,2.4718,SL,-1.0
XRPUSDT,M15CONF,canonical,1763512499999,1763512500000,1763513099999,T-1,S,2.1995,2.2067,2.18294,2.2067,SL,-1.0
XRPUSDT,M15CONF,canonical,1763561999999,1763562000000,1763563499999,T-1,S,2.1119,2.1229,2.0866,2.1229,SL,-1.0
XRPUSDT,M15CONF,canonical,1763665499999,1763665500000,1763666699999,T+1,S,1.9734,1.9866,1.9430400000000003,1.9866,SL,-1.0
XRPUSDT,M15CONF,canonical,1764149099999,1764149100000,1764158699999,NORMAL,S,2.1790999999999996,2.1852,2.1650699999999987,2.1650699999999987,TP,2.3
XRPUSDT,M15CONF,canonical,1764274499999,1764274500000,1764274799999,NORMAL,L,2.2324,2.2287999999999997,2.240680000000001,2.2287999999999997,SL,-1.0
XRPUSDT,M15CONF,canonical,1764295499999,1764295500000,1764296099999,NORMAL,S,2.1704,2.1754000000000002,2.158899999999999,2.1754000000000002,SL,-1.0
XRPUSDT,M15CONF,canonical,1764696599999,1764696600000,1764706799999,NORMAL,L,2.1710000000000003,2.1580999999999997,2.2006700000000015,2.1580999999999997,SL,-1.0
XRPUSDT,M15CONF,canonical,1764823499999,1764823500000,1764827099999,NORMAL,S,2.1868999999999996,2.1914000000000002,2.176549999999998,2.176549999999998,TP,2.3
XRPUSDT,M15CONF,canonical,1765317299999,1765317300000,1765317599999,T-1,S,2.0881,2.0988,2.063489999999999,2.0988,SL,-1.0
XRPUSDT,M15CONF,canonical,1765357799999,1765357800000,1765359299999,T-1,S,2.0730999999999997,2.0755000000000003,2.067579999999998,2.0755000000000003,SL,-1.0
XRPUSDT,M15CONF,canonical,1765365899999,1765365900000,1765367999999,T-1,S,2.0669,2.0714,2.0565499999999997,2.0714,SL,-1.0
XRPUSDT,M15CONF,canonical,1765487099999,1765487100000,1765487999999,T+1,L,2.0305000000000004,2.0223999999999998,2.049130000000002,2.049130000000002,TP,2.3
XRPUSDT,M15CONF,canonical,1765508699999,1765508700000,1765509299999,T+1,L,2.0410000000000004,2.0378999999999996,2.0481300000000022,2.0378999999999996,SL,-1.0
XRPUSDT,M15CONF,canonical,1766468699999,1766468700000,1766470199999,NORMAL,S,1.8818,1.8849,1.8746699999999996,1.8849,SL,-1.0
XRPUSDT,M15CONF,canonical,1766555099999,1766555100000,1766555699999,NORMAL,S,1.8428,1.847,1.83314,1.847,SL,-1.0
XRPUSDT,M15CONF,canonical,1766978999999,1766979000000,1766979299999,NORMAL,L,1.8991,1.8956,1.9071500000000001,1.9071500000000001,TP,2.3
XRPUSDT,M15CONF,canonical,1766992799999,1766992800000,1766993999999,NORMAL,S,1.8929,1.8981999999999999,1.8807100000000003,1.8981999999999999,SL,-1.0
XRPUSDT,M15CONF,canonical,1767127199999,1767127200000,1767128699999,NORMAL,S,1.8681,1.8716,1.8600500000000004,1.8716,SL,-1.0
XRPUSDT,M15CONF,canonical,1767635699999,1767635700000,1767636599999,NORMAL,L,2.1974,2.1900999999999997,2.2141900000000008,2.2141900000000008,TP,2.3
XRPUSDT,M15CONF,canonical,1768996499999,1768996500000,1768996799999,NORMAL,S,1.8955,1.8984,1.8888299999999998,1.8888299999999998,TP,2.3
XRPUSDT,M15CONF,canonical,1769015699999,1769015700000,1769015999999,NORMAL,S,1.8737,1.8879,1.84104,1.8879,SL,-1.0
XRPUSDT,M15CONF,canonical,1769544599999,1769544600000,1769546999999,T-1,L,1.9141,1.9085,1.9269799999999995,1.9269799999999995,TP,2.3
XRPUSDT,M15CONF,canonical,1769713199999,1769713200000,1769713499999,T+1,S,1.7823,1.79,1.7645899999999999,1.79,SL,-1.0
XRPUSDT,M15CONF,canonical,1770138599999,1770138600000,1770142499999,NORMAL,S,1.5762,1.5864,1.55274,1.55274,TP,2.3
XRPUSDT,M15CONF,canonical,1770253199999,1770253200000,1770253799999,NORMAL,S,1.4881,1.4961,1.4697,1.4961,SL,-1.0
XRPUSDT,M15CONF,canonical,1770342599999,1770342600000,1770344699999,NORMAL,L,1.2801,1.2518,1.34519,1.2518,SL,-1.0
XRPUSDT,M15CONF,canonical,1770845399999,1770845400000,1770846899999,T-1,L,1.3921999999999999,1.3856,1.4073799999999996,1.3856,SL,-1.0
XRPUSDT,M15CONF,canonical,1770851399999,1770851400000,1770853499999,T-1,S,1.3673,1.3723,1.3557999999999997,1.3681,SESSION,-0.1600000000000231
XRPUSDT,M15CONF,canonical,1771369499999,1771369500000,1771370399999,NORMAL,S,1.4719,1.4744,1.46615,1.4744,SL,-1.0
XRPUSDT,M15CONF,canonical,1771385699999,1771385700000,1771389599999,NORMAL,L,1.4797,1.4759,1.48844,1.4759,SL,-1.0
XRPUSDT,M15CONF,canonical,1771497899999,1771497900000,1771498499999,NORMAL,S,1.4123,1.4142,1.4079300000000006,1.4079300000000006,TP,2.3
XRPUSDT,M15CONF,canonical,1771862699999,1771862700000,1771863299999,NORMAL,S,1.3632,1.3702,1.3470999999999997,1.3702,SL,-1.0
XRPUSDT,M15CONF,canonical,1771867799999,1771867800000,1771869599999,NORMAL,S,1.3554,1.3616,1.34114,1.3616,SL,-1.0
XRPUSDT,M15CONF,canonical,1772080199999,1772080200000,1772082599999,NORMAL,L,1.4533,1.4463,1.4694000000000003,1.4463,SL,-1.0
XRPUSDT,M15CONF,canonical,1772090999999,1772091000000,1772093699999,NORMAL,S,1.4363,1.4405,1.42664,1.4405,SL,-1.0
XRPUSDT,M15CONF,canonical,1773806399999,1773806400000,1773806999999,T-1,L,1.5385,1.5355,1.5453999999999997,1.5355,SL,-1.0
XRPUSDT,M15CONF,canonical,1773844799999,1773844800000,1773846299999,T-1,S,1.4511,1.4557,1.4405200000000002,1.4405200000000002,TP,2.3
XRPUSDT,M15CONF,canonical,1773954599999,1773954600000,1773958199999,T+1,L,1.4522,1.4493,1.4588699999999997,1.4493,SL,-1.0
XRPUSDT,M15CONF,canonical,1774274999999,1774275000000,1774280399999,NORMAL,L,1.4509,1.4407,1.4743600000000001,1.4484,EMA,-0.24509803921570314
XRPUSDT,M15CONF,canonical,1774407599999,1774407600000,1774409699999,NORMAL,S,1.4096,1.4114,1.40546,1.4114,SL,-1.0
XRPUSDT,M15CONF,canonical,1774864799999,1774864800000,1774867199999,NORMAL,S,1.3492,1.351,1.34506,1.34506,TP,2.3
XRPUSDT,M15CONF,canonical,1774893299999,1774893300000,1774895099999,NORMAL,S,1.3333,1.3356999999999999,1.32778,1.32778,TP,2.3
XRPUSDT,M15CONF,canonical,1775689199999,1775689200000,1775691899999,T-1,S,1.3437000000000001,1.3468,1.3365700000000005,1.3404,SESSION,1.064516129032325
XRPUSDT,M15CONF,canonical,1776149999999,1776150000000,1776150599999,NORMAL,L,1.3711,1.3695,1.3747800000000001,1.3747800000000001,TP,2.3
XRPUSDT,M15CONF,canonical,1776365399999,1776365400000,1776368699999,NORMAL,L,1.4447,1.4367,1.4631,1.4631,TP,2.3
XRPUSDT,M15CONF,canonical,1776618299999,1776618300000,1776619199999,NORMAL,S,1.4179,1.4226,1.4070899999999995,1.4226,SL,-1.0
XRPUSDT,M15CONF,canonical,1776669299999,1776669300000,1776669899999,NORMAL,L,1.4156,1.412,1.42388,1.42388,TP,2.3
XRPUSDT,M15CONF,canonical,1776740999999,1776741000000,1776742199999,NORMAL,S,1.4202,1.4219,1.4162899999999998,1.4219,SL,-1.0
XRPUSDT,M15CONF,canonical,1777464599999,1777464600000,1777465499999,T-1,S,1.3868,1.3883,1.3833499999999999,1.3833499999999999,TP,2.3
XRPUSDT,M15CONF,canonical,1778093399999,1778093400000,1778094299999,T-1,S,1.422,1.4248,1.4155599999999997,1.4248,SL,-1.0
XRPUSDT,M15CONF,canonical,1778663999999,1778664000000,1778664899999,T+1,L,1.4645,1.4628,1.4684099999999995,1.4628,SL,-1.0
XRPUSDT,M15CONF,canonical,1779085199999,1779085200000,1779086999999,NORMAL,S,1.3834,1.388,1.3728200000000002,1.388,SL,-1.0
XRPUSDT,M15CONF,canonical,1779323999999,1779324000000,1779324599999,NORMAL,L,1.3719,1.3705,1.3751199999999995,1.3751199999999995,TP,2.3
XRPUSDT,M15CONF,canonical,1779366599999,1779366600000,1779366899999,NORMAL,S,1.3613,1.3631,1.35716,1.3631,SL,-1.0
XRPUSDT,M15CONF,canonical,1779679199999,1779679200000,1779681299999,NORMAL,S,1.345,1.3466,1.3413199999999998,1.3466,SL,-1.0
XRPUSDT,M15CONF,canonical,1780055399999,1780055400000,1780056299999,NORMAL,S,1.3085,1.3117,1.3011399999999997,1.3117,SL,-1.0
XRPUSDT,M15CONF,canonical,1780057499999,1780057500000,1780058699999,NORMAL,S,1.3073,1.3093,1.3027,1.3027,TP,2.3
XRPUSDT,M15CONF,canonical,1780263599999,1780263600000,1780265099999,NORMAL,L,1.3334,1.3311,1.33869,1.3311,SL,-1.0
XRPUSDT,M15CONF,canonical,1780514699999,1780514700000,1780516199999,T-1,S,1.2066000000000001,1.2123,1.1934900000000006,1.2123,SL,-1.0
XRPUSDT,M15CONF,canonical,1780544699999,1780544700000,1780547699999,T-1,L,1.2091,1.205,1.2185300000000001,1.205,SL,-1.0
XRPUSDT,M15CONF,canonical,1781021699999,1781021700000,1781024699999,T-1,S,1.1262,1.1307,1.1158500000000002,1.1307,SL,-1.0
XRPUSDT,M15CONF,canonical,1781153399999,1781153400000,1781154299999,T+1,L,1.1208,1.1168,1.1300000000000001,1.1168,SL,-1.0
XRPUSDT,M15CONF,canonical,1781520599999,1781520600000,1781520899999,NORMAL,L,1.1867,1.1849,1.1908400000000001,1.1908400000000001,TP,2.3
XRPUSDT,M15CONF,canonical,1782321599999,1782321600000,1782324899999,NORMAL,S,1.0533,1.0589,1.04042,1.0578,EMA,-0.8035714285714519
XRPUSDT,M15CONF,canonical,1782437099999,1782437100000,1782440099999,NORMAL,S,1.0334,1.0368,1.0255800000000004,1.0255800000000004,TP,2.3
XRPUSDT,M15CONF,canonical,1782703499999,1782703500000,1782704399999,NORMAL,L,1.0531,1.0502,1.0597699999999997,1.0502,SL,-1.0
XRPUSDT,M15CONF,canonical,1782914399999,1782914400000,1782914699999,T-1,L,1.0491,1.0471,1.0536999999999999,1.0471,SL,-1.0
XRPUSDT,M15CONF,canonical,1783354199999,1783354200000,1783360499999,NORMAL,L,1.1472,1.1409,1.16169,1.1466,EMA,-0.09523809523808517
XRPUSDT,M15CONF,canonical,1783491599999,1783491600000,1783491899999,NORMAL,S,1.0891,1.0903,1.0863399999999999,1.0903,SL,-1.0
XRPUSDT,M15CONF,canonical,1783492199999,1783492200000,1783493699999,NORMAL,S,1.0887,1.091,1.08341,1.091,SL,-1.0
XRPUSDT,M15CONF,canonical,1783531199999,1783531200000,1783533299999,NORMAL,L,1.0879,1.0842,1.09641,1.0842,SL,-1.0
XRPUSDT,M15CONF,canonical,1783595999999,1783596000000,1783596899999,NORMAL,S,1.0901,1.0917,1.0864200000000004,1.0917,SL,-1.0
XRPUSDT,M15CONF,canonical,1783687799999,1783687800000,1783691099999,NORMAL,S,1.1078000000000001,1.1091,1.1048100000000005,1.1091,SL,-1.0
XRPUSDT,M15CONF,canonical,1783908299999,1783908300000,1783909199999,T-1,S,1.0767,1.0812,1.0663500000000001,1.0812,SL,-1.0
XRPUSDT,M15CONF,canonical,1784055299999,1784055300000,1784055899999,T+1,L,1.1096,1.1077,1.11397,1.11397,TP,2.3
XRPUSDT,M15CONF,canonical,1784766899999,1784766900000,1784767799999,NORMAL,L,1.1435,1.1419,1.14718,1.1419,SL,-1.0
XRPUSDT,M15CONF,canonical,1784773499999,1784773500000,1784774999999,NORMAL,S,1.1345,1.1371,1.1285200000000002,1.1371,SL,-1.0
XRPUSDT,M15CONF,canonical,1784809499999,1784809500000,1784810099999,NORMAL,S,1.1301,1.132,1.1257300000000006,1.1257300000000006,TP,2.3
XRPUSDT,M15CONF,canonical,1784831999999,1784832000000,1784832899999,NORMAL,S,1.1026,1.1045,1.09823,1.1045,SL,-1.0
XRPUSDT,M15CONF,canonical,1784851799999,1784851800000,1784854199999,NORMAL,S,1.1056,1.1076,1.101,1.1076,SL,-1.0
XRPUSDT,M15CONF,canonical,1785154799999,1785154800000,1785156599999,NORMAL,S,1.1015,1.1038,1.09621,1.1038,SL,-1.0
XRPUSDT,M15CONF,canonical,1785490799999,1785490800000,1785495299999,T+1,S,1.0722,1.0739,1.06829,1.0739,SL,-1.0
XRPUSDT,M15CONF,canonical,1785839099999,1785839100000,1785840299999,NORMAL,S,1.0703,1.0715999999999999,1.0673100000000004,1.0715999999999999,SL,-1.0
XRPUSDT,M15CONF,canonical,1785844199999,1785844200000,1785845999999,NORMAL,L,1.077,1.0752,1.08114,1.0752,SL,-1.0
XRPUSDT,M15CONF,fixed,1735693799999,1735693800000,1735694399999,NORMAL,L,2.1061,2.0991999999999997,2.121970000000001,2.0991999999999997,SL,-1.0
XRPUSDT,M15CONF,fixed,1735723499999,1735723500000,1735724099999,NORMAL,S,2.093,2.1011,2.0743699999999996,2.1011,SL,-1.0
XRPUSDT,M15CONF,fixed,1735798799999,1735798800000,1735804199999,NORMAL,S,2.3579,2.3713,2.327079999999999,2.3713,SL,-1.0
XRPUSDT,M15CONF,fixed,1735916999999,1735917000000,1735918499999,NORMAL,L,2.4391000000000003,2.4309,2.4579600000000013,2.4309,SL,-1.0
XRPUSDT,M15CONF,fixed,1737404099999,1737404100000,1737405299999,NORMAL,S,3.1050999999999997,3.1371,3.0314999999999985,3.1371,SL,-1.0
XRPUSDT,M15CONF,fixed,1737479399999,1737479400000,1737497999999,NORMAL,L,3.1941,3.1696,3.2504500000000007,3.1696,SL,-1.0
XRPUSDT,M15CONF,fixed,1737506999999,1737507000000,1737512099999,NORMAL,L,3.1929000000000003,3.1799,3.222800000000001,3.1799,SL,-1.0
XRPUSDT,M15CONF,fixed,1737623399999,1737623400000,1737623699999,NORMAL,S,3.0949999999999998,3.1083000000000003,3.0644099999999987,3.1083000000000003,SL,-1.0
XRPUSDT,M15CONF,fixed,1737642599999,1737642600000,1737642899999,NORMAL,L,3.1052000000000004,3.0987,3.120150000000001,3.120150000000001,TP,2.3
XRPUSDT,M15CONF,fixed,1737659099999,1737659100000,1737661199999,NORMAL,S,3.081,3.0937,3.0517899999999996,3.0937,SL,-1.0
XRPUSDT,M15CONF,fixed,1737707699999,1737707700000,1737714299999,NORMAL,L,3.1781,3.1683999999999997,3.200410000000001,3.1683999999999997,SL,-1.0
XRPUSDT,M15CONF,fixed,1737933299999,1737933300000,1737933599999,NORMAL,S,3.0540999999999996,3.0673000000000004,3.023739999999998,3.023739999999998,TP,2.3
XRPUSDT,M15CONF,fixed,1737956399999,1737956400000,1737958199999,NORMAL,S,2.9238999999999997,2.9438000000000004,2.8781299999999983,2.9438000000000004,SL,-1.0
XRPUSDT,M15CONF,fixed,1738127999999,1738128000000,1738138799999,T-1,L,3.1021,3.0915999999999997,3.126250000000001,3.126250000000001,TP,2.3
XRPUSDT,M15CONF,fixed,1738284599999,1738284600000,1738292999999,T+1,S,3.1083999999999996,3.1165000000000003,3.089769999999998,3.089769999999998,TP,2.3
XRPUSDT,M15CONF,fixed,1738311899999,1738311900000,1738316099999,T+1,S,3.0688,3.0754,3.0536199999999996,3.0754,SL,-1.0
XRPUSDT,M15CONF,fixed,1738515899999,1738515900000,1738516499999,NORMAL,S,2.6999,2.7301,2.6304399999999992,2.7301,SL,-1.0
XRPUSDT,M15CONF,fixed,1738563899999,1738563900000,1738565099999,NORMAL,L,2.3433,2.3009,2.4408200000000004,2.3009,SL,-1.0
XRPUSDT,M15CONF,fixed,1738655699999,1738655700000,1738656599999,NORMAL,S,2.4728999999999997,2.5017,2.4066599999999987,2.5017,SL,-1.0
XRPUSDT,M15CONF,fixed,1738667999999,1738668000000,1738670399999,NORMAL,L,2.6134000000000004,2.5921,2.6623900000000016,2.5921,SL,-1.0
XRPUSDT,M15CONF,fixed,1738674299999,1738674300000,1738676399999,NORMAL,L,2.6545,2.6264999999999996,2.718900000000001,2.6264999999999996,SL,-1.0
XRPUSDT,M15CONF,fixed,1739249699999,1739249700000,1739250299999,T-1,L,2.4726000000000004,2.4635999999999996,2.4933000000000023,2.4933000000000023,TP,2.3
XRPUSDT,M15CONF,fixed,1739391599999,1739391600000,1739393099999,T+1,L,2.4599,2.4486999999999997,2.4856600000000015,2.4486999999999997,SL,-1.0
XRPUSDT,M15CONF,fixed,1739777699999,1739777700000,1739779799999,NORMAL,S,2.6458,2.6615,2.609689999999999,2.6615,SL,-1.0
XRPUSDT,M15CONF,fixed,1739987399999,1739987400000,1739988899999,NORMAL,L,2.6787,2.6612999999999998,2.7187200000000007,2.6612999999999998,SL,-1.0
XRPUSDT,M15CONF,fixed,1740066899999,1740066900000,1740068099999,NORMAL,S,2.6723,2.6849000000000003,2.6433199999999992,2.6849000000000003,SL,-1.0
XRPUSDT,M15CONF,fixed,1740139799999,1740139800000,1740140099999,NORMAL,S,2.6439,2.6507,2.6282599999999996,2.6507,SL,-1.0
XRPUSDT,M15CONF,fixed,1740334199999,1740334200000,1740334499999,NORMAL,L,2.5636,2.5597,2.5725700000000007,2.5597,SL,-1.0
XRPUSDT,M15CONF,fixed,1740479099999,1740479100000,1740479399999,NORMAL,S,2.0705999999999998,2.1005000000000003,2.0018299999999987,2.1005000000000003,SL,-1.0
XRPUSDT,M15CONF,fixed,1740635999999,1740636000000,1740636599999,NORMAL,L,2.2183,2.211,2.235090000000001,2.211,SL,-1.0
XRPUSDT,M15CONF,fixed,1740653699999,1740653700000,1740656099999,NORMAL,L,2.2489000000000003,2.2384,2.2730500000000013,2.2384,SL,-1.0
XRPUSDT,M15CONF,fixed,1740715499999,1740715500000,1740715799999,NORMAL,S,2.0063,2.0275000000000003,1.9575399999999992,2.0275000000000003,SL,-1.0
XRPUSDT,M15CONF,fixed,1740756299999,1740756300000,1740759299999,NORMAL,L,2.1470000000000002,2.1268,2.1934600000000013,2.1268,SL,-1.0
XRPUSDT,M15CONF,fixed,1741087799999,1741087800000,1741088399999,NORMAL,L,2.3947000000000003,2.3815,2.425060000000001,2.3815,SL,-1.0
XRPUSDT,M15CONF,fixed,1741256099999,1741256100000,1741262999999,T-1,L,2.6081000000000003,2.5871999999999997,2.6561700000000017,2.5871999999999997,SL,-1.0
XRPUSDT,M15CONF,fixed,1741667399999,1741667400000,1741668299999,T-1,L,2.079,2.0635999999999997,2.1144200000000013,2.0635999999999997,SL,-1.0
XRPUSDT,M15CONF,fixed,1741868699999,1741868700000,1741869299999,T+1,L,2.3000000000000003,2.2878999999999996,2.327830000000002,2.327830000000002,TP,2.3
XRPUSDT,M15CONF,fixed,1742526899999,1742526900000,1742527499999,T+1,S,2.4132,2.4204000000000003,2.3966399999999988,2.4204000000000003,SL,-1.0
XRPUSDT,M15CONF,fixed,1742812499999,1742812500000,1742814299999,NORMAL,L,2.4723,2.4659999999999997,2.486790000000001,2.4659999999999997,SL,-1.0
XRPUSDT,M15CONF,fixed,1742952599999,1742952600000,1742953799999,NORMAL,L,2.4734000000000003,2.4667,2.4888100000000013,2.4667,SL,-1.0
XRPUSDT,M15CONF,fixed,1743054299999,1743054300000,1743054899999,NORMAL,S,2.3651999999999997,2.3685,2.357609999999999,2.357609999999999,TP,2.3
XRPUSDT,M15CONF,fixed,1743424499999,1743424500000,1743425699999,NORMAL,L,2.0853,2.0763,2.1060000000000008,2.1060000000000008,TP,2.3
XRPUSDT,M15CONF,fixed,1743476399999,1743476400000,1743477899999,NORMAL,L,2.1100000000000003,2.1035,2.124950000000001,2.1035,SL,-1.0
XRPUSDT,M15CONF,fixed,1743485399999,1743485400000,1743485999999,NORMAL,L,2.117,2.1149,2.12183,2.1149,SL,-1.0
XRPUSDT,M15CONF,fixed,1744175999999,1744176000000,1744179299999,T-1,L,1.8018,1.7924,1.8234200000000003,1.8234200000000003,TP,2.3
XRPUSDT,M15CONF,fixed,1744345799999,1744345800000,1744346399999,T+1,L,2.0099,2.0042999999999997,2.0227800000000005,2.0042999999999997,SL,-1.0
XRPUSDT,M15CONF,fixed,1744699799999,1744699800000,1744700699999,NORMAL,S,2.1363,2.1390000000000002,2.130089999999999,2.1390000000000002,SL,-1.0
XRPUSDT,M15CONF,fixed,1744802099999,1744802100000,1744802699999,NORMAL,L,2.0847,2.0806999999999998,2.0939000000000014,2.0806999999999998,SL,-1.0
XRPUSDT,M15CONF,fixed,1745215199999,1745215200000,1745226599999,NORMAL,L,2.1267,2.1210999999999998,2.1395800000000005,2.1395800000000005,TP,2.3
XRPUSDT,M15CONF,fixed,1745253599999,1745253600000,1745254199999,NORMAL,S,2.0999,2.1046,2.0890899999999997,2.0890899999999997,TP,2.3
XRPUSDT,M15CONF,fixed,1745454599999,1745454600000,1745455199999,NORMAL,S,2.2037999999999998,2.2111,2.187009999999999,2.2111,SL,-1.0
XRPUSDT,M15CONF,fixed,1745477699999,1745477700000,1745478899999,NORMAL,S,2.1658,2.1718,2.1519999999999992,2.1718,SL,-1.0
XRPUSDT,M15CONF,fixed,1745853599999,1745853600000,1745858099999,NORMAL,S,2.2687,2.2812,2.2399499999999994,2.2812,SL,-1.0
XRPUSDT,M15CONF,fixed,1746066299999,1746066300000,1746067799999,T-1,L,2.2148000000000003,2.2095,2.2269900000000016,2.2095,SL,-1.0
XRPUSDT,M15CONF,fixed,1746596399999,1746596400000,1746599999999,T-1,S,2.1361,2.1389,2.1296599999999994,2.1296599999999994,TP,2.3
XRPUSDT,M15CONF,fixed,1746989399999,1746989400000,1746990599999,T-1,L,2.3799,2.371,2.4003700000000006,2.371,SL,-1.0
XRPUSDT,M15CONF,fixed,1746991799999,1746991800000,1746992699999,T-1,L,2.3783000000000003,2.3724,2.3918700000000013,2.3724,SL,-1.0
XRPUSDT,M15CONF,fixed,1747591799999,1747591800000,1747592699999,NORMAL,S,2.3699,2.3831,2.339539999999999,2.3831,SL,-1.0
XRPUSDT,M15CONF,fixed,1747683599999,1747683600000,1747683899999,NORMAL,L,2.3832000000000004,2.3758999999999997,2.399990000000002,2.3758999999999997,SL,-1.0
XRPUSDT,M15CONF,fixed,1747949099999,1747949100000,1747951199999,NORMAL,S,2.4076,2.4134,2.3942599999999996,2.4134,SL,-1.0
XRPUSDT,M15CONF,fixed,1748221199999,1748221200000,1748221799999,NORMAL,L,2.3518000000000003,2.3444999999999996,2.368590000000002,2.3444999999999996,SL,-1.0
XRPUSDT,M15CONF,fixed,1748258999999,1748259000000,1748259899999,NORMAL,S,2.3318999999999996,2.3354000000000004,2.323849999999998,2.3354000000000004,SL,-1.0
XRPUSDT,M15CONF,fixed,1749140999999,1749141000000,1749150899999,T-1,S,2.1687,2.1768,2.1500699999999995,2.1500699999999995,TP,2.3
XRPUSDT,M15CONF,fixed,1749671999999,1749672000000,1749672899999,T+1,S,2.2821,2.2878000000000003,2.2689899999999987,2.2878000000000003,SL,-1.0
XRPUSDT,M15CONF,fixed,1749714899999,1749714900000,1749715199999,T+1,S,2.2333999999999996,2.2395,2.2193699999999987,2.2395,SL,-1.0
XRPUSDT,M15CONF,fixed,1750199699999,1750199700000,1750202699999,T-1,S,2.1473999999999998,2.1567000000000003,2.1260099999999986,2.1567000000000003,SL,-1.0
XRPUSDT,M15CONF,fixed,1751041799999,1751041800000,1751042099999,NORMAL,L,2.1059,2.0995999999999997,2.120390000000001,2.120390000000001,TP,2.3
XRPUSDT,M15CONF,fixed,1751428199999,1751428200000,1751438999999,T-1,L,2.1838,2.1797999999999997,2.1930000000000014,2.1930000000000014,TP,2.3
XRPUSDT,M15CONF,fixed,1751467199999,1751467200000,1751467799999,T-1,L,2.1921000000000004,2.1868,2.2042900000000016,2.1868,SL,-1.0
XRPUSDT,M15CONF,fixed,1751567999999,1751568000000,1751569499999,T+1,L,2.2707,2.2664,2.2805900000000006,2.2805900000000006,TP,2.3
XRPUSDT,M15CONF,fixed,1751606699999,1751606700000,1751606999999,T+1,S,2.2384999999999997,2.2414,2.231829999999999,2.2414,SL,-1.0
XRPUSDT,M15CONF,fixed,1751904599999,1751904600000,1751905199999,NORMAL,L,2.3531000000000004,2.3381,2.3876000000000017,2.3381,SL,-1.0
XRPUSDT,M15CONF,fixed,1752200399999,1752200400000,1752205499999,NORMAL,L,2.5767,2.5656999999999996,2.6020000000000016,2.5656999999999996,SL,-1.0
XRPUSDT,M15CONF,fixed,1752602099999,1752602100000,1752602999999,T+1,L,2.9346,2.9290999999999996,2.9472500000000013,2.9290999999999996,SL,-1.0
XRPUSDT,M15CONF,fixed,1752620699999,1752620700000,1752624599999,T+1,L,2.9223000000000003,2.909,2.9528900000000013,2.909,SL,-1.0
XRPUSDT,M15CONF,fixed,1753442699999,1753442700000,1753443899999,NORMAL,L,3.1460000000000004,3.1340999999999997,3.173370000000002,3.1340999999999997,SL,-1.0
XRPUSDT,M15CONF,fixed,1754327699999,1754327700000,1754328299999,NORMAL,L,3.0878,3.0761999999999996,3.1144800000000012,3.0761999999999996,SL,-1.0
XRPUSDT,M15CONF,fixed,1754388899999,1754388900000,1754389499999,NORMAL,L,3.0566000000000004,3.0507,3.0701700000000014,3.0507,SL,-1.0
XRPUSDT,M15CONF,fixed,1754504099999,1754504100000,1754504699999,NORMAL,L,3.0145000000000004,3.0058,3.034510000000002,3.0058,SL,-1.0
XRPUSDT,M15CONF,fixed,1754595899999,1754595900000,1754596799999,NORMAL,L,3.0725000000000002,3.065,3.089750000000001,3.089750000000001,TP,2.3
XRPUSDT,M15CONF,fixed,1755619199999,1755619200000,1755623399999,NORMAL,S,2.9248999999999996,2.9356000000000004,2.900289999999998,2.900289999999998,TP,2.3
XRPUSDT,M15CONF,fixed,1756104299999,1756104300000,1756106099999,NORMAL,S,2.9688,2.9763,2.9515499999999992,2.9515499999999992,TP,2.3
XRPUSDT,M15CONF,fixed,1756125899999,1756125900000,1756127999999,NORMAL,L,2.9613,2.9537,2.97878,2.9537,SL,-1.0
XRPUSDT,M15CONF,fixed,1756173899999,1756173900000,1756174499999,NORMAL,L,2.8841,2.8806999999999996,2.891920000000001,2.891920000000001,TP,2.3
XRPUSDT,M15CONF,fixed,1756317599999,1756317600000,1756319699999,NORMAL,L,3.0368000000000004,3.0286,3.0556600000000014,3.0286,SL,-1.0
XRPUSDT,M15CONF,fixed,1756960799999,1756960800000,1756961699999,T-1,L,2.8581000000000003,2.8508999999999998,2.8746600000000013,2.8508999999999998,SL,-1.0
XRPUSDT,M15CONF,fixed,1758232499999,1758232500000,1758233099999,T+1,S,3.086,3.0885000000000002,3.080249999999999,3.080249999999999,TP,2.3
XRPUSDT,M15CONF,fixed,1758820199999,1758820200000,1758821099999,NORMAL,S,2.7813,2.7929000000000004,2.7546199999999987,2.7546199999999987,TP,2.3
XRPUSDT,M15CONF,fixed,1759209899999,1759209900000,1759213799999,NORMAL,L,2.89,2.8848999999999996,2.9017300000000015,2.9017300000000015,TP,2.3
XRPUSDT,M15CONF,fixed,1759289399999,1759289400000,1759290899999,NORMAL,S,2.8251999999999997,2.8305000000000002,2.8130099999999985,2.8130099999999985,TP,2.3
XRPUSDT,M15CONF,fixed,1759346999999,1759347000000,1759349699999,NORMAL,L,2.9497000000000004,2.9446,2.961430000000002,2.9446,SL,-1.0
XRPUSDT,M15CONF,fixed,1759431899999,1759431900000,1759433399999,NORMAL,L,3.0629000000000004,3.0570999999999997,3.076240000000002,3.076240000000002,TP,2.3
XRPUSDT,M15CONF,fixed,1759734899999,1759734900000,1759736099999,NORMAL,L,2.9948,2.9875999999999996,3.0113600000000016,2.9875999999999996,SL,-1.0
XRPUSDT,M15CONF,fixed,1759790399999,1759790400000,1759791299999,NORMAL,S,2.9919,2.9974000000000003,2.9792499999999986,2.9974000000000003,SL,-1.0
XRPUSDT,M15CONF,fixed,1759820099999,1759820100000,1759825499999,NORMAL,S,2.9684,2.9745000000000004,2.954369999999999,2.954369999999999,TP,2.3
XRPUSDT,M15CONF,fixed,1760618399999,1760618400000,1760619599999,NORMAL,L,2.4623000000000004,2.4526,2.4846100000000013,2.4526,SL,-1.0
XRPUSDT,M15CONF,fixed,1761167399999,1761167400000,1761175199999,T-1,S,2.3428,2.3541000000000003,2.3168099999999994,2.3541000000000003,SL,-1.0
XRPUSDT,M15CONF,fixed,1761196199999,1761196200000,1761200399999,T-1,L,2.3889,2.3842,2.3997100000000002,2.3997100000000002,TP,2.3
XRPUSDT,M15CONF,fixed,1761683399999,1761683400000,1761683999999,T-1,S,2.5911,2.6069,2.55476,2.6069,SL,-1.0
XRPUSDT,M15CONF,fixed,1761907199999,1761907200000,1761908999999,T+1,L,2.4998,2.4936999999999996,2.513830000000001,2.4936999999999996,SL,-1.0
XRPUSDT,M15CONF,fixed,1762151399999,1762151400000,1762152599999,NORMAL,S,2.4135,2.4199,2.3987799999999995,2.3987799999999995,TP,2.3
XRPUSDT,M15CONF,fixed,1762241099999,1762241100000,1762241999999,NORMAL,S,2.238,2.2558000000000002,2.1970599999999996,2.2558000000000002,SL,-1.0
XRPUSDT,M15CONF,fixed,1762760399999,1762760400000,1762767599999,NORMAL,L,2.4803,2.4682999999999997,2.507900000000001,2.507900000000001,TP,2.3
XRPUSDT,M15CONF,fixed,1762836299999,1762836300000,1762839299999,NORMAL,S,2.5052999999999996,2.5155000000000003,2.4818399999999983,2.4818399999999983,TP,2.3
XRPUSDT,M15CONF,fixed,1763015099999,1763015100000,1763015999999,NORMAL,L,2.5136000000000003,2.5027,2.538670000000001,2.5027,SL,-1.0
XRPUSDT,M15CONF,fixed,1763041799999,1763041800000,1763044499999,NORMAL,S,2.4619999999999997,2.4718,2.439459999999999,2.4718,SL,-1.0
XRPUSDT,M15CONF,fixed,1763512499999,1763512500000,1763513099999,T-1,S,2.1995,2.2067,2.18294,2.2067,SL,-1.0
XRPUSDT,M15CONF,fixed,1763561999999,1763562000000,1763563499999,T-1,S,2.1119,2.1229,2.0866,2.1229,SL,-1.0
XRPUSDT,M15CONF,fixed,1763665499999,1763665500000,1763666699999,T+1,S,1.9734,1.9866,1.9430400000000003,1.9866,SL,-1.0
XRPUSDT,M15CONF,fixed,1764149099999,1764149100000,1764158699999,NORMAL,S,2.1790999999999996,2.1852,2.1650699999999987,2.1650699999999987,TP,2.3
XRPUSDT,M15CONF,fixed,1764274499999,1764274500000,1764274799999,NORMAL,L,2.2324,2.2287999999999997,2.240680000000001,2.2287999999999997,SL,-1.0
XRPUSDT,M15CONF,fixed,1764295499999,1764295500000,1764296099999,NORMAL,S,2.1704,2.1754000000000002,2.158899999999999,2.1754000000000002,SL,-1.0
XRPUSDT,M15CONF,fixed,1764696599999,1764696600000,1764706799999,NORMAL,L,2.1710000000000003,2.1580999999999997,2.2006700000000015,2.1580999999999997,SL,-1.0
XRPUSDT,M15CONF,fixed,1764823499999,1764823500000,1764827099999,NORMAL,S,2.1868999999999996,2.1914000000000002,2.176549999999998,2.176549999999998,TP,2.3
XRPUSDT,M15CONF,fixed,1765317299999,1765317300000,1765317599999,T-1,S,2.0881,2.0988,2.063489999999999,2.0988,SL,-1.0
XRPUSDT,M15CONF,fixed,1765357799999,1765357800000,1765359299999,T-1,S,2.0730999999999997,2.0755000000000003,2.067579999999998,2.0755000000000003,SL,-1.0
XRPUSDT,M15CONF,fixed,1765365899999,1765365900000,1765367999999,T-1,S,2.0669,2.0714,2.0565499999999997,2.0714,SL,-1.0
XRPUSDT,M15CONF,fixed,1765487099999,1765487100000,1765487999999,T+1,L,2.0305000000000004,2.0223999999999998,2.049130000000002,2.049130000000002,TP,2.3
XRPUSDT,M15CONF,fixed,1765508699999,1765508700000,1765509299999,T+1,L,2.0410000000000004,2.0378999999999996,2.0481300000000022,2.0378999999999996,SL,-1.0
XRPUSDT,M15CONF,fixed,1766468699999,1766468700000,1766470199999,NORMAL,S,1.8818,1.8849,1.8746699999999996,1.8849,SL,-1.0
XRPUSDT,M15CONF,fixed,1766555099999,1766555100000,1766555699999,NORMAL,S,1.8428,1.847,1.83314,1.847,SL,-1.0
XRPUSDT,M15CONF,fixed,1766978999999,1766979000000,1766979299999,NORMAL,L,1.8991,1.8956,1.9071500000000001,1.9071500000000001,TP,2.3
XRPUSDT,M15CONF,fixed,1766992799999,1766992800000,1766993999999,NORMAL,S,1.8929,1.8981999999999999,1.8807100000000003,1.8981999999999999,SL,-1.0
XRPUSDT,M15CONF,fixed,1767127199999,1767127200000,1767128699999,NORMAL,S,1.8681,1.8716,1.8600500000000004,1.8716,SL,-1.0
XRPUSDT,M15CONF,fixed,1767635699999,1767635700000,1767636599999,NORMAL,L,2.1974,2.1900999999999997,2.2141900000000008,2.2141900000000008,TP,2.3
XRPUSDT,M15CONF,fixed,1768996499999,1768996500000,1768996799999,NORMAL,S,1.8955,1.8984,1.8888299999999998,1.8888299999999998,TP,2.3
XRPUSDT,M15CONF,fixed,1769015699999,1769015700000,1769015999999,NORMAL,S,1.8737,1.8879,1.84104,1.8879,SL,-1.0
XRPUSDT,M15CONF,fixed,1769544599999,1769544600000,1769546999999,T-1,L,1.9141,1.9085,1.9269799999999995,1.9269799999999995,TP,2.3
XRPUSDT,M15CONF,fixed,1769713199999,1769713200000,1769713499999,T+1,S,1.7823,1.79,1.7645899999999999,1.79,SL,-1.0
XRPUSDT,M15CONF,fixed,1770138599999,1770138600000,1770142499999,NORMAL,S,1.5762,1.5864,1.55274,1.55274,TP,2.3
XRPUSDT,M15CONF,fixed,1770253199999,1770253200000,1770253799999,NORMAL,S,1.4881,1.4961,1.4697,1.4961,SL,-1.0
XRPUSDT,M15CONF,fixed,1770342599999,1770342600000,1770344699999,NORMAL,L,1.2801,1.2518,1.34519,1.2518,SL,-1.0
XRPUSDT,M15CONF,fixed,1770845399999,1770845400000,1770846899999,T-1,L,1.3921999999999999,1.3856,1.4073799999999996,1.3856,SL,-1.0
XRPUSDT,M15CONF,fixed,1770851399999,1770851400000,1770854999999,T-1,S,1.3673,1.3723,1.3557999999999997,1.3723,SL,-1.0
XRPUSDT,M15CONF,fixed,1771369499999,1771369500000,1771370399999,NORMAL,S,1.4719,1.4744,1.46615,1.4744,SL,-1.0
XRPUSDT,M15CONF,fixed,1771385699999,1771385700000,1771389599999,NORMAL,L,1.4797,1.4759,1.48844,1.4759,SL,-1.0
XRPUSDT,M15CONF,fixed,1771497899999,1771497900000,1771498499999,NORMAL,S,1.4123,1.4142,1.4079300000000006,1.4079300000000006,TP,2.3
XRPUSDT,M15CONF,fixed,1771862699999,1771862700000,1771863299999,NORMAL,S,1.3632,1.3702,1.3470999999999997,1.3702,SL,-1.0
XRPUSDT,M15CONF,fixed,1771867799999,1771867800000,1771869599999,NORMAL,S,1.3554,1.3616,1.34114,1.3616,SL,-1.0
XRPUSDT,M15CONF,fixed,1772080199999,1772080200000,1772082599999,NORMAL,L,1.4533,1.4463,1.4694000000000003,1.4463,SL,-1.0
XRPUSDT,M15CONF,fixed,1772090999999,1772091000000,1772093699999,NORMAL,S,1.4363,1.4405,1.42664,1.4405,SL,-1.0
XRPUSDT,M15CONF,fixed,1773806399999,1773806400000,1773806999999,T-1,L,1.5385,1.5355,1.5453999999999997,1.5355,SL,-1.0
XRPUSDT,M15CONF,fixed,1773844799999,1773844800000,1773846299999,T-1,S,1.4511,1.4557,1.4405200000000002,1.4405200000000002,TP,2.3
XRPUSDT,M15CONF,fixed,1773954599999,1773954600000,1773958199999,T+1,L,1.4522,1.4493,1.4588699999999997,1.4493,SL,-1.0
XRPUSDT,M15CONF,fixed,1774274999999,1774275000000,1774281299999,NORMAL,L,1.4509,1.4407,1.4743600000000001,1.4407,SL,-1.0
XRPUSDT,M15CONF,fixed,1774407599999,1774407600000,1774409699999,NORMAL,S,1.4096,1.4114,1.40546,1.4114,SL,-1.0
XRPUSDT,M15CONF,fixed,1774864799999,1774864800000,1774867199999,NORMAL,S,1.3492,1.351,1.34506,1.34506,TP,2.3
XRPUSDT,M15CONF,fixed,1774893299999,1774893300000,1774895099999,NORMAL,S,1.3333,1.3356999999999999,1.32778,1.32778,TP,2.3
XRPUSDT,M15CONF,fixed,1775689199999,1775689200000,1775694599999,T-1,S,1.3437000000000001,1.3468,1.3365700000000005,1.3365700000000005,TP,2.3
XRPUSDT,M15CONF,fixed,1776149999999,1776150000000,1776150599999,NORMAL,L,1.3711,1.3695,1.3747800000000001,1.3747800000000001,TP,2.3
XRPUSDT,M15CONF,fixed,1776365399999,1776365400000,1776368699999,NORMAL,L,1.4447,1.4367,1.4631,1.4631,TP,2.3
XRPUSDT,M15CONF,fixed,1776618299999,1776618300000,1776619199999,NORMAL,S,1.4179,1.4226,1.4070899999999995,1.4226,SL,-1.0
XRPUSDT,M15CONF,fixed,1776669299999,1776669300000,1776669899999,NORMAL,L,1.4156,1.412,1.42388,1.42388,TP,2.3
XRPUSDT,M15CONF,fixed,1776740999999,1776741000000,1776742199999,NORMAL,S,1.4202,1.4219,1.4162899999999998,1.4219,SL,-1.0
XRPUSDT,M15CONF,fixed,1777464599999,1777464600000,1777465499999,T-1,S,1.3868,1.3883,1.3833499999999999,1.3833499999999999,TP,2.3
XRPUSDT,M15CONF,fixed,1778093399999,1778093400000,1778094299999,T-1,S,1.422,1.4248,1.4155599999999997,1.4248,SL,-1.0
XRPUSDT,M15CONF,fixed,1778663999999,1778664000000,1778664899999,T+1,L,1.4645,1.4628,1.4684099999999995,1.4628,SL,-1.0
XRPUSDT,M15CONF,fixed,1779085199999,1779085200000,1779086999999,NORMAL,S,1.3834,1.388,1.3728200000000002,1.388,SL,-1.0
XRPUSDT,M15CONF,fixed,1779323999999,1779324000000,1779324599999,NORMAL,L,1.3719,1.3705,1.3751199999999995,1.3751199999999995,TP,2.3
XRPUSDT,M15CONF,fixed,1779366599999,1779366600000,1779366899999,NORMAL,S,1.3613,1.3631,1.35716,1.3631,SL,-1.0
XRPUSDT,M15CONF,fixed,1779679199999,1779679200000,1779681299999,NORMAL,S,1.345,1.3466,1.3413199999999998,1.3466,SL,-1.0
XRPUSDT,M15CONF,fixed,1780055399999,1780055400000,1780056299999,NORMAL,S,1.3085,1.3117,1.3011399999999997,1.3117,SL,-1.0
XRPUSDT,M15CONF,fixed,1780057499999,1780057500000,1780058699999,NORMAL,S,1.3073,1.3093,1.3027,1.3027,TP,2.3
XRPUSDT,M15CONF,fixed,1780263599999,1780263600000,1780265099999,NORMAL,L,1.3334,1.3311,1.33869,1.3311,SL,-1.0
XRPUSDT,M15CONF,fixed,1780514699999,1780514700000,1780516199999,T-1,S,1.2066000000000001,1.2123,1.1934900000000006,1.2123,SL,-1.0
XRPUSDT,M15CONF,fixed,1780544699999,1780544700000,1780547699999,T-1,L,1.2091,1.205,1.2185300000000001,1.205,SL,-1.0
XRPUSDT,M15CONF,fixed,1781021699999,1781021700000,1781024699999,T-1,S,1.1262,1.1307,1.1158500000000002,1.1307,SL,-1.0
XRPUSDT,M15CONF,fixed,1781153399999,1781153400000,1781154299999,T+1,L,1.1208,1.1168,1.1300000000000001,1.1168,SL,-1.0
XRPUSDT,M15CONF,fixed,1781520599999,1781520600000,1781520899999,NORMAL,L,1.1867,1.1849,1.1908400000000001,1.1908400000000001,TP,2.3
XRPUSDT,M15CONF,fixed,1782321599999,1782321600000,1782325199999,NORMAL,S,1.0533,1.0589,1.04042,1.0589,SL,-1.0
XRPUSDT,M15CONF,fixed,1782437099999,1782437100000,1782440099999,NORMAL,S,1.0334,1.0368,1.0255800000000004,1.0255800000000004,TP,2.3
XRPUSDT,M15CONF,fixed,1782703499999,1782703500000,1782704399999,NORMAL,L,1.0531,1.0502,1.0597699999999997,1.0502,SL,-1.0
XRPUSDT,M15CONF,fixed,1782914399999,1782914400000,1782914699999,T-1,L,1.0491,1.0471,1.0536999999999999,1.0471,SL,-1.0
XRPUSDT,M15CONF,fixed,1783354199999,1783354200000,1783361999999,NORMAL,L,1.1472,1.1409,1.16169,1.1409,SL,-1.0
XRPUSDT,M15CONF,fixed,1783491599999,1783491600000,1783491899999,NORMAL,S,1.0891,1.0903,1.0863399999999999,1.0903,SL,-1.0
XRPUSDT,M15CONF,fixed,1783492199999,1783492200000,1783493699999,NORMAL,S,1.0887,1.091,1.08341,1.091,SL,-1.0
XRPUSDT,M15CONF,fixed,1783531199999,1783531200000,1783533299999,NORMAL,L,1.0879,1.0842,1.09641,1.0842,SL,-1.0
XRPUSDT,M15CONF,fixed,1783595999999,1783596000000,1783596899999,NORMAL,S,1.0901,1.0917,1.0864200000000004,1.0917,SL,-1.0
XRPUSDT,M15CONF,fixed,1783687799999,1783687800000,1783691099999,NORMAL,S,1.1078000000000001,1.1091,1.1048100000000005,1.1091,SL,-1.0
XRPUSDT,M15CONF,fixed,1783908299999,1783908300000,1783909199999,T-1,S,1.0767,1.0812,1.0663500000000001,1.0812,SL,-1.0
XRPUSDT,M15CONF,fixed,1784055299999,1784055300000,1784055899999,T+1,L,1.1096,1.1077,1.11397,1.11397,TP,2.3
XRPUSDT,M15CONF,fixed,1784766899999,1784766900000,1784767799999,NORMAL,L,1.1435,1.1419,1.14718,1.1419,SL,-1.0
XRPUSDT,M15CONF,fixed,1784773499999,1784773500000,1784774999999,NORMAL,S,1.1345,1.1371,1.1285200000000002,1.1371,SL,-1.0
XRPUSDT,M15CONF,fixed,1784809499999,1784809500000,1784810099999,NORMAL,S,1.1301,1.132,1.1257300000000006,1.1257300000000006,TP,2.3
XRPUSDT,M15CONF,fixed,1784831999999,1784832000000,1784832899999,NORMAL,S,1.1026,1.1045,1.09823,1.1045,SL,-1.0
XRPUSDT,M15CONF,fixed,1784851799999,1784851800000,1784854199999,NORMAL,S,1.1056,1.1076,1.101,1.1076,SL,-1.0
XRPUSDT,M15CONF,fixed,1785154799999,1785154800000,1785156599999,NORMAL,S,1.1015,1.1038,1.09621,1.1038,SL,-1.0
XRPUSDT,M15CONF,fixed,1785490799999,1785490800000,1785495299999,T+1,S,1.0722,1.0739,1.06829,1.0739,SL,-1.0
XRPUSDT,M15CONF,fixed,1785839099999,1785839100000,1785840299999,NORMAL,S,1.0703,1.0715999999999999,1.0673100000000004,1.0715999999999999,SL,-1.0
XRPUSDT,M15CONF,fixed,1785844199999,1785844200000,1785845999999,NORMAL,L,1.077,1.0752,1.08114,1.0752,SL,-1.0
XRPUSDT,COST06_M15,canonical,1737404099999,1737404100000,1737405299999,NORMAL,S,3.1050999999999997,3.1371,3.0314999999999985,3.1371,SL,-1.0
XRPUSDT,COST06_M15,canonical,1737479399999,1737479400000,1737486299999,NORMAL,L,3.1941,3.1696,3.2504500000000007,3.201,EMA,0.2816326530612185
XRPUSDT,COST06_M15,canonical,1737956399999,1737956400000,1737958199999,NORMAL,S,2.9238999999999997,2.9438000000000004,2.8781299999999983,2.9438000000000004,SL,-1.0
XRPUSDT,COST06_M15,canonical,1738515899999,1738515900000,1738516499999,NORMAL,S,2.6999,2.7301,2.6304399999999992,2.7301,SL,-1.0
XRPUSDT,COST06_M15,canonical,1738563899999,1738563900000,1738565099999,NORMAL,L,2.3433,2.3009,2.4408200000000004,2.3009,SL,-1.0
XRPUSDT,COST06_M15,canonical,1738655699999,1738655700000,1738656599999,NORMAL,S,2.4728999999999997,2.5017,2.4066599999999987,2.5017,SL,-1.0
XRPUSDT,COST06_M15,canonical,1738667999999,1738668000000,1738670399999,NORMAL,L,2.6134000000000004,2.5921,2.6623900000000016,2.5921,SL,-1.0
XRPUSDT,COST06_M15,canonical,1738674299999,1738674300000,1738676399999,NORMAL,L,2.6545,2.6264999999999996,2.718900000000001,2.6264999999999996,SL,-1.0
XRPUSDT,COST06_M15,canonical,1739987399999,1739987400000,1739988899999,NORMAL,L,2.6787,2.6612999999999998,2.7187200000000007,2.6612999999999998,SL,-1.0
XRPUSDT,COST06_M15,canonical,1740479099999,1740479100000,1740479399999,NORMAL,S,2.0705999999999998,2.1005000000000003,2.0018299999999987,2.1005000000000003,SL,-1.0
XRPUSDT,COST06_M15,canonical,1740715499999,1740715500000,1740715799999,NORMAL,S,2.0063,2.0275000000000003,1.9575399999999992,2.0275000000000003,SL,-1.0
XRPUSDT,COST06_M15,canonical,1740756299999,1740756300000,1740759299999,NORMAL,L,2.1470000000000002,2.1268,2.1934600000000013,2.1268,SL,-1.0
XRPUSDT,COST06_M15,canonical,1741256099999,1741256100000,1741262399999,T-1,L,2.6081000000000003,2.5871999999999997,2.6561700000000017,2.6097,EMA,0.0765550239234344
XRPUSDT,COST06_M15,canonical,1741667399999,1741667400000,1741668299999,T-1,L,2.079,2.0635999999999997,2.1144200000000013,2.0635999999999997,SL,-1.0
XRPUSDT,COST06_M15,canonical,1751904599999,1751904600000,1751905199999,NORMAL,L,2.3531000000000004,2.3381,2.3876000000000017,2.3381,SL,-1.0
XRPUSDT,COST06_M15,canonical,1761683399999,1761683400000,1761683999999,T-1,S,2.5911,2.6069,2.55476,2.6069,SL,-1.0
XRPUSDT,COST06_M15,canonical,1762241099999,1762241100000,1762241999999,NORMAL,S,2.238,2.2558000000000002,2.1970599999999996,2.2558000000000002,SL,-1.0
XRPUSDT,COST06_M15,canonical,1763665499999,1763665500000,1763666699999,T+1,S,1.9734,1.9866,1.9430400000000003,1.9866,SL,-1.0
XRPUSDT,COST06_M15,canonical,1769015699999,1769015700000,1769015999999,NORMAL,S,1.8737,1.8879,1.84104,1.8879,SL,-1.0
XRPUSDT,COST06_M15,canonical,1770138599999,1770138600000,1770142499999,NORMAL,S,1.5762,1.5864,1.55274,1.55274,TP,2.3
XRPUSDT,COST06_M15,canonical,1770342599999,1770342600000,1770344699999,NORMAL,L,1.2801,1.2518,1.34519,1.2518,SL,-1.0
XRPUSDT,COST06_M15,canonical,1774274999999,1774275000000,1774280399999,NORMAL,L,1.4509,1.4407,1.4743600000000001,1.4484,EMA,-0.24509803921570314
XRPUSDT,COST06_M15,fixed,1737404099999,1737404100000,1737405299999,NORMAL,S,3.1050999999999997,3.1371,3.0314999999999985,3.1371,SL,-1.0
XRPUSDT,COST06_M15,fixed,1737479399999,1737479400000,1737497999999,NORMAL,L,3.1941,3.1696,3.2504500000000007,3.1696,SL,-1.0
XRPUSDT,COST06_M15,fixed,1737956399999,1737956400000,1737958199999,NORMAL,S,2.9238999999999997,2.9438000000000004,2.8781299999999983,2.9438000000000004,SL,-1.0
XRPUSDT,COST06_M15,fixed,1738515899999,1738515900000,1738516499999,NORMAL,S,2.6999,2.7301,2.6304399999999992,2.7301,SL,-1.0
XRPUSDT,COST06_M15,fixed,1738563899999,1738563900000,1738565099999,NORMAL,L,2.3433,2.3009,2.4408200000000004,2.3009,SL,-1.0
XRPUSDT,COST06_M15,fixed,1738655699999,1738655700000,1738656599999,NORMAL,S,2.4728999999999997,2.5017,2.4066599999999987,2.5017,SL,-1.0
XRPUSDT,COST06_M15,fixed,1738667999999,1738668000000,1738670399999,NORMAL,L,2.6134000000000004,2.5921,2.6623900000000016,2.5921,SL,-1.0
XRPUSDT,COST06_M15,fixed,1738674299999,1738674300000,1738676399999,NORMAL,L,2.6545,2.6264999999999996,2.718900000000001,2.6264999999999996,SL,-1.0
XRPUSDT,COST06_M15,fixed,1739987399999,1739987400000,1739988899999,NORMAL,L,2.6787,2.6612999999999998,2.7187200000000007,2.6612999999999998,SL,-1.0
XRPUSDT,COST06_M15,fixed,1740479099999,1740479100000,1740479399999,NORMAL,S,2.0705999999999998,2.1005000000000003,2.0018299999999987,2.1005000000000003,SL,-1.0
XRPUSDT,COST06_M15,fixed,1740715499999,1740715500000,1740715799999,NORMAL,S,2.0063,2.0275000000000003,1.9575399999999992,2.0275000000000003,SL,-1.0
XRPUSDT,COST06_M15,fixed,1740756299999,1740756300000,1740759299999,NORMAL,L,2.1470000000000002,2.1268,2.1934600000000013,2.1268,SL,-1.0
XRPUSDT,COST06_M15,fixed,1741256099999,1741256100000,1741262999999,T-1,L,2.6081000000000003,2.5871999999999997,2.6561700000000017,2.5871999999999997,SL,-1.0
XRPUSDT,COST06_M15,fixed,1741667399999,1741667400000,1741668299999,T-1,L,2.079,2.0635999999999997,2.1144200000000013,2.0635999999999997,SL,-1.0
XRPUSDT,COST06_M15,fixed,1751904599999,1751904600000,1751905199999,NORMAL,L,2.3531000000000004,2.3381,2.3876000000000017,2.3381,SL,-1.0
XRPUSDT,COST06_M15,fixed,1761683399999,1761683400000,1761683999999,T-1,S,2.5911,2.6069,2.55476,2.6069,SL,-1.0
XRPUSDT,COST06_M15,fixed,1762241099999,1762241100000,1762241999999,NORMAL,S,2.238,2.2558000000000002,2.1970599999999996,2.2558000000000002,SL,-1.0
XRPUSDT,COST06_M15,fixed,1763665499999,1763665500000,1763666699999,T+1,S,1.9734,1.9866,1.9430400000000003,1.9866,SL,-1.0
XRPUSDT,COST06_M15,fixed,1769015699999,1769015700000,1769015999999,NORMAL,S,1.8737,1.8879,1.84104,1.8879,SL,-1.0
XRPUSDT,COST06_M15,fixed,1770138599999,1770138600000,1770142499999,NORMAL,S,1.5762,1.5864,1.55274,1.55274,TP,2.3
XRPUSDT,COST06_M15,fixed,1770342599999,1770342600000,1770344699999,NORMAL,L,1.2801,1.2518,1.34519,1.2518,SL,-1.0
XRPUSDT,COST06_M15,fixed,1774274999999,1774275000000,1774281299999,NORMAL,L,1.4509,1.4407,1.4743600000000001,1.4407,SL,-1.0
